avg_speed_kmh,grade,vehicle_mass,battery_capacity_kwh,soc_percent,distance_km,remaining_energy_kwh,remaining_range_km
80.11150117432088,-9.588310114083951,1686.9021545015712,192.11428902558657,76.24275376909434,0.3337979215596703,146.4732243370242,63.1423340866183
80.11150117432088,-9.588310114083951,1686.9021545015712,192.11428902558657,75.83970131450504,0.3337979215596703,145.6989029794898,62.808536165058634
80.11150117432088,-9.588310114083951,1686.9021545015712,192.11428902558657,75.43664885991573,0.3337979215596703,144.92458162195538,62.47473824349897
80.11150117432088,-9.588310114083951,1686.9021545015712,192.11428902558657,75.03359640532643,0.3337979215596703,144.15026026442095,62.14094032193929
80.11150117432088,-9.588310114083951,1686.9021545015712,192.11428902558657,74.63054395073713,0.3337979215596703,143.37593890688657,61.80714240037964
80.11150117432088,-9.588310114083951,1686.9021545015712,192.11428902558657,74.22749149614783,0.3337979215596703,142.60161754935214,61.47334447881996
80.11150117432088,-9.588310114083951,1686.9021545015712,192.11428902558657,73.82443904155853,0.3337979215596703,141.82729619181774,61.139546557260296
80.11150117432088,-9.588310114083951,1686.9021545015712,192.11428902558657,73.42138658696923,0.3337979215596703,141.05297483428333,60.80574863570063
80.11150117432088,-9.588310114083951,1686.9021545015712,192.11428902558657,73.01833413237993,0.3337979215596703,140.27865347674893,60.47195071414097
80.11150117432088,-9.588310114083951,1686.9021545015712,192.11428902558657,72.61528167779063,0.3337979215596703,139.5043321192145,60.13815279258129
80.11150117432088,-9.588310114083951,1686.9021545015712,192.11428902558657,72.21222922320133,0.3337979215596703,138.7300107616801,59.80435487102162
80.11150117432088,-9.588310114083951,1686.9021545015712,192.11428902558657,71.80917676861203,0.3337979215596703,137.9556894041457,59.47055694946196
80.11150117432088,-9.588310114083951,1686.9021545015712,192.11428902558657,71.40612431402273,0.3337979215596703,137.18136804661128,59.13675902790229
80.11150117432088,-9.588310114083951,1686.9021545015712,192.11428902558657,71.00307185943343,0.3337979215596703,136.40704668907688,58.80296110634263
80.11150117432088,-9.588310114083951,1686.9021545015712,192.11428902558657,70.60001940484413,0.3337979215596703,135.63272533154245,58.46916318478295
80.11150117432088,-9.588310114083951,1686.9021545015712,192.11428902558657,70.19696695025483,0.3337979215596703,134.85840397400807,58.1353652632233
80.11150117432088,-9.588310114083951,1686.9021545015712,192.11428902558657,69.79391449566553,0.3337979215596703,134.08408261647364,57.80156734166362
80.11150117432088,-9.588310114083951,1686.9021545015712,192.11428902558657,69.39086204107623,0.3337979215596703,133.30976125893923,57.467769420103956
80.11150117432088,-9.588310114083951,1686.9021545015712,192.11428902558657,68.98780958648693,0.3337979215596703,132.53543990140483,57.13397149854429
80.11150117432088,-9.588310114083951,1686.9021545015712,192.11428902558657,68.58475713189763,0.3337979215596703,131.76111854387042,56.800173576984626
80.11150117432088,-9.588310114083951,1686.9021545015712,192.11428902558657,68.18170467730833,0.3337979215596703,130.986797186336,56.466375655424955
80.11150117432088,-9.588310114083951,1686.9021545015712,192.11428902558657,67.77865222271903,0.3337979215596703,130.2124758288016,56.13257773386529
80.11150117432088,-9.588310114083951,1686.9021545015712,192.11428902558657,67.37559976812973,0.3337979215596703,129.43815447126718,55.798779812305625
80.11150117432088,-9.588310114083951,1686.9021545015712,192.11428902558657,66.97254731354043,0.3337979215596703,128.66383311373278,55.46498189074596
80.11150117432088,-9.588310114083951,1686.9021545015712,192.11428902558657,66.56949485895113,0.3337979215596703,127.88951175619836,55.13118396918629
80.11150117432088,-9.588310114083951,1686.9021545015712,192.11428902558657,66.16644240436183,0.3337979215596703,127.11519039866397,54.79738604762663
80.11150117432088,-9.588310114083951,1686.9021545015712,192.11428902558657,65.76338994977253,0.3337979215596703,126.34086904112955,54.46358812606696
80.11150117432088,-9.588310114083951,1686.9021545015712,192.11428902558657,65.36033749518323,0.3337979215596703,125.56654768359515,54.129790204507295
80.11150117432088,-9.588310114083951,1686.9021545015712,192.11428902558657,64.95728504059393,0.3337979215596703,124.79222632606073,53.79599228294762
80.11150117432088,-9.588310114083951,1686.9021545015712,192.11428902558657,64.55423258600463,0.3337979215596703,124.01790496852634,53.462194361387965
80.11150117432088,-9.588310114083951,1686.9021545015712,192.11428902558657,64.15118013141533,0.3337979215596703,123.24358361099192,53.12839643982829
80.11150117432088,-9.588310114083951,1686.9021545015712,192.11428902558657,63.74812767682602,0.3337979215596703,122.4692622534575,52.79459851826862
80.11150117432088,-9.588310114083951,1686.9021545015712,192.11428902558657,63.345075222236716,0.3337979215596703,121.69494089592307,52.46080059670894
80.11150117432088,-9.588310114083951,1686.9021545015712,192.11428902558657,62.94202276764741,0.3337979215596703,120.92061953838865,52.12700267514928
80.11150117432088,-9.588310114083951,1686.9021545015712,192.11428902558657,62.5389703130581,0.3337979215596703,120.14629818085423,51.793204753589606
80.11150117432088,-9.588310114083951,1686.9021545015712,192.11428902558657,62.135917858468794,0.3337979215596703,119.3719768233198,51.45940683202993
80.11150117432088,-9.588310114083951,1686.9021545015712,192.11428902558657,61.73286540387949,0.3337979215596703,118.59765546578538,51.125608910470255
80.11150117432088,-9.588310114083951,1686.9021545015712,192.11428902558657,61.32981294929018,0.3337979215596703,117.82333410825095,50.791810988910576
80.11150117432088,-9.588310114083951,1686.9021545015712,192.11428902558657,60.92676049470087,0.3337979215596703,117.04901275071653,50.458013067350905
80.11150117432088,-9.588310114083951,1686.9021545015712,192.11428902558657,60.523708040111565,0.3337979215596703,116.27469139318211,50.12421514579124
80.11150117432088,-9.588310114083951,1686.9021545015712,192.11428902558657,60.12065558552226,0.3337979215596703,115.50037003564768,49.79041722423156
80.11150117432088,-9.588310114083951,1686.9021545015712,192.11428902558657,59.71760313093295,0.3337979215596703,114.72604867811326,49.45661930267189
80.11150117432088,-9.588310114083951,1686.9021545015712,192.11428902558657,59.31455067634364,0.3337979215596703,113.95172732057885,49.122821381112225
80.11150117432088,-9.588310114083951,1686.9021545015712,192.11428902558657,58.911498221754336,0.3337979215596703,113.17740596304441,48.78902345955254
80.11150117432088,-9.588310114083951,1686.9021545015712,192.11428902558657,58.50844576716503,0.3337979215596703,112.40308460551,48.455225537992874
80.11150117432088,-9.588310114083951,1686.9021545015712,192.11428902558657,58.10539331257572,0.3337979215596703,111.62876324797558,48.12142761643321
80.11150117432088,-9.588310114083951,1686.9021545015712,192.11428902558657,57.702340857986414,0.3337979215596703,110.85444189044115,47.78762969487353
80.11150117432088,-9.588310114083951,1686.9021545015712,192.11428902558657,57.29928840339711,0.3337979215596703,110.08012053290673,47.45383177331386
80.11150117432088,-9.588310114083951,1686.9021545015712,192.11428902558657,56.8962359488078,0.3337979215596703,109.3057991753723,47.12003385175418
80.11150117432088,-9.588310114083951,1686.9021545015712,192.11428902558657,56.49318349421849,0.3337979215596703,108.53147781783788,46.78623593019451
80.11150117432088,-9.588310114083951,1686.9021545015712,192.11428902558657,56.090131039629185,0.3337979215596703,107.75715646030346,46.45243800863484
80.11150117432088,-9.588310114083951,1686.9021545015712,192.11428902558657,55.68707858503988,0.3337979215596703,106.98283510276903,46.118640087075164
80.11150117432088,-9.588310114083951,1686.9021545015712,192.11428902558657,55.28402613045057,0.3337979215596703,106.20851374523461,45.78484216551549
80.11150117432088,-9.588310114083951,1686.9021545015712,192.11428902558657,54.88097367586126,0.3337979215596703,105.4341923877002,45.45104424395582
80.11150117432088,-9.588310114083951,1686.9021545015712,192.11428902558657,54.477921221271956,0.3337979215596703,104.65987103016576,45.11724632239614
80.11150117432088,-9.588310114083951,1686.9021545015712,192.11428902558657,54.07486876668265,0.3337979215596703,103.88554967263134,44.78344840083648
80.11150117432088,-9.588310114083951,1686.9021545015712,192.11428902558657,53.67181631209334,0.3337979215596703,103.11122831509692,44.449650479276805
80.11150117432088,-9.588310114083951,1686.9021545015712,192.11428902558657,53.268763857504034,0.3337979215596703,102.33690695756249,44.115852557717126
80.11150117432088,-9.588310114083951,1686.9021545015712,192.11428902558657,52.86571140291473,0.3337979215596703,101.56258560002807,43.782054636157454
80.11150117432088,-9.588310114083951,1686.9021545015712,192.11428902558657,52.46265894832542,0.3337979215596703,100.78826424249367,43.44825671459779
80.11150117432088,-9.588310114083951,1686.9021545015712,192.11428902558657,52.05960649373611,0.3337979215596703,100.01394288495922,43.114458793038104
80.11150117432088,-9.588310114083951,1686.9021545015712,192.11428902558657,51.656554039146805,0.3337979215596703,99.23962152742482,42.78066087147844
80.11150117432088,-9.588310114083951,1686.9021545015712,192.11428902558657,51.2535015845575,0.3337979215596703,98.46530016989037,42.44686294991876
80.11150117432088,-9.588310114083951,1686.9021545015712,192.11428902558657,50.85044912996819,0.3337979215596703,97.69097881235597,42.113065028359095
80.11150117432088,-9.588310114083951,1686.9021545015712,192.11428902558657,50.44739667537888,0.3337979215596703,96.91665745482155,41.77926710679942
49.12291401980419,-7.210122786959163,2460.8828078105926,173.19082252806749,68.50659864344458,0.2046788084158508,118.64714167658357,31.750007502802436
49.12291401980419,-7.210122786959163,2460.8828078105926,173.19082252806749,68.0649657090988,0.2046788084158508,117.8822739650353,31.54532869438659
49.12291401980419,-7.210122786959163,2460.8828078105926,173.19082252806749,67.62333277475302,0.2046788084158508,117.11740625348699,31.340649885970738
49.12291401980419,-7.210122786959163,2460.8828078105926,173.19082252806749,67.18169984040725,0.2046788084158508,116.35253854193871,31.135971077554895
49.12291401980419,-7.210122786959163,2460.8828078105926,173.19082252806749,66.74006690606147,0.2046788084158508,115.58767083039042,30.931292269139046
49.12291401980419,-7.210122786959163,2460.8828078105926,173.19082252806749,66.2984339717157,0.2046788084158508,114.82280311884213,30.726613460723197
49.12291401980419,-7.210122786959163,2460.8828078105926,173.19082252806749,65.85680103736992,0.2046788084158508,114.05793540729384,30.521934652307348
49.12291401980419,-7.210122786959163,2460.8828078105926,173.19082252806749,65.41516810302414,0.2046788084158508,113.29306769574556,30.317255843891502
49.12291401980419,-7.210122786959163,2460.8828078105926,173.19082252806749,64.97353516867837,0.2046788084158508,112.52819998419726,30.11257703547565
49.12291401980419,-7.210122786959163,2460.8828078105926,173.19082252806749,64.53190223433259,0.2046788084158508,111.76333227264898,29.907898227059803
49.12291401980419,-7.210122786959163,2460.8828078105926,173.19082252806749,64.09026929998682,0.2046788084158508,110.99846456110068,29.70321941864395
49.12291401980419,-7.210122786959163,2460.8828078105926,173.19082252806749,63.64863636564103,0.2046788084158508,110.23359684955238,29.4985406102281
49.12291401980419,-7.210122786959163,2460.8828078105926,173.19082252806749,63.20700343129525,0.2046788084158508,109.46872913800408,29.293861801812245
49.12291401980419,-7.210122786959163,2460.8828078105926,173.19082252806749,62.765370496949465,0.2046788084158508,108.70386142645579,29.089182993396395
49.12291401980419,-7.210122786959163,2460.8828078105926,173.19082252806749,62.32373756260368,0.2046788084158508,107.93899371490748,28.884504184980543
49.12291401980419,-7.210122786959163,2460.8828078105926,173.19082252806749,61.8821046282579,0.2046788084158508,107.17412600335916,28.679825376564686
49.12291401980419,-7.210122786959163,2460.8828078105926,173.19082252806749,61.440471693912116,0.2046788084158508,106.40925829181087,28.475146568148837
49.12291401980419,-7.210122786959163,2460.8828078105926,173.19082252806749,60.99883875956633,0.2046788084158508,105.64439058026257,28.270467759732984
49.12291401980419,-7.210122786959163,2460.8828078105926,173.19082252806749,60.55720582522055,0.2046788084158508,104.87952286871428,28.065788951317135
49.12291401980419,-7.210122786959163,2460.8828078105926,173.19082252806749,60.115572890874766,0.2046788084158508,104.11465515716597,27.861110142901282
49.12291401980419,-7.210122786959163,2460.8828078105926,173.19082252806749,59.67393995652898,0.2046788084158508,103.34978744561766,27.65643133448543
49.12291401980419,-7.210122786959163,2460.8828078105926,173.19082252806749,59.2323070221832,0.2046788084158508,102.58491973406935,27.451752526069573
49.12291401980419,-7.210122786959163,2460.8828078105926,173.19082252806749,58.79067408783742,0.2046788084158508,101.82005202252105,27.247073717653723
49.12291401980419,-7.210122786959163,2460.8828078105926,173.19082252806749,58.34904115349163,0.2046788084158508,101.05518431097275,27.04239490923787
49.12291401980419,-7.210122786959163,2460.8828078105926,173.19082252806749,57.90740821914585,0.2046788084158508,100.29031659942446,26.83771610082202
49.12291401980419,-7.210122786959163,2460.8828078105926,173.19082252806749,57.46577528480007,0.2046788084158508,99.52544888787615,26.63303729240617
49.12291401980419,-7.210122786959163,2460.8828078105926,173.19082252806749,57.024142350454284,0.2046788084158508,98.76058117632786,26.42835848399032
49.12291401980419,-7.210122786959163,2460.8828078105926,173.19082252806749,56.5825094161085,0.2046788084158508,97.99571346477954,26.223679675574463
49.12291401980419,-7.210122786959163,2460.8828078105926,173.19082252806749,56.14087648176272,0.2046788084158508,97.23084575323124,26.01900086715861
49.12291401980419,-7.210122786959163,2460.8828078105926,173.19082252806749,55.699243547416934,0.2046788084158508,96.46597804168294,25.81432205874276
49.12291401980419,-7.210122786959163,2460.8828078105926,173.19082252806749,55.25761061307115,0.2046788084158508,95.70111033013464,25.609643250326908
49.12291401980419,-7.210122786959163,2460.8828078105926,173.19082252806749,54.81597767872537,0.2046788084158508,94.93624261858635,25.40496444191106
49.12291401980419,-7.210122786959163,2460.8828078105926,173.19082252806749,54.374344744379584,0.2046788084158508,94.17137490703804,25.200285633495206
49.12291401980419,-7.210122786959163,2460.8828078105926,173.19082252806749,53.9327118100338,0.2046788084158508,93.40650719548974,24.99560682507935
49.12291401980419,-7.210122786959163,2460.8828078105926,173.19082252806749,53.49107887568802,0.2046788084158508,92.64163948394142,24.790928016663493
49.12291401980419,-7.210122786959163,2460.8828078105926,173.19082252806749,53.049445941342235,0.2046788084158508,91.87677177239313,24.586249208247644
49.12291401980419,-7.210122786959163,2460.8828078105926,173.19082252806749,52.60781300699645,0.2046788084158508,91.11190406084482,24.38157039983179
49.12291401980419,-7.210122786959163,2460.8828078105926,173.19082252806749,52.16618007265067,0.2046788084158508,90.34703634929653,24.17689159141594
49.12291401980419,-7.210122786959163,2460.8828078105926,173.19082252806749,51.724547138304885,0.2046788084158508,89.58216863774823,23.97221278300009
49.12291401980419,-7.210122786959163,2460.8828078105926,173.19082252806749,51.2829142039591,0.2046788084158508,88.81730092619993,23.76753397458424
49.12291401980419,-7.210122786959163,2460.8828078105926,173.19082252806749,50.84128126961332,0.2046788084158508,88.05243321465161,23.562855166168383
49.12291401980419,-7.210122786959163,2460.8828078105926,173.19082252806749,50.399648335267536,0.2046788084158508,87.28756550310331,23.35817635775253
49.12291401980419,-7.210122786959163,2460.8828078105926,173.19082252806749,49.95801540092175,0.2046788084158508,86.52269779155502,23.15349754933668
49.12291401980419,-7.210122786959163,2460.8828078105926,173.19082252806749,49.51638246657597,0.2046788084158508,85.75783008000671,22.948818740920828
49.12291401980419,-7.210122786959163,2460.8828078105926,173.19082252806749,49.074749532230186,0.2046788084158508,84.99296236845842,22.74413993250498
49.12291401980419,-7.210122786959163,2460.8828078105926,173.19082252806749,48.6331165978844,0.2046788084158508,84.2280946569101,22.539461124089122
49.12291401980419,-7.210122786959163,2460.8828078105926,173.19082252806749,48.19148366353862,0.2046788084158508,83.46322694536181,22.334782315673273
49.12291401980419,-7.210122786959163,2460.8828078105926,173.19082252806749,47.749850729192836,0.2046788084158508,82.6983592338135,22.13010350725742
49.12291401980419,-7.210122786959163,2460.8828078105926,173.19082252806749,47.30821779484705,0.2046788084158508,81.9334915222652,21.925424698841567
49.12291401980419,-7.210122786959163,2460.8828078105926,173.19082252806749,46.86658486050127,0.2046788084158508,81.1686238107169,21.720745890425714
49.12291401980419,-7.210122786959163,2460.8828078105926,173.19082252806749,46.42495192615549,0.2046788084158508,80.4037560991686,21.516067082009865
49.12291401980419,-7.210122786959163,2460.8828078105926,173.19082252806749,45.9833189918097,0.2046788084158508,79.6388883876203,21.311388273594012
49.12291401980419,-7.210122786959163,2460.8828078105926,173.19082252806749,45.54168605746392,0.2046788084158508,78.87402067607199,21.10670946517816
49.12291401980419,-7.210122786959163,2460.8828078105926,173.19082252806749,45.10005312311814,0.2046788084158508,78.10915296452369,20.902030656762303
49.12291401980419,-7.210122786959163,2460.8828078105926,173.19082252806749,44.658420188772354,0.2046788084158508,77.34428525297538,20.69735184834645
49.12291401980419,-7.210122786959163,2460.8828078105926,173.19082252806749,44.21678725442657,0.2046788084158508,76.57941754142709,20.4926730399306
49.12291401980419,-7.210122786959163,2460.8828078105926,173.19082252806749,43.77515432008079,0.2046788084158508,75.81454982987879,20.287994231514748
49.12291401980419,-7.210122786959163,2460.8828078105926,173.19082252806749,43.333521385735004,0.2046788084158508,75.04968211833048,20.083315423098895
49.12291401980419,-7.210122786959163,2460.8828078105926,173.19082252806749,42.89188845138922,0.2046788084158508,74.28481440678217,19.878636614683042
49.12291401980419,-7.210122786959163,2460.8828078105926,173.19082252806749,42.45025551704344,0.2046788084158508,73.51994669523388,19.673957806267193
49.12291401980419,-7.210122786959163,2460.8828078105926,173.19082252806749,42.008622582697654,0.2046788084158508,72.75507898368556,19.469278997851337
49.12291401980419,-7.210122786959163,2460.8828078105926,173.19082252806749,41.56698964835187,0.2046788084158508,71.99021127213727,19.264600189435487
49.12291401980419,-7.210122786959163,2460.8828078105926,173.19082252806749,41.12535671400609,0.2046788084158508,71.22534356058897,19.059921381019635
49.12291401980419,-7.210122786959163,2460.8828078105926,173.19082252806749,40.683723779660305,0.2046788084158508,70.46047584904066,18.855242572603782
49.12291401980419,-7.210122786959163,2460.8828078105926,173.19082252806749,40.24209084531452,0.2046788084158508,69.69560813749237,18.650563764187932
49.12291401980419,-7.210122786959163,2460.8828078105926,173.19082252806749,39.80045791096874,0.2046788084158508,68.93074042594407,18.44588495577208
49.12291401980419,-7.210122786959163,2460.8828078105926,173.19082252806749,39.358824976622955,0.2046788084158508,68.16587271439576,18.241206147356227
49.12291401980419,-7.210122786959163,2460.8828078105926,173.19082252806749,38.91719204227717,0.2046788084158508,67.40100500284746,18.036527338940374
49.12291401980419,-7.210122786959163,2460.8828078105926,173.19082252806749,38.47555910793139,0.2046788084158508,66.63613729129916,17.831848530524525
49.12291401980419,-7.210122786959163,2460.8828078105926,173.19082252806749,38.033926173585606,0.2046788084158508,65.87126957975086,17.627169722108672
49.12291401980419,-7.210122786959163,2460.8828078105926,173.19082252806749,37.59229323923982,0.2046788084158508,65.10640186820255,17.42249091369282
49.12291401980419,-7.210122786959163,2460.8828078105926,173.19082252806749,37.15066030489404,0.2046788084158508,64.34153415665425,17.217812105276966
49.12291401980419,-7.210122786959163,2460.8828078105926,173.19082252806749,36.709027370548256,0.2046788084158508,63.57666644510595,17.013133296861113
49.12291401980419,-7.210122786959163,2460.8828078105926,173.19082252806749,36.26739443620247,0.2046788084158508,62.811798733557644,16.80845448844526
49.12291401980419,-7.210122786959163,2460.8828078105926,173.19082252806749,35.82576150185669,0.2046788084158508,62.046931022009346,16.603775680029408
49.12291401980419,-7.210122786959163,2460.8828078105926,173.19082252806749,35.384128567510906,0.2046788084158508,61.28206331046105,16.39909687161356
49.12291401980419,-7.210122786959163,2460.8828078105926,173.19082252806749,34.94249563316512,0.2046788084158508,60.517195598912735,16.194418063197702
49.12291401980419,-7.210122786959163,2460.8828078105926,173.19082252806749,34.50086269881934,0.2046788084158508,59.75232788736444,15.989739254781853
49.12291401980419,-7.210122786959163,2460.8828078105926,173.19082252806749,34.05922976447356,0.2046788084158508,58.98746017581614,15.785060446366002
49.12291401980419,-7.210122786959163,2460.8828078105926,173.19082252806749,33.61759683012777,0.2046788084158508,58.22259246426783,15.580381637950145
49.12291401980419,-7.210122786959163,2460.8828078105926,173.19082252806749,33.17596389578199,0.2046788084158508,57.45772475271953,15.375702829534294
49.12291401980419,-7.210122786959163,2460.8828078105926,173.19082252806749,32.73433096143621,0.2046788084158508,56.69285704117123,15.171024021118443
49.12291401980419,-7.210122786959163,2460.8828078105926,173.19082252806749,32.292698027090424,0.2046788084158508,55.927989329622925,14.96634521270259
49.12291401980419,-7.210122786959163,2460.8828078105926,173.19082252806749,31.851065092744644,0.2046788084158508,55.16312161807463,14.761666404286741
49.12291401980419,-7.210122786959163,2460.8828078105926,173.19082252806749,31.409432158398864,0.2046788084158508,54.398253906526335,14.55698759587089
49.12291401980419,-7.210122786959163,2460.8828078105926,173.19082252806749,30.967799224053085,0.2046788084158508,53.63338619497804,14.352308787455039
49.12291401980419,-7.210122786959163,2460.8828078105926,173.19082252806749,30.526166289707305,0.2046788084158508,52.868518483429746,14.14762997903919
49.12291401980419,-7.210122786959163,2460.8828078105926,173.19082252806749,30.084533355361526,0.2046788084158508,52.10365077188145,13.942951170623338
49.12291401980419,-7.210122786959163,2460.8828078105926,173.19082252806749,29.642900421015746,0.2046788084158508,51.33878306033315,13.738272362207487
49.12291401980419,-7.210122786959163,2460.8828078105926,173.19082252806749,29.201267486669966,0.2046788084158508,50.57391534878486,13.533593553791638
49.12291401980419,-7.210122786959163,2460.8828078105926,173.19082252806749,28.759634552324187,0.2046788084158508,49.80904763723656,13.328914745375787
49.12291401980419,-7.210122786959163,2460.8828078105926,173.19082252806749,28.318001617978407,0.2046788084158508,49.04417992568826,13.124235936959936
49.12291401980419,-7.210122786959163,2460.8828078105926,173.19082252806749,27.876368683632627,0.2046788084158508,48.27931221413997,12.919557128544087
49.12291401980419,-7.210122786959163,2460.8828078105926,173.19082252806749,27.434735749286848,0.2046788084158508,47.51444450259167,12.714878320128236
49.12291401980419,-7.210122786959163,2460.8828078105926,173.19082252806749,26.993102814941068,0.2046788084158508,46.749576791043374,12.510199511712385
49.12291401980419,-7.210122786959163,2460.8828078105926,173.19082252806749,26.55146988059529,0.2046788084158508,45.98470907949508,12.305520703296535
49.12291401980419,-7.210122786959163,2460.8828078105926,173.19082252806749,26.10983694624951,0.2046788084158508,45.219841367946785,12.100841894880684
49.12291401980419,-7.210122786959163,2460.8828078105926,173.19082252806749,25.66820401190373,0.2046788084158508,44.45497365639849,11.896163086464833
49.12291401980419,-7.210122786959163,2460.8828078105926,173.19082252806749,25.22657107755795,0.2046788084158508,43.69010594485019,11.69148427804898
49.12291401980419,-7.210122786959163,2460.8828078105926,173.19082252806749,24.78493814321217,0.2046788084158508,42.9252382333019,11.486805469633131
49.12291401980419,-7.210122786959163,2460.8828078105926,173.19082252806749,24.34330520886639,0.2046788084158508,42.1603705217536,11.28212666121728
49.12291401980419,-7.210122786959163,2460.8828078105926,173.19082252806749,23.90167227452061,0.2046788084158508,41.3955028102053,11.077447852801429
49.12291401980419,-7.210122786959163,2460.8828078105926,173.19082252806749,23.46003934017483,0.2046788084158508,40.63063509865701,10.87276904438558
49.12291401980419,-7.210122786959163,2460.8828078105926,173.19082252806749,23.01840640582905,0.2046788084158508,39.86576738710871,10.668090235969728
49.12291401980419,-7.210122786959163,2460.8828078105926,173.19082252806749,22.57677347148327,0.2046788084158508,39.10089967556041,10.463411427553877
49.12291401980419,-7.210122786959163,2460.8828078105926,173.19082252806749,22.13514053713749,0.2046788084158508,38.336031964012115,10.258732619138026
49.12291401980419,-7.210122786959163,2460.8828078105926,173.19082252806749,21.693507602791712,0.2046788084158508,37.571164252463824,10.054053810722177
49.12291401980419,-7.210122786959163,2460.8828078105926,173.19082252806749,21.251874668445932,0.2046788084158508,36.806296540915525,9.849375002306326
49.12291401980419,-7.210122786959163,2460.8828078105926,173.19082252806749,20.810241734100153,0.2046788084158508,36.04142882936723,9.644696193890475
49.12291401980419,-7.210122786959163,2460.8828078105926,173.19082252806749,20.368608799754373,0.2046788084158508,35.276561117818936,9.440017385474626
49.12291401980419,-7.210122786959163,2460.8828078105926,173.19082252806749,19.926975865408593,0.2046788084158508,34.51169340627064,9.235338577058775
49.12291401980419,-7.210122786959163,2460.8828078105926,173.19082252806749,19.485342931062814,0.2046788084158508,33.74682569472234,9.030659768642924
49.12291401980419,-7.210122786959163,2460.8828078105926,173.19082252806749,19.043709996717034,0.2046788084158508,32.98195798317405,8.825980960227074
49.12291401980419,-7.210122786959163,2460.8828078105926,173.19082252806749,18.602077062371254,0.2046788084158508,32.21709027162575,8.621302151811223
49.12291401980419,-7.210122786959163,2460.8828078105926,173.19082252806749,18.160444128025475,0.2046788084158508,31.452222560077452,8.416623343395372
49.12291401980419,-7.210122786959163,2460.8828078105926,173.19082252806749,17.718811193679695,0.2046788084158508,30.687354848529157,8.211944534979521
49.12291401980419,-7.210122786959163,2460.8828078105926,173.19082252806749,17.277178259333915,0.2046788084158508,29.92248713698086,8.00726572656367
49.12291401980419,-7.210122786959163,2460.8828078105926,173.19082252806749,16.835545324988136,0.2046788084158508,29.157619425432564,7.80258691814782
49.12291401980419,-7.210122786959163,2460.8828078105926,173.19082252806749,16.393912390642356,0.2046788084158508,28.39275171388427,7.59790810973197
49.12291401980419,-7.210122786959163,2460.8828078105926,173.19082252806749,15.952279456296576,0.2046788084158508,27.62788400233597,7.3932293013161186
49.12291401980419,-7.210122786959163,2460.8828078105926,173.19082252806749,15.510646521950797,0.2046788084158508,26.863016290787677,7.188550492900268
49.12291401980419,-7.210122786959163,2460.8828078105926,173.19082252806749,15.069013587605017,0.2046788084158508,26.098148579239382,6.983871684484418
49.12291401980419,-7.210122786959163,2460.8828078105926,173.19082252806749,14.627380653259237,0.2046788084158508,25.333280867691084,6.779192876068567
49.12291401980419,-7.210122786959163,2460.8828078105926,173.19082252806749,14.185747718913458,0.2046788084158508,24.56841315614279,6.574514067652717
49.12291401980419,-7.210122786959163,2460.8828078105926,173.19082252806749,13.744114784567678,0.2046788084158508,23.803545444594494,6.369835259236867
49.12291401980419,-7.210122786959163,2460.8828078105926,173.19082252806749,13.302481850221898,0.2046788084158508,23.038677733046196,6.165156450821016
49.12291401980419,-7.210122786959163,2460.8828078105926,173.19082252806749,12.860848915876119,0.2046788084158508,22.2738100214979,5.9604776424051655
49.12291401980419,-7.210122786959163,2460.8828078105926,173.19082252806749,12.41921598153034,0.2046788084158508,21.508942309949603,5.7557988339893145
49.12291401980419,-7.210122786959163,2460.8828078105926,173.19082252806749,11.97758304718456,0.2046788084158508,20.74407459840131,5.551120025573464
49.12291401980419,-7.210122786959163,2460.8828078105926,173.19082252806749,11.53595011283878,0.2046788084158508,19.979206886853014,5.346441217157614
49.12291401980419,-7.210122786959163,2460.8828078105926,173.19082252806749,11.094317178493,0.2046788084158508,19.214339175304715,5.141762408741762
49.12291401980419,-7.210122786959163,2460.8828078105926,173.19082252806749,10.65268424414722,0.2046788084158508,18.44947146375642,4.937083600325912
49.12291401980419,-7.210122786959163,2460.8828078105926,173.19082252806749,10.21105130980144,0.2046788084158508,17.684603752208123,4.732404791910061
49.12291401980419,-7.210122786959163,2460.8828078105926,173.19082252806749,9.769418375455661,0.2046788084158508,16.919736040659828,4.527725983494211
49.12291401980419,-7.210122786959163,2460.8828078105926,173.19082252806749,9.327785441109882,0.2046788084158508,16.154868329111533,4.323047175078361
49.12291401980419,-7.210122786959163,2460.8828078105926,173.19082252806749,8.886152506764102,0.2046788084158508,15.390000617563235,4.1183683666625095
49.12291401980419,-7.210122786959163,2460.8828078105926,173.19082252806749,8.444519572418322,0.2046788084158508,14.62513290601494,3.9136895582466593
49.12291401980419,-7.210122786959163,2460.8828078105926,173.19082252806749,8.002886638072543,0.2046788084158508,13.860265194466644,3.7090107498308087
49.12291401980419,-7.210122786959163,2460.8828078105926,173.19082252806749,7.561253703726762,0.2046788084158508,13.095397482918345,3.5043319414149576
49.12291401980419,-7.210122786959163,2460.8828078105926,173.19082252806749,7.119620769380981,0.2046788084158508,12.330529771370049,3.299653132999107
49.12291401980419,-7.210122786959163,2460.8828078105926,173.19082252806749,6.677987835035201,0.2046788084158508,11.56566205982175,3.0949743245832555
49.12291401980419,-7.210122786959163,2460.8828078105926,173.19082252806749,6.23635490068942,0.2046788084158508,10.800794348273454,2.890295516167405
49.12291401980419,-7.210122786959163,2460.8828078105926,173.19082252806749,5.79472196634364,0.2046788084158508,10.035926636725156,2.685616707751554
49.12291401980419,-7.210122786959163,2460.8828078105926,173.19082252806749,5.353089031997859,0.2046788084158508,9.271058925176858,2.4809378993357027
49.12291401980419,-7.210122786959163,2460.8828078105926,173.19082252806749,4.911456097652079,0.2046788084158508,8.506191213628561,2.2762590909198517
49.12291401980419,-7.210122786959163,2460.8828078105926,173.19082252806749,4.469823163306298,0.2046788084158508,7.741323502080263,2.0715802825040006
49.12291401980419,-7.210122786959163,2460.8828078105926,173.19082252806749,4.028190228960518,0.2046788084158508,6.976455790531965,1.8669014740881495
49.12291401980419,-7.210122786959163,2460.8828078105926,173.19082252806749,3.5865572946147375,0.2046788084158508,6.211588078983668,1.662222665672299
49.12291401980419,-7.210122786959163,2460.8828078105926,173.19082252806749,3.1449243602689574,0.2046788084158508,5.446720367435372,1.457543857256448
49.12291401980419,-7.210122786959163,2460.8828078105926,173.19082252806749,2.7032914259231773,0.2046788084158508,4.6818526558870746,1.2528650488405972
49.12291401980419,-7.210122786959163,2460.8828078105926,173.19082252806749,2.261658491577397,0.2046788084158508,3.916984944338778,1.0481862404247466
49.12291401980419,-7.210122786959163,2460.8828078105926,173.19082252806749,1.820025557231617,0.2046788084158508,3.1521172327904816,0.8435074320088959
49.12291401980419,-7.210122786959163,2460.8828078105926,173.19082252806749,1.378392622885837,0.2046788084158508,2.3872495212421843,0.6388286235930449
49.12291401980419,-7.210122786959163,2460.8828078105926,173.19082252806749,0.9367596885400569,0.2046788084158508,1.6223818096938878,0.4341498151771942
105.99404067363206,-0.9900149606091402,1579.7880430957837,98.61789492699067,70.80509420291719,1.7665673445605343,69.82649340398963,34.55771798121406
105.99404067363206,-0.9900149606091402,1579.7880430957837,98.61789492699067,67.185585318812,1.7665673445605343,66.2570099357897,32.79115063665353
105.99404067363206,-0.9900149606091402,1579.7880430957837,98.61789492699067,63.566076434706815,1.7665673445605343,62.68752646758975,31.024583292092995
105.99404067363206,-0.9900149606091402,1579.7880430957837,98.61789492699067,59.94656755060163,1.7665673445605343,59.1180429993898,29.25801594753246
105.99404067363206,-0.9900149606091402,1579.7880430957837,98.61789492699067,56.32705866649644,1.7665673445605343,55.54855953118986,27.49144860297193
105.99404067363206,-0.9900149606091402,1579.7880430957837,98.61789492699067,52.707549782391254,1.7665673445605343,51.979076062989904,25.72488125841139
105.99404067363206,-0.9900149606091402,1579.7880430957837,98.61789492699067,49.08804089828607,1.7665673445605343,48.40959259478996,23.95831391385086
105.99404067363206,-0.9900149606091402,1579.7880430957837,98.61789492699067,45.46853201418088,1.7665673445605343,44.840109126590015,22.191746569290324
105.99404067363206,-0.9900149606091402,1579.7880430957837,98.61789492699067,41.84902313007569,1.7665673445605343,41.27062565839007,20.42517922472979
105.99404067363206,-0.9900149606091402,1579.7880430957837,98.61789492699067,38.229514245970506,1.7665673445605343,37.701142190190126,18.658611880169257
105.99404067363206,-0.9900149606091402,1579.7880430957837,98.61789492699067,34.61000536186532,1.7665673445605343,34.13165872199018,16.892044535608722
105.99404067363206,-0.9900149606091402,1579.7880430957837,98.61789492699067,30.990496477760132,1.7665673445605343,30.562175253790233,15.12547719104819
105.99404067363206,-0.9900149606091402,1579.7880430957837,98.61789492699067,27.370987593654945,1.7665673445605343,26.992691785590285,13.358909846487656
105.99404067363206,-0.9900149606091402,1579.7880430957837,98.61789492699067,23.751478709549758,1.7665673445605343,23.42320831739034,11.592342501927122
105.99404067363206,-0.9900149606091402,1579.7880430957837,98.61789492699067,20.13196982544457,1.7665673445605343,19.853724849190392,9.825775157366587
105.99404067363206,-0.9900149606091402,1579.7880430957837,98.61789492699067,16.512460941339384,1.7665673445605343,16.28424138099045,8.059207812806056
105.99404067363206,-0.9900149606091402,1579.7880430957837,98.61789492699067,12.892952057234197,1.7665673445605343,12.714757912790503,6.292640468245521
105.99404067363206,-0.9900149606091402,1579.7880430957837,98.61789492699067,9.27344317312901,1.7665673445605343,9.145274444590557,4.526073123684987
105.99404067363206,-0.9900149606091402,1579.7880430957837,98.61789492699067,5.653934289023822,1.7665673445605343,5.575790976390611,2.7595057791244533
105.99404067363206,-0.9900149606091402,1579.7880430957837,98.61789492699067,2.0344254049186343,1.7665673445605343,2.006307508190663,0.9929384345639185
80.99966577826208,-6.532706929844558,1217.2444495078264,190.75228090957643,85.47362923089261,1.3499944296377013,163.0428973341221,97.62476001722595
80.99966577826208,-6.532706929844558,1217.2444495078264,190.75228090957643,84.29166552289207,1.3499944296377013,160.7882746015877,96.27476558758826
80.99966577826208,-6.532706929844558,1217.2444495078264,190.75228090957643,83.10970181489154,1.3499944296377013,158.53365186905324,94.92477115795056
80.99966577826208,-6.532706929844558,1217.2444495078264,190.75228090957643,81.927738106891,1.3499944296377013,156.27902913651883,93.57477672831287
80.99966577826208,-6.532706929844558,1217.2444495078264,190.75228090957643,80.74577439889046,1.3499944296377013,154.0244064039844,92.22478229867517
80.99966577826208,-6.532706929844558,1217.2444495078264,190.75228090957643,79.56381069088992,1.3499944296377013,151.76978367144994,90.87478786903745
80.99966577826208,-6.532706929844558,1217.2444495078264,190.75228090957643,78.38184698288939,1.3499944296377013,149.5151609389155,89.52479343939974
80.99966577826208,-6.532706929844558,1217.2444495078264,190.75228090957643,77.19988327488885,1.3499944296377013,147.26053820638109,88.17479900976205
80.99966577826208,-6.532706929844558,1217.2444495078264,190.75228090957643,76.01791956688831,1.3499944296377013,145.00591547384667,86.82480458012436
80.99966577826208,-6.532706929844558,1217.2444495078264,190.75228090957643,74.83595585888777,1.3499944296377013,142.75129274131223,85.47481015048666
80.99966577826208,-6.532706929844558,1217.2444495078264,190.75228090957643,73.65399215088723,1.3499944296377013,140.49667000877778,84.12481572084896
80.99966577826208,-6.532706929844558,1217.2444495078264,190.75228090957643,72.4720284428867,1.3499944296377013,138.24204727624334,82.77482129121125
80.99966577826208,-6.532706929844558,1217.2444495078264,190.75228090957643,71.29006473488616,1.3499944296377013,135.98742454370893,81.42482686157356
80.99966577826208,-6.532706929844558,1217.2444495078264,190.75228090957643,70.10810102688562,1.3499944296377013,133.73280181117448,80.07483243193586
80.99966577826208,-6.532706929844558,1217.2444495078264,190.75228090957643,68.92613731888508,1.3499944296377013,131.47817907864007,78.72483800229817
80.99966577826208,-6.532706929844558,1217.2444495078264,190.75228090957643,67.74417361088454,1.3499944296377013,129.22355634610562,77.37484357266047
80.99966577826208,-6.532706929844558,1217.2444495078264,190.75228090957643,66.562209902884,1.3499944296377013,126.9689336135712,76.02484914302276
80.99966577826208,-6.532706929844558,1217.2444495078264,190.75228090957643,65.38024619488347,1.3499944296377013,124.71431088103678,74.67485471338507
80.99966577826208,-6.532706929844558,1217.2444495078264,190.75228090957643,64.19828248688293,1.3499944296377013,122.45968814850234,73.32486028374737
80.99966577826208,-6.532706929844558,1217.2444495078264,190.75228090957643,63.01631877888239,1.3499944296377013,120.20506541596791,71.97486585410967
80.99966577826208,-6.532706929844558,1217.2444495078264,190.75228090957643,61.834355070881855,1.3499944296377013,117.95044268343347,70.62487142447196
80.99966577826208,-6.532706929844558,1217.2444495078264,190.75228090957643,60.65239136288132,1.3499944296377013,115.69581995089905,69.27487699483427
80.99966577826208,-6.532706929844558,1217.2444495078264,190.75228090957643,59.47042765488078,1.3499944296377013,113.44119721836461,67.92488256519657
80.99966577826208,-6.532706929844558,1217.2444495078264,190.75228090957643,58.28846394688024,1.3499944296377013,111.18657448583018,66.57488813555888
80.99966577826208,-6.532706929844558,1217.2444495078264,190.75228090957643,57.106500238879704,1.3499944296377013,108.93195175329576,65.22489370592119
80.99966577826208,-6.532706929844558,1217.2444495078264,190.75228090957643,55.924536530879166,1.3499944296377013,106.67732902076132,63.87489927628348
80.99966577826208,-6.532706929844558,1217.2444495078264,190.75228090957643,54.74257282287863,1.3499944296377013,104.42270628822689,62.52490484664578
80.99966577826208,-6.532706929844558,1217.2444495078264,190.75228090957643,53.56060911487809,1.3499944296377013,102.16808355569245,61.17491041700807
80.99966577826208,-6.532706929844558,1217.2444495078264,190.75228090957643,52.37864540687755,1.3499944296377013,99.91346082315802,59.824915987370375
80.99966577826208,-6.532706929844558,1217.2444495078264,190.75228090957643,51.196681698877015,1.3499944296377013,97.65883809062358,58.47492155773267
80.99966577826208,-6.532706929844558,1217.2444495078264,190.75228090957643,50.01471799087648,1.3499944296377013,95.40421535808916,57.12492712809498
80.99966577826208,-6.532706929844558,1217.2444495078264,190.75228090957643,48.83275428287594,1.3499944296377013,93.14959262555473,55.774932698457285
80.99966577826208,-6.532706929844558,1217.2444495078264,190.75228090957643,47.6507905748754,1.3499944296377013,90.89496989302029,54.42493826881958
80.99966577826208,-6.532706929844558,1217.2444495078264,190.75228090957643,46.46882686687486,1.3499944296377013,88.64034716048586,53.074943839181884
80.99966577826208,-6.532706929844558,1217.2444495078264,190.75228090957643,45.286863158874326,1.3499944296377013,86.38572442795143,51.72494940954418
80.99966577826208,-6.532706929844558,1217.2444495078264,190.75228090957643,44.10489945087379,1.3499944296377013,84.131101695417,50.374954979906484
97.51328233611146,7.896547008552977,1708.378789845213,69.15777404608997,92.31286103813967,0.8126106861342621,63.84151985223766,26.348081134196878
97.51328233611146,7.896547008552977,1708.378789845213,69.15777404608997,89.46580675114421,0.8126106861342621,61.87256048146782,25.53547044806262
97.51328233611146,7.896547008552977,1708.378789845213,69.15777404608997,86.61875246414876,0.8126106861342621,59.903601110697984,24.72285976192836
97.51328233611146,7.896547008552977,1708.378789845213,69.15777404608997,83.7716981771533,0.8126106861342621,57.934641739928146,23.910249075794095
97.51328233611146,7.896547008552977,1708.378789845213,69.15777404608997,80.92464389015784,0.8126106861342621,55.965682369158316,23.097638389659835
97.51328233611146,7.896547008552977,1708.378789845213,69.15777404608997,78.07758960316238,0.8126106861342621,53.99672299838847,22.28502770352557
97.51328233611146,7.896547008552977,1708.378789845213,69.15777404608997,75.23053531616692,0.8126106861342621,52.02776362761864,21.472417017391315
97.51328233611146,7.896547008552977,1708.378789845213,69.15777404608997,72.38348102917146,0.8126106861342621,50.058804256848795,20.659806331257048
97.51328233611146,7.896547008552977,1708.378789845213,69.15777404608997,69.536426742176,0.8126106861342621,48.089844886078964,19.84719564512279
97.51328233611146,7.896547008552977,1708.378789845213,69.15777404608997,66.68937245518055,0.8126106861342621,46.120885515309126,19.03458495898853
97.51328233611146,7.896547008552977,1708.378789845213,69.15777404608997,63.84231816818509,0.8126106861342621,44.15192614453929,18.22197427285427
97.51328233611146,7.896547008552977,1708.378789845213,69.15777404608997,60.99526388118963,0.8126106861342621,42.18296677376945,17.409363586720005
97.51328233611146,7.896547008552977,1708.378789845213,69.15777404608997,58.14820959419417,0.8126106861342621,40.21400740299961,16.596752900585745
97.51328233611146,7.896547008552977,1708.378789845213,69.15777404608997,55.30115530719871,0.8126106861342621,38.245048032229775,15.784142214451483
97.51328233611146,7.896547008552977,1708.378789845213,69.15777404608997,52.454101020203254,0.8126106861342621,36.276088661459944,14.971531528317223
97.51328233611146,7.896547008552977,1708.378789845213,69.15777404608997,49.607046733207795,0.8126106861342621,34.3071292906901,14.15892084218296
97.51328233611146,7.896547008552977,1708.378789845213,69.15777404608997,46.75999244621234,0.8126106861342621,32.33816991992027,13.346310156048702
97.51328233611146,7.896547008552977,1708.378789845213,69.15777404608997,43.91293815921688,0.8126106861342621,30.36921054915043,12.53369946991444
97.51328233611146,7.896547008552977,1708.378789845213,69.15777404608997,41.06588387222142,0.8126106861342621,28.400251178380593,11.721088783780178
97.51328233611146,7.896547008552977,1708.378789845213,69.15777404608997,38.21882958522596,0.8126106861342621,26.431291807610755,10.908478097645917
97.51328233611146,7.896547008552977,1708.378789845213,69.15777404608997,35.3717752982305,0.8126106861342621,24.462332436840917,10.095867411511655
97.51328233611146,7.896547008552977,1708.378789845213,69.15777404608997,32.524721011235044,0.8126106861342621,22.493373066071083,9.283256725377395
97.51328233611146,7.896547008552977,1708.378789845213,69.15777404608997,29.677666724239582,0.8126106861342621,20.52441369530124,8.470646039243132
97.51328233611146,7.896547008552977,1708.378789845213,69.15777404608997,26.83061243724412,0.8126106861342621,18.555454324531404,7.65803535310887
97.51328233611146,7.896547008552977,1708.378789845213,69.15777404608997,23.98355815024866,0.8126106861342621,16.586494953761562,6.8454246669746075
97.51328233611146,7.896547008552977,1708.378789845213,69.15777404608997,21.136503863253196,0.8126106861342621,14.617535582991724,6.032813980840346
73.96921323890797,9.30510614528276,1977.2699724544107,187.49987760369868,66.29644458753572,0.6164101103242331,124.3057524572334,63.49084664998375
73.96921323890797,9.30510614528276,1977.2699724544107,187.49987760369868,65.65279592196357,0.6164101103242331,123.09891199708777,62.8744365396595
73.96921323890797,9.30510614528276,1977.2699724544107,187.49987760369868,65.00914725639143,0.6164101103242331,121.89207153694217,62.25802642933527
73.96921323890797,9.30510614528276,1977.2699724544107,187.49987760369868,64.36549859081929,0.6164101103242331,120.68523107679655,61.64161631901103
73.96921323890797,9.30510614528276,1977.2699724544107,187.49987760369868,63.72184992524715,0.6164101103242331,119.47839061665097,61.025206208686804
73.96921323890797,9.30510614528276,1977.2699724544107,187.49987760369868,63.07820125967501,0.6164101103242331,118.27155015650537,60.408796098362565
73.96921323890797,9.30510614528276,1977.2699724544107,187.49987760369868,62.434552594102875,0.6164101103242331,117.06470969635977,59.79238598803833
73.96921323890797,9.30510614528276,1977.2699724544107,187.49987760369868,61.79090392853074,0.6164101103242331,115.85786923621417,59.1759758777141
73.96921323890797,9.30510614528276,1977.2699724544107,187.49987760369868,61.1472552629586,0.6164101103242331,114.65102877606857,58.55956576738987
73.96921323890797,9.30510614528276,1977.2699724544107,187.49987760369868,60.503606597386465,0.6164101103242331,113.44418831592297,57.94315565706563
73.96921323890797,9.30510614528276,1977.2699724544107,187.49987760369868,59.85995793181433,0.6164101103242331,112.2373478557774,57.326745546741414
73.96921323890797,9.30510614528276,1977.2699724544107,187.49987760369868,59.21630926624219,0.6164101103242331,111.0305073956318,56.71033543641718
73.96921323890797,9.30510614528276,1977.2699724544107,187.49987760369868,58.572660600670055,0.6164101103242331,109.8236669354862,56.09392532609295
73.96921323890797,9.30510614528276,1977.2699724544107,187.49987760369868,57.92901193509792,0.6164101103242331,108.6168264753406,55.47751521576872
73.96921323890797,9.30510614528276,1977.2699724544107,187.49987760369868,57.28536326952578,0.6164101103242331,107.409986015195,54.86110510544448
73.96921323890797,9.30510614528276,1977.2699724544107,187.49987760369868,56.641714603953645,0.6164101103242331,106.2031455550494,54.24469499512025
73.96921323890797,9.30510614528276,1977.2699724544107,187.49987760369868,55.99806593838151,0.6164101103242331,104.9963050949038,53.62828488479602
73.96921323890797,9.30510614528276,1977.2699724544107,187.49987760369868,55.35441727280937,0.6164101103242331,103.78946463475822,53.01187477447179
73.96921323890797,9.30510614528276,1977.2699724544107,187.49987760369868,54.710768607237235,0.6164101103242331,102.58262417461262,52.39546466414755
73.96921323890797,9.30510614528276,1977.2699724544107,187.49987760369868,54.0671199416651,0.6164101103242331,101.37578371446702,51.77905455382332
73.96921323890797,9.30510614528276,1977.2699724544107,187.49987760369868,53.42347127609296,0.6164101103242331,100.16894325432142,51.16264444349909
73.96921323890797,9.30510614528276,1977.2699724544107,187.49987760369868,52.779822610520824,0.6164101103242331,98.96210279417582,50.54623433317486
73.96921323890797,9.30510614528276,1977.2699724544107,187.49987760369868,52.13617394494869,0.6164101103242331,97.75526233403022,49.92982422285062
73.96921323890797,9.30510614528276,1977.2699724544107,187.49987760369868,51.49252527937655,0.6164101103242331,96.54842187388464,49.313414112526395
73.96921323890797,9.30510614528276,1977.2699724544107,187.49987760369868,50.848876613804414,0.6164101103242331,95.34158141373904,48.69700400220216
73.96921323890797,9.30510614528276,1977.2699724544107,187.49987760369868,50.20522794823228,0.6164101103242331,94.13474095359344,48.08059389187793
73.96921323890797,9.30510614528276,1977.2699724544107,187.49987760369868,49.56157928266014,0.6164101103242331,92.92790049344784,47.46418378155369
73.96921323890797,9.30510614528276,1977.2699724544107,187.49987760369868,48.917930617088004,0.6164101103242331,91.72106003330224,46.84777367122946
73.96921323890797,9.30510614528276,1977.2699724544107,187.49987760369868,48.27428195151587,0.6164101103242331,90.51421957315665,46.23136356090524
73.96921323890797,9.30510614528276,1977.2699724544107,187.49987760369868,47.63063328594373,0.6164101103242331,89.30737911301105,45.614953450581005
73.96921323890797,9.30510614528276,1977.2699724544107,187.49987760369868,46.986984620371594,0.6164101103242331,88.10053865286545,44.99854334025677
73.96921323890797,9.30510614528276,1977.2699724544107,187.49987760369868,46.34333595479946,0.6164101103242331,86.89369819271987,44.38213322993254
73.96921323890797,9.30510614528276,1977.2699724544107,187.49987760369868,45.69968728922732,0.6164101103242331,85.68685773257427,43.76572311960831
73.96921323890797,9.30510614528276,1977.2699724544107,187.49987760369868,45.05603862365518,0.6164101103242331,84.48001727242867,43.14931300928408
73.96921323890797,9.30510614528276,1977.2699724544107,187.49987760369868,44.41238995808305,0.6164101103242331,83.27317681228308,42.53290289895985
73.96921323890797,9.30510614528276,1977.2699724544107,187.49987760369868,43.76874129251091,0.6164101103242331,82.06633635213748,41.916492788635615
73.96921323890797,9.30510614528276,1977.2699724544107,187.49987760369868,43.12509262693877,0.6164101103242331,80.85949589199188,41.300082678311384
73.96921323890797,9.30510614528276,1977.2699724544107,187.49987760369868,42.48144396136664,0.6164101103242331,79.65265543184628,40.68367256798715
73.96921323890797,9.30510614528276,1977.2699724544107,187.49987760369868,41.8377952957945,0.6164101103242331,78.44581497170068,40.06726245766291
73.96921323890797,9.30510614528276,1977.2699724544107,187.49987760369868,41.19414663022236,0.6164101103242331,77.23897451155509,39.45085234733868
73.96921323890797,9.30510614528276,1977.2699724544107,187.49987760369868,40.550497964650226,0.6164101103242331,76.0321340514095,38.83444223701446
73.96921323890797,9.30510614528276,1977.2699724544107,187.49987760369868,39.90684929907809,0.6164101103242331,74.8252935912639,38.218032126690225
73.96921323890797,9.30510614528276,1977.2699724544107,187.49987760369868,39.26320063350595,0.6164101103242331,73.6184531311183,37.601622016365994
73.96921323890797,9.30510614528276,1977.2699724544107,187.49987760369868,38.619551967933816,0.6164101103242331,72.41161267097272,36.98521190604176
73.96921323890797,9.30510614528276,1977.2699724544107,187.49987760369868,37.97590330236168,0.6164101103242331,71.20477221082712,36.36880179571753
73.96921323890797,9.30510614528276,1977.2699724544107,187.49987760369868,37.33225463678954,0.6164101103242331,69.99793175068152,35.7523916853933
73.96921323890797,9.30510614528276,1977.2699724544107,187.49987760369868,36.688605971217406,0.6164101103242331,68.79109129053593,35.135981575069074
73.96921323890797,9.30510614528276,1977.2699724544107,187.49987760369868,36.04495730564527,0.6164101103242331,67.58425083039033,34.519571464744836
73.96921323890797,9.30510614528276,1977.2699724544107,187.49987760369868,35.40130864007313,0.6164101103242331,66.37741037024473,33.903161354420604
73.96921323890797,9.30510614528276,1977.2699724544107,187.49987760369868,34.757659974500996,0.6164101103242331,65.17056991009913,33.28675124409637
73.96921323890797,9.30510614528276,1977.2699724544107,187.49987760369868,34.11401130892886,0.6164101103242331,63.96372944995354,32.67034113377214
73.96921323890797,9.30510614528276,1977.2699724544107,187.49987760369868,33.47036264335672,0.6164101103242331,62.75688898980794,32.05393102344791
73.96921323890797,9.30510614528276,1977.2699724544107,187.49987760369868,32.826713977784586,0.6164101103242331,61.55004852966234,31.437520913123674
73.96921323890797,9.30510614528276,1977.2699724544107,187.49987760369868,32.18306531221245,0.6164101103242331,60.34320806951675,30.821110802799446
73.96921323890797,9.30510614528276,1977.2699724544107,187.49987760369868,31.539416646640312,0.6164101103242331,59.13636760937115,30.20470069247521
73.96921323890797,9.30510614528276,1977.2699724544107,187.49987760369868,30.895767981068175,0.6164101103242331,57.92952714922555,29.58829058215098
73.96921323890797,9.30510614528276,1977.2699724544107,187.49987760369868,30.25211931549604,0.6164101103242331,56.722686689079964,28.97188047182675
73.96921323890797,9.30510614528276,1977.2699724544107,187.49987760369868,29.608470649923902,0.6164101103242331,55.515846228934365,28.35547036150252
73.96921323890797,9.30510614528276,1977.2699724544107,187.49987760369868,28.964821984351765,0.6164101103242331,54.309005768788765,27.739060251178284
73.96921323890797,9.30510614528276,1977.2699724544107,187.49987760369868,28.32117331877963,0.6164101103242331,53.10216530864317,27.122650140854056
73.96921323890797,9.30510614528276,1977.2699724544107,187.49987760369868,27.67752465320749,0.6164101103242331,51.89532484849757,26.50624003052982
73.96921323890797,9.30510614528276,1977.2699724544107,187.49987760369868,27.033875987635355,0.6164101103242331,50.688484388351974,25.88982992020559
73.96921323890797,9.30510614528276,1977.2699724544107,187.49987760369868,26.390227322063218,0.6164101103242331,49.48164392820639,25.27341980988136
73.96921323890797,9.30510614528276,1977.2699724544107,187.49987760369868,25.74657865649108,0.6164101103242331,48.27480346806079,24.65700969955713
73.96921323890797,9.30510614528276,1977.2699724544107,187.49987760369868,25.102929990918945,0.6164101103242331,47.06796300791519,24.040599589232894
73.96921323890797,9.30510614528276,1977.2699724544107,187.49987760369868,24.459281325346808,0.6164101103242331,45.86112254776959,23.424189478908662
73.96921323890797,9.30510614528276,1977.2699724544107,187.49987760369868,23.81563265977467,0.6164101103242331,44.654282087624,22.80777936858443
73.96921323890797,9.30510614528276,1977.2699724544107,187.49987760369868,23.171983994202535,0.6164101103242331,43.447441627478405,22.191369258260202
73.96921323890797,9.30510614528276,1977.2699724544107,187.49987760369868,22.528335328630398,0.6164101103242331,42.240601167332805,21.574959147935967
73.96921323890797,9.30510614528276,1977.2699724544107,187.49987760369868,21.88468666305826,0.6164101103242331,41.033760707187206,20.958549037611736
73.96921323890797,9.30510614528276,1977.2699724544107,187.49987760369868,21.241037997486124,0.6164101103242331,39.826920247041606,20.3421389272875
73.96921323890797,9.30510614528276,1977.2699724544107,187.49987760369868,20.597389331913988,0.6164101103242331,38.620079786896014,19.725728816963272
73.96921323890797,9.30510614528276,1977.2699724544107,187.49987760369868,19.95374066634185,0.6164101103242331,37.41323932675042,19.109318706639044
73.96921323890797,9.30510614528276,1977.2699724544107,187.49987760369868,19.310092000769714,0.6164101103242331,36.20639886660482,18.49290859631481
73.96921323890797,9.30510614528276,1977.2699724544107,187.49987760369868,18.666443335197577,0.6164101103242331,34.99955840645923,17.87649848599058
73.96921323890797,9.30510614528276,1977.2699724544107,187.49987760369868,18.02279466962544,0.6164101103242331,33.79271794631363,17.260088375666346
73.96921323890797,9.30510614528276,1977.2699724544107,187.49987760369868,17.379146004053304,0.6164101103242331,32.58587748616803,16.643678265342114
73.96921323890797,9.30510614528276,1977.2699724544107,187.49987760369868,16.735497338481167,0.6164101103242331,31.379037026022438,16.027268155017882
73.96921323890797,9.30510614528276,1977.2699724544107,187.49987760369868,16.09184867290903,0.6164101103242331,30.172196565876845,15.410858044693653
73.96921323890797,9.30510614528276,1977.2699724544107,187.49987760369868,15.448200007336892,0.6164101103242331,28.965356105731246,14.794447934369419
73.96921323890797,9.30510614528276,1977.2699724544107,187.49987760369868,14.804551341764753,0.6164101103242331,27.758515645585646,14.178037824045186
73.96921323890797,9.30510614528276,1977.2699724544107,187.49987760369868,14.160902676192615,0.6164101103242331,26.551675185440047,13.561627713720952
73.96921323890797,9.30510614528276,1977.2699724544107,187.49987760369868,13.517254010620476,0.6164101103242331,25.344834725294447,12.945217603396719
73.96921323890797,9.30510614528276,1977.2699724544107,187.49987760369868,12.873605345048338,0.6164101103242331,24.137994265148848,12.328807493072485
73.96921323890797,9.30510614528276,1977.2699724544107,187.49987760369868,12.2299566794762,0.6164101103242331,22.931153805003245,11.71239738274825
73.96921323890797,9.30510614528276,1977.2699724544107,187.49987760369868,11.58630801390406,0.6164101103242331,21.724313344857645,11.095987272424017
73.96921323890797,9.30510614528276,1977.2699724544107,187.49987760369868,10.942659348331922,0.6164101103242331,20.517472884712046,10.479577162099783
73.96921323890797,9.30510614528276,1977.2699724544107,187.49987760369868,10.299010682759784,0.6164101103242331,19.310632424566446,9.86316705177555
73.96921323890797,9.30510614528276,1977.2699724544107,187.49987760369868,9.655362017187645,0.6164101103242331,18.103791964420846,9.246756941451316
73.96921323890797,9.30510614528276,1977.2699724544107,187.49987760369868,9.011713351615507,0.6164101103242331,16.896951504275247,8.630346831127083
73.96921323890797,9.30510614528276,1977.2699724544107,187.49987760369868,8.368064686043368,0.6164101103242331,15.690111044129647,8.01393672080285
73.96921323890797,9.30510614528276,1977.2699724544107,187.49987760369868,7.72441602047123,0.6164101103242331,14.483270583984048,7.397526610478617
73.96921323890797,9.30510614528276,1977.2699724544107,187.49987760369868,7.080767354899091,0.6164101103242331,13.276430123838448,6.781116500154384
73.96921323890797,9.30510614528276,1977.2699724544107,187.49987760369868,6.437118689326953,0.6164101103242331,12.069589663692849,6.16470638983015
73.96921323890797,9.30510614528276,1977.2699724544107,187.49987760369868,5.793470023754814,0.6164101103242331,10.86274920354725,5.548296279505917
73.96921323890797,9.30510614528276,1977.2699724544107,187.49987760369868,5.149821358182676,0.6164101103242331,9.65590874340165,4.931886169181683
73.96921323890797,9.30510614528276,1977.2699724544107,187.49987760369868,4.506172692610537,0.6164101103242331,8.44906828325605,4.31547605885745
73.96921323890797,9.30510614528276,1977.2699724544107,187.49987760369868,3.862524027038399,0.6164101103242331,7.2422278231104515,3.699065948533217
73.96921323890797,9.30510614528276,1977.2699724544107,187.49987760369868,3.218875361466261,0.6164101103242331,6.035387362964854,3.0826558382089844
73.96921323890797,9.30510614528276,1977.2699724544107,187.49987760369868,2.575226695894123,0.6164101103242331,4.828546902819254,2.466245727884751
73.96921323890797,9.30510614528276,1977.2699724544107,187.49987760369868,1.931578030321985,0.6164101103242331,3.6217064426736556,1.8498356175605182
73.96921323890797,9.30510614528276,1977.2699724544107,187.49987760369868,1.2879293647498469,0.6164101103242331,2.4148659825280565,1.233425507236285
73.96921323890797,9.30510614528276,1977.2699724544107,187.49987760369868,0.6442806991777087,0.6164101103242331,1.2080255223824579,0.617015396912052
101.54614284548342,4.580143360819746,1989.14452199269,84.15986912360694,73.32132623653628,1.6924357140913902,61.707132200361805,38.45106444645185
101.54614284548342,4.580143360819746,1989.14452199269,84.15986912360694,70.09406496526319,1.6924357140913902,58.991073338181515,36.758628732360464
101.54614284548342,4.580143360819746,1989.14452199269,84.15986912360694,66.8668036939901,1.6924357140913902,56.27501447600123,35.06619301826908
101.54614284548342,4.580143360819746,1989.14452199269,84.15986912360694,63.63954242271699,1.6924357140913902,53.558955613820935,33.373757304177694
101.54614284548342,4.580143360819746,1989.14452199269,84.15986912360694,60.41228115144389,1.6924357140913902,50.842896751640644,31.681321590086302
101.54614284548342,4.580143360819746,1989.14452199269,84.15986912360694,57.18501988017079,1.6924357140913902,48.12683788946035,29.98888587599491
101.54614284548342,4.580143360819746,1989.14452199269,84.15986912360694,53.95775860889769,1.6924357140913902,45.41077902728005,28.29645016190352
101.54614284548342,4.580143360819746,1989.14452199269,84.15986912360694,50.73049733762459,1.6924357140913902,42.69472016509976,26.60401444781213
101.54614284548342,4.580143360819746,1989.14452199269,84.15986912360694,47.50323606635149,1.6924357140913902,39.97866130291946,24.911578733720734
101.54614284548342,4.580143360819746,1989.14452199269,84.15986912360694,44.27597479507839,1.6924357140913902,37.262602440739165,23.219143019629342
101.54614284548342,4.580143360819746,1989.14452199269,84.15986912360694,41.04871352380529,1.6924357140913902,34.546543578558875,21.526707305537954
101.54614284548342,4.580143360819746,1989.14452199269,84.15986912360694,37.82145225253219,1.6924357140913902,31.830484716378578,19.834271591446562
101.54614284548342,4.580143360819746,1989.14452199269,84.15986912360694,34.59419098125909,1.6924357140913902,29.114425854198284,18.14183587735517
101.54614284548342,4.580143360819746,1989.14452199269,84.15986912360694,31.36692970998599,1.6924357140913902,26.39836699201799,16.449400163263782
101.54614284548342,4.580143360819746,1989.14452199269,84.15986912360694,28.13966843871289,1.6924357140913902,23.682308129837697,14.75696444917239
101.54614284548342,4.580143360819746,1989.14452199269,84.15986912360694,24.91240716743979,1.6924357140913902,20.9662492676574,13.064528735080998
101.54614284548342,4.580143360819746,1989.14452199269,84.15986912360694,21.685145896166688,1.6924357140913902,18.250190405477106,11.372093020989606
101.54614284548342,4.580143360819746,1989.14452199269,84.15986912360694,18.457884624893587,1.6924357140913902,15.53413154329681,9.679657306898216
101.54614284548342,4.580143360819746,1989.14452199269,84.15986912360694,15.230623353620489,1.6924357140913902,12.818072681116519,7.987221592806826
101.54614284548342,4.580143360819746,1989.14452199269,84.15986912360694,12.00336208234739,1.6924357140913902,10.102013818936225,6.294785878715436
101.54614284548342,4.580143360819746,1989.14452199269,84.15986912360694,8.776100811074292,1.6924357140913902,7.385954956755931,4.602350164624045
101.54614284548342,4.580143360819746,1989.14452199269,84.15986912360694,5.548839539801193,1.6924357140913902,4.669896094575638,2.909914450532654
101.54614284548342,4.580143360819746,1989.14452199269,84.15986912360694,2.3215782685280946,1.6924357140913902,1.9538372323953446,1.217478736441264
51.098232171566224,4.592123566761281,2202.6514506917297,51.84714427745446,33.158430050184876,0.851637202859437,17.19169906825817,2.196517958432469
51.098232171566224,4.592123566761281,2202.6514506917297,51.84714427745446,20.302194338229988,0.851637202859437,10.526107990031292,1.3448807555730315
51.098232171566224,4.592123566761281,2202.6514506917297,51.84714427745446,7.4459586262751,0.851637202859437,3.860516911804418,0.4932435527135949
45.606832276132394,4.213257793715748,2028.8247127617772,181.95403881221225,19.916378983478864,0.7601138712688732,36.238655945586416,4.562179011545241
45.606832276132394,4.213257793715748,2028.8247127617772,181.95403881221225,16.59807080388322,0.7601138712688732,30.200860192576148,3.802065140276368
45.606832276132394,4.213257793715748,2028.8247127617772,181.95403881221225,13.279762624287578,0.7601138712688732,24.163064439565876,3.041951269007495
45.606832276132394,4.213257793715748,2028.8247127617772,181.95403881221225,9.961454444691935,0.7601138712688732,18.125268686555604,2.281837397738622
45.606832276132394,4.213257793715748,2028.8247127617772,181.95403881221225,6.6431462650962905,0.7601138712688732,12.087472933545333,1.521723526469749
45.606832276132394,4.213257793715748,2028.8247127617772,181.95403881221225,3.3248380855006463,0.7601138712688732,6.049677180535061,0.761609655200876
45.606832276132394,4.213257793715748,2028.8247127617772,181.95403881221225,0.006529905905002131,0.7601138712688732,0.011881427524788518,0.0014957839320028058
44.9292229148875,5.1110227708609735,1344.1580670553808,110.29384029852322,51.8207830524588,0.1872050954786979,57.15513170132309,9.606483186842642
44.9292229148875,5.1110227708609735,1344.1580670553808,110.29384029852322,50.810932262067226,0.1872050954786979,56.04132848331523,9.419278091363944
44.9292229148875,5.1110227708609735,1344.1580670553808,110.29384029852322,49.80108147167565,0.1872050954786979,54.92752526530738,9.232072995885247
44.9292229148875,5.1110227708609735,1344.1580670553808,110.29384029852322,48.79123068128408,0.1872050954786979,53.81372204729952,9.04486790040655
44.9292229148875,5.1110227708609735,1344.1580670553808,110.29384029852322,47.7813798908925,0.1872050954786979,52.69991882929166,8.857662804927852
44.9292229148875,5.1110227708609735,1344.1580670553808,110.29384029852322,46.77152910050093,0.1872050954786979,51.58611561128381,8.670457709449154
44.9292229148875,5.1110227708609735,1344.1580670553808,110.29384029852322,45.76167831010935,0.1872050954786979,50.47231239327595,8.483252613970457
44.9292229148875,5.1110227708609735,1344.1580670553808,110.29384029852322,44.75182751971778,0.1872050954786979,49.3585091752681,8.296047518491761
44.9292229148875,5.1110227708609735,1344.1580670553808,110.29384029852322,43.741976729326204,0.1872050954786979,48.24470595726024,8.108842423013064
44.9292229148875,5.1110227708609735,1344.1580670553808,110.29384029852322,42.73212593893463,0.1872050954786979,47.13090273925238,7.9216373275343654
44.9292229148875,5.1110227708609735,1344.1580670553808,110.29384029852322,41.722275148543055,0.1872050954786979,46.01709952124452,7.734432232055668
44.9292229148875,5.1110227708609735,1344.1580670553808,110.29384029852322,40.71242435815148,0.1872050954786979,44.90329630323666,7.54722713657697
44.9292229148875,5.1110227708609735,1344.1580670553808,110.29384029852322,39.702573567759906,0.1872050954786979,43.789493085228806,7.360022041098274
44.9292229148875,5.1110227708609735,1344.1580670553808,110.29384029852322,38.69272277736833,0.1872050954786979,42.675689867220946,7.172816945619576
44.9292229148875,5.1110227708609735,1344.1580670553808,110.29384029852322,37.68287198697676,0.1872050954786979,41.561886649213086,6.985611850140878
44.9292229148875,5.1110227708609735,1344.1580670553808,110.29384029852322,36.67302119658518,0.1872050954786979,40.44808343120523,6.798406754662181
44.9292229148875,5.1110227708609735,1344.1580670553808,110.29384029852322,35.66317040619361,0.1872050954786979,39.334280213197374,6.611201659183484
44.9292229148875,5.1110227708609735,1344.1580670553808,110.29384029852322,34.65331961580203,0.1872050954786979,38.220476995189514,6.423996563704786
44.9292229148875,5.1110227708609735,1344.1580670553808,110.29384029852322,33.64346882541046,0.1872050954786979,37.10667377718166,6.236791468226089
44.9292229148875,5.1110227708609735,1344.1580670553808,110.29384029852322,32.633618035018884,0.1872050954786979,35.9928705591738,6.049586372747392
44.9292229148875,5.1110227708609735,1344.1580670553808,110.29384029852322,31.623767244627306,0.1872050954786979,34.879067341165936,5.8623812772686925
44.9292229148875,5.1110227708609735,1344.1580670553808,110.29384029852322,30.613916454235728,0.1872050954786979,33.765264123158076,5.675176181789995
44.9292229148875,5.1110227708609735,1344.1580670553808,110.29384029852322,29.60406566384415,0.1872050954786979,32.651460905150216,5.487971086311298
44.9292229148875,5.1110227708609735,1344.1580670553808,110.29384029852322,28.59421487345257,0.1872050954786979,31.537657687142353,5.300765990832599
44.9292229148875,5.1110227708609735,1344.1580670553808,110.29384029852322,27.584364083060994,0.1872050954786979,30.42385446913449,5.113560895353901
44.9292229148875,5.1110227708609735,1344.1580670553808,110.29384029852322,26.574513292669415,0.1872050954786979,29.31005125112663,4.9263557998752034
44.9292229148875,5.1110227708609735,1344.1580670553808,110.29384029852322,25.564662502277837,0.1872050954786979,28.196248033118767,4.739150704396505
44.9292229148875,5.1110227708609735,1344.1580670553808,110.29384029852322,24.55481171188626,0.1872050954786979,27.082444815110907,4.551945608917807
44.9292229148875,5.1110227708609735,1344.1580670553808,110.29384029852322,23.54496092149468,0.1872050954786979,25.968641597103044,4.364740513439108
44.9292229148875,5.1110227708609735,1344.1580670553808,110.29384029852322,22.535110131103103,0.1872050954786979,24.854838379095185,4.177535417960411
44.9292229148875,5.1110227708609735,1344.1580670553808,110.29384029852322,21.525259340711525,0.1872050954786979,23.74103516108732,3.9903303224817126
44.9292229148875,5.1110227708609735,1344.1580670553808,110.29384029852322,20.515408550319947,0.1872050954786979,22.62723194307946,3.803125227003015
44.9292229148875,5.1110227708609735,1344.1580670553808,110.29384029852322,19.50555775992837,0.1872050954786979,21.5134287250716,3.615920131524317
44.9292229148875,5.1110227708609735,1344.1580670553808,110.29384029852322,18.49570696953679,0.1872050954786979,20.399625507063735,3.4287150360456184
44.9292229148875,5.1110227708609735,1344.1580670553808,110.29384029852322,17.485856179145213,0.1872050954786979,19.285822289055876,3.2415099405669205
44.9292229148875,5.1110227708609735,1344.1580670553808,110.29384029852322,16.476005388753634,0.1872050954786979,18.172019071048013,3.054304845088222
44.9292229148875,5.1110227708609735,1344.1580670553808,110.29384029852322,15.466154598362056,0.1872050954786979,17.058215853040153,2.8670997496095243
44.9292229148875,5.1110227708609735,1344.1580670553808,110.29384029852322,14.456303807970478,0.1872050954786979,15.94441263503229,2.6798946541308264
44.9292229148875,5.1110227708609735,1344.1580670553808,110.29384029852322,13.4464530175789,0.1872050954786979,14.830609417024428,2.492689558652128
44.9292229148875,5.1110227708609735,1344.1580670553808,110.29384029852322,12.436602227187322,0.1872050954786979,13.716806199016567,2.30548446317343
44.9292229148875,5.1110227708609735,1344.1580670553808,110.29384029852322,11.426751436795744,0.1872050954786979,12.603002981008705,2.1182793676947322
44.9292229148875,5.1110227708609735,1344.1580670553808,110.29384029852322,10.416900646404166,0.1872050954786979,11.489199763000844,1.9310742722160341
44.9292229148875,5.1110227708609735,1344.1580670553808,110.29384029852322,9.407049856012588,0.1872050954786979,10.375396544992983,1.743869176737336
44.9292229148875,5.1110227708609735,1344.1580670553808,110.29384029852322,8.39719906562101,0.1872050954786979,9.261593326985121,1.556664081258638
44.9292229148875,5.1110227708609735,1344.1580670553808,110.29384029852322,7.387348275229432,0.1872050954786979,8.14779010897726,1.36945898577994
44.9292229148875,5.1110227708609735,1344.1580670553808,110.29384029852322,6.377497484837855,0.1872050954786979,7.033986890969398,1.182253890301242
44.9292229148875,5.1110227708609735,1344.1580670553808,110.29384029852322,5.367646694446278,0.1872050954786979,5.920183672961539,0.9950487948225443
44.9292229148875,5.1110227708609735,1344.1580670553808,110.29384029852322,4.357795904054701,0.1872050954786979,4.806380454953678,0.8078436993438464
44.9292229148875,5.1110227708609735,1344.1580670553808,110.29384029852322,3.3479451136631235,0.1872050954786979,3.692577236945817,0.6206386038651485
44.9292229148875,5.1110227708609735,1344.1580670553808,110.29384029852322,2.3380943232715463,0.1872050954786979,2.5787740189379567,0.43343350838645056
44.9292229148875,5.1110227708609735,1344.1580670553808,110.29384029852322,1.3282435328799689,0.1872050954786979,1.4649708009300957,0.2462284129077526
44.9292229148875,5.1110227708609735,1344.1580670553808,110.29384029852322,0.31839274248839144,0.1872050954786979,0.35116758292223477,0.05902331742905465
65.65345704829102,-1.6698010425926757,1497.4376151391093,52.316785572606875,30.730700759684417,0.5471121420690918,16.07731482140357,2.4928540618692003
65.65345704829102,-1.6698010425926757,1497.4376151391093,52.316785572606875,23.986166542022147,0.5471121420690918,12.5487913168781,1.945741919800109
65.65345704829102,-1.6698010425926757,1497.4376151391093,52.316785572606875,17.241632324359877,0.5471121420690918,9.020267812352632,1.3986297777310175
65.65345704829102,-1.6698010425926757,1497.4376151391093,52.316785572606875,10.497098106697605,0.5471121420690918,5.491744307827163,0.8515176356619257
65.65345704829102,-1.6698010425926757,1497.4376151391093,52.316785572606875,3.752563889035333,0.5471121420690918,1.9632208033016922,0.3044054935928339
101.80147659224932,-9.860957389376185,2348.2643365945287,91.89520336084384,87.01684237958288,0.42417281913437216,79.96430426290263,20.042405269490377
101.80147659224932,-9.860957389376185,2348.2643365945287,91.89520336084384,85.1752380986583,0.42417281913437216,78.27195826384498,19.618232450356007
101.80147659224932,-9.860957389376185,2348.2643365945287,91.89520336084384,83.33363381773371,0.42417281913437216,76.57961226478733,19.194059631221634
101.80147659224932,-9.860957389376185,2348.2643365945287,91.89520336084384,81.49202953680913,0.42417281913437216,74.88726626572968,18.769886812087265
101.80147659224932,-9.860957389376185,2348.2643365945287,91.89520336084384,79.65042525588454,0.42417281913437216,73.19492026667201,18.34571399295289
101.80147659224932,-9.860957389376185,2348.2643365945287,91.89520336084384,77.80882097495996,0.42417281913437216,71.50257426761436,17.921541173818518
101.80147659224932,-9.860957389376185,2348.2643365945287,91.89520336084384,75.96721669403537,0.42417281913437216,69.81022826855671,17.49736835468415
101.80147659224932,-9.860957389376185,2348.2643365945287,91.89520336084384,74.12561241311079,0.42417281913437216,68.11788226949906,17.073195535549775
101.80147659224932,-9.860957389376185,2348.2643365945287,91.89520336084384,72.2840081321862,0.42417281913437216,66.42553627044141,16.649022716415406
101.80147659224932,-9.860957389376185,2348.2643365945287,91.89520336084384,70.44240385126162,0.42417281913437216,64.73319027138375,16.224849897281032
101.80147659224932,-9.860957389376185,2348.2643365945287,91.89520336084384,68.60079957033703,0.42417281913437216,63.040844272326105,15.800677078146663
101.80147659224932,-9.860957389376185,2348.2643365945287,91.89520336084384,66.75919528941245,0.42417281913437216,61.34849827326845,15.37650425901229
101.80147659224932,-9.860957389376185,2348.2643365945287,91.89520336084384,64.91759100848786,0.42417281913437216,59.6561522742108,14.952331439877918
101.80147659224932,-9.860957389376185,2348.2643365945287,91.89520336084384,63.075986727563276,0.42417281913437216,57.96380627515314,14.528158620743545
101.80147659224932,-9.860957389376185,2348.2643365945287,91.89520336084384,61.23438244663869,0.42417281913437216,56.27146027609549,14.103985801609175
101.80147659224932,-9.860957389376185,2348.2643365945287,91.89520336084384,59.392778165714105,0.42417281913437216,54.57911427703784,13.679812982474804
101.80147659224932,-9.860957389376185,2348.2643365945287,91.89520336084384,57.55117388478952,0.42417281913437216,52.88676827798018,13.25564016334043
101.80147659224932,-9.860957389376185,2348.2643365945287,91.89520336084384,55.709569603864935,0.42417281913437216,51.19442227892253,12.83146734420606
101.80147659224932,-9.860957389376185,2348.2643365945287,91.89520336084384,53.86796532294035,0.42417281913437216,49.50207627986487,12.407294525071688
101.80147659224932,-9.860957389376185,2348.2643365945287,91.89520336084384,52.026361042015765,0.42417281913437216,47.80973028080722,11.983121705937316
101.80147659224932,-9.860957389376185,2348.2643365945287,91.89520336084384,50.18475676109118,0.42417281913437216,46.117384281749565,11.558948886802943
101.80147659224932,-9.860957389376185,2348.2643365945287,91.89520336084384,48.343152480166594,0.42417281913437216,44.425038282691915,11.134776067668572
101.80147659224932,-9.860957389376185,2348.2643365945287,91.89520336084384,46.50154819924201,0.42417281913437216,42.73269228363426,10.7106032485342
101.80147659224932,-9.860957389376185,2348.2643365945287,91.89520336084384,44.659943918317424,0.42417281913437216,41.04034628457661,10.286430429399829
101.80147659224932,-9.860957389376185,2348.2643365945287,91.89520336084384,42.81833963739284,0.42417281913437216,39.34800028551895,9.862257610265456
101.80147659224932,-9.860957389376185,2348.2643365945287,91.89520336084384,40.976735356468254,0.42417281913437216,37.6556542864613,9.438084791131084
101.80147659224932,-9.860957389376185,2348.2643365945287,91.89520336084384,39.13513107554367,0.42417281913437216,35.96330828740364,9.013911971996713
101.80147659224932,-9.860957389376185,2348.2643365945287,91.89520336084384,37.29352679461908,0.42417281913437216,34.27096228834599,8.589739152862341
101.80147659224932,-9.860957389376185,2348.2643365945287,91.89520336084384,35.4519225136945,0.42417281913437216,32.57861628928834,8.16556633372797
101.80147659224932,-9.860957389376185,2348.2643365945287,91.89520336084384,33.61031823276991,0.42417281913437216,30.886270290230687,7.7413935145935975
101.80147659224932,-9.860957389376185,2348.2643365945287,91.89520336084384,31.768713951845328,0.42417281913437216,29.193924291173033,7.317220695459226
101.80147659224932,-9.860957389376185,2348.2643365945287,91.89520336084384,29.927109670920743,0.42417281913437216,27.50157829211538,6.893047876324854
101.80147659224932,-9.860957389376185,2348.2643365945287,91.89520336084384,28.085505389996158,0.42417281913437216,25.809232293057725,6.468875057190482
101.80147659224932,-9.860957389376185,2348.2643365945287,91.89520336084384,26.243901109071572,0.42417281913437216,24.11688629400007,6.04470223805611
101.80147659224932,-9.860957389376185,2348.2643365945287,91.89520336084384,24.402296828146987,0.42417281913437216,22.42454029494242,5.620529418921739
101.80147659224932,-9.860957389376185,2348.2643365945287,91.89520336084384,22.560692547222402,0.42417281913437216,20.732194295884767,5.196356599787367
101.80147659224932,-9.860957389376185,2348.2643365945287,91.89520336084384,20.719088266297817,0.42417281913437216,19.039848296827113,4.772183780652996
101.80147659224932,-9.860957389376185,2348.2643365945287,91.89520336084384,18.87748398537323,0.42417281913437216,17.34750229776946,4.348010961518623
101.80147659224932,-9.860957389376185,2348.2643365945287,91.89520336084384,17.035879704448647,0.42417281913437216,15.655156298711807,3.9238381423842523
101.80147659224932,-9.860957389376185,2348.2643365945287,91.89520336084384,15.19427542352406,0.42417281913437216,13.96281029965415,3.4996653232498796
101.80147659224932,-9.860957389376185,2348.2643365945287,91.89520336084384,13.352671142599473,0.42417281913437216,12.270464300596496,3.0754925041155077
101.80147659224932,-9.860957389376185,2348.2643365945287,91.89520336084384,11.511066861674886,0.42417281913437216,10.578118301538842,2.651319684981136
101.80147659224932,-9.860957389376185,2348.2643365945287,91.89520336084384,9.669462580750299,0.42417281913437216,8.885772302481186,2.2271468658467635
101.80147659224932,-9.860957389376185,2348.2643365945287,91.89520336084384,7.827858299825712,0.42417281913437216,7.19342630342353,1.802974046712391
101.80147659224932,-9.860957389376185,2348.2643365945287,91.89520336084384,5.986254018901125,0.42417281913437216,5.501080304365876,1.3788012275780188
101.80147659224932,-9.860957389376185,2348.2643365945287,91.89520336084384,4.144649737976538,0.42417281913437216,3.8087343053082208,0.9546284084436467
101.80147659224932,-9.860957389376185,2348.2643365945287,91.89520336084384,2.303045457051951,0.42417281913437216,2.1163883062505655,0.5304555893092745
101.80147659224932,-9.860957389376185,2348.2643365945287,91.89520336084384,0.461441176127364,0.42417281913437216,0.42404230719291075,0.10628277017490244
60.383617105804085,-4.921691721313106,1863.9714933508355,106.78576050380464,24.171297677519075,0.25159840460751703,25.811504048577213,5.961735810699679
60.383617105804085,-4.921691721313106,1863.9714933508355,106.78576050380464,23.151215586319623,0.25159840460751703,24.722201629726765,5.710137406092161
60.383617105804085,-4.921691721313106,1863.9714933508355,106.78576050380464,22.13113349512017,0.25159840460751703,23.632899210876314,5.4585390014846435
60.383617105804085,-4.921691721313106,1863.9714933508355,106.78576050380464,21.11105140392072,0.25159840460751703,22.543596792025866,5.206940596877127
60.383617105804085,-4.921691721313106,1863.9714933508355,106.78576050380464,20.090969312721267,0.25159840460751703,21.454294373175415,4.955342192269609
60.383617105804085,-4.921691721313106,1863.9714933508355,106.78576050380464,19.070887221521815,0.25159840460751703,20.364991954324967,4.703743787662091
60.383617105804085,-4.921691721313106,1863.9714933508355,106.78576050380464,18.050805130322363,0.25159840460751703,19.27568953547452,4.4521453830545745
60.383617105804085,-4.921691721313106,1863.9714933508355,106.78576050380464,17.03072303912291,0.25159840460751703,18.186387116624072,4.200546978447058
60.383617105804085,-4.921691721313106,1863.9714933508355,106.78576050380464,16.01064094792346,0.25159840460751703,17.097084697773624,3.9489485738395405
60.383617105804085,-4.921691721313106,1863.9714933508355,106.78576050380464,14.99055885672401,0.25159840460751703,16.007782278923177,3.6973501692320236
60.383617105804085,-4.921691721313106,1863.9714933508355,106.78576050380464,13.970476765524559,0.25159840460751703,14.918479860072727,3.445751764624506
60.383617105804085,-4.921691721313106,1863.9714933508355,106.78576050380464,12.950394674325109,0.25159840460751703,13.829177441222281,3.194153360016989
60.383617105804085,-4.921691721313106,1863.9714933508355,106.78576050380464,11.930312583125659,0.25159840460751703,12.739875022371834,2.9425549554094723
60.383617105804085,-4.921691721313106,1863.9714933508355,106.78576050380464,10.910230491926209,0.25159840460751703,11.650572603521388,2.6909565508019555
60.383617105804085,-4.921691721313106,1863.9714933508355,106.78576050380464,9.890148400726758,0.25159840460751703,10.561270184670942,2.439358146194439
60.383617105804085,-4.921691721313106,1863.9714933508355,106.78576050380464,8.870066309527308,0.25159840460751703,9.471967765820494,2.187759741586922
60.383617105804085,-4.921691721313106,1863.9714933508355,106.78576050380464,7.849984218327858,0.25159840460751703,8.382665346970049,1.9361613369794053
60.383617105804085,-4.921691721313106,1863.9714933508355,106.78576050380464,6.829902127128408,0.25159840460751703,7.2933629281196,1.6845629323718878
60.383617105804085,-4.921691721313106,1863.9714933508355,106.78576050380464,5.809820035928958,0.25159840460751703,6.204060509269154,1.4329645277643712
60.383617105804085,-4.921691721313106,1863.9714933508355,106.78576050380464,4.789737944729508,0.25159840460751703,5.114758090418707,1.1813661231568544
60.383617105804085,-4.921691721313106,1863.9714933508355,106.78576050380464,3.769655853530057,0.25159840460751703,4.02545567156826,0.9297677185493373
60.383617105804085,-4.921691721313106,1863.9714933508355,106.78576050380464,2.7495737623306065,0.25159840460751703,2.936153252717812,0.6781693139418202
60.383617105804085,-4.921691721313106,1863.9714933508355,106.78576050380464,1.7294916711311559,0.25159840460751703,1.8468508338673646,0.4265709093343032
60.383617105804085,-4.921691721313106,1863.9714933508355,106.78576050380464,0.7094095799317053,0.25159840460751703,0.7575484150169173,0.17497250472678622
23.30507329005484,2.6870268940272757,1520.9388816901815,151.40868365436614,45.38221857576312,0.19420894408379033,68.71261975871016,3.963888917382975
23.30507329005484,2.6870268940272757,1520.9388816901815,151.40868365436614,43.1587373093916,0.19420894408379033,65.34607604199562,3.769679973299185
23.30507329005484,2.6870268940272757,1520.9388816901815,151.40868365436614,40.935256043020075,0.19420894408379033,61.97953232528106,3.5754710292153944
23.30507329005484,2.6870268940272757,1520.9388816901815,151.40868365436614,38.711774776648554,0.19420894408379033,58.61298860856652,3.3812620851316044
23.30507329005484,2.6870268940272757,1520.9388816901815,151.40868365436614,36.48829351027703,0.19420894408379033,55.246444891851965,3.1870531410478136
23.30507329005484,2.6870268940272757,1520.9388816901815,151.40868365436614,34.26481224390551,0.19420894408379033,51.87990117513741,2.992844196964023
23.30507329005484,2.6870268940272757,1520.9388816901815,151.40868365436614,32.04133097753399,0.19420894408379033,48.51335745842286,2.7986352528802323
23.30507329005484,2.6870268940272757,1520.9388816901815,151.40868365436614,29.81784971116247,0.19420894408379033,45.146813741708314,2.6044263087964423
23.30507329005484,2.6870268940272757,1520.9388816901815,151.40868365436614,27.594368444790952,0.19420894408379033,41.78027002499377,2.4102173647126524
23.30507329005484,2.6870268940272757,1520.9388816901815,151.40868365436614,25.370887178419434,0.19420894408379033,38.413726308279216,2.2160084206288615
23.30507329005484,2.6870268940272757,1520.9388816901815,151.40868365436614,23.147405912047915,0.19420894408379033,35.04718259156468,2.021799476545072
23.30507329005484,2.6870268940272757,1520.9388816901815,151.40868365436614,20.923924645676397,0.19420894408379033,31.68063887485013,1.8275905324612813
23.30507329005484,2.6870268940272757,1520.9388816901815,151.40868365436614,18.70044337930488,0.19420894408379033,28.314095158135583,1.6333815883774911
23.30507329005484,2.6870268940272757,1520.9388816901815,151.40868365436614,16.47696211293336,0.19420894408379033,24.947551441421034,1.439172644293701
23.30507329005484,2.6870268940272757,1520.9388816901815,151.40868365436614,14.25348084656184,0.19420894408379033,21.581007724706488,1.2449637002099108
23.30507329005484,2.6870268940272757,1520.9388816901815,151.40868365436614,12.02999958019032,0.19420894408379033,18.214464007991936,1.0507547561261201
23.30507329005484,2.6870268940272757,1520.9388816901815,151.40868365436614,9.8065183138188,0.19420894408379033,14.847920291277388,0.8565458120423298
23.30507329005484,2.6870268940272757,1520.9388816901815,151.40868365436614,7.583037047447281,0.19420894408379033,11.481376574562839,0.6623368679585395
23.30507329005484,2.6870268940272757,1520.9388816901815,151.40868365436614,5.359555781075761,0.19420894408379033,8.114832857848292,0.4681279238747492
23.30507329005484,2.6870268940272757,1520.9388816901815,151.40868365436614,3.1360745147042413,0.19420894408379033,4.748289141133744,0.2739189797909589
23.30507329005484,2.6870268940272757,1520.9388816901815,151.40868365436614,0.9125932483327217,0.19420894408379033,1.3817454244191945,0.07971003570716852
92.82163486118596,2.6461166118715895,2084.917087021197,124.94953333074182,48.38086016801473,0.38675681192160816,60.451659001333155,17.961027810466543
92.82163486118596,2.6461166118715895,2084.917087021197,124.94953333074182,47.3390697184892,0.38675681192160816,59.14994669636677,17.574270998544936
92.82163486118596,2.6461166118715895,2084.917087021197,124.94953333074182,46.29727926896367,0.38675681192160816,57.84823439140038,17.18751418662333
92.82163486118596,2.6461166118715895,2084.917087021197,124.94953333074182,45.25548881943814,0.38675681192160816,56.546522086434,16.800757374701725
92.82163486118596,2.6461166118715895,2084.917087021197,124.94953333074182,44.21369836991261,0.38675681192160816,55.24480978146761,16.414000562780114
92.82163486118596,2.6461166118715895,2084.917087021197,124.94953333074182,43.171907920387085,0.38675681192160816,53.94309747650123,16.027243750858506
92.82163486118596,2.6461166118715895,2084.917087021197,124.94953333074182,42.130117470861556,0.38675681192160816,52.64138517153484,15.6404869389369
92.82163486118596,2.6461166118715895,2084.917087021197,124.94953333074182,41.08832702133603,0.38675681192160816,51.339672866568456,15.253730127015292
92.82163486118596,2.6461166118715895,2084.917087021197,124.94953333074182,40.0465365718105,0.38675681192160816,50.03796056160207,14.866973315093684
92.82163486118596,2.6461166118715895,2084.917087021197,124.94953333074182,39.00474612228497,0.38675681192160816,48.73624825663569,14.480216503172079
92.82163486118596,2.6461166118715895,2084.917087021197,124.94953333074182,37.96295567275944,0.38675681192160816,47.4345359516693,14.09345969125047
92.82163486118596,2.6461166118715895,2084.917087021197,124.94953333074182,36.92116522323391,0.38675681192160816,46.13282364670292,13.706702879328862
92.82163486118596,2.6461166118715895,2084.917087021197,124.94953333074182,35.879374773708385,0.38675681192160816,44.83111134173653,13.319946067407255
92.82163486118596,2.6461166118715895,2084.917087021197,124.94953333074182,34.837584324182856,0.38675681192160816,43.529399036770144,12.933189255485647
92.82163486118596,2.6461166118715895,2084.917087021197,124.94953333074182,33.79579387465733,0.38675681192160816,42.22768673180376,12.54643244356404
92.82163486118596,2.6461166118715895,2084.917087021197,124.94953333074182,32.7540034251318,0.38675681192160816,40.92597442683737,12.159675631642433
92.82163486118596,2.6461166118715895,2084.917087021197,124.94953333074182,31.71221297560627,0.38675681192160816,39.624262121870984,11.772918819720823
92.82163486118596,2.6461166118715895,2084.917087021197,124.94953333074182,30.670422526080742,0.38675681192160816,38.322549816904605,11.386162007799218
92.82163486118596,2.6461166118715895,2084.917087021197,124.94953333074182,29.628632076555213,0.38675681192160816,37.02083751193821,10.999405195877609
92.82163486118596,2.6461166118715895,2084.917087021197,124.94953333074182,28.586841627029685,0.38675681192160816,35.71912520697183,10.612648383956003
92.82163486118596,2.6461166118715895,2084.917087021197,124.94953333074182,27.545051177504156,0.38675681192160816,34.417412902005445,10.225891572034394
92.82163486118596,2.6461166118715895,2084.917087021197,124.94953333074182,26.503260727978628,0.38675681192160816,33.11570059703906,9.839134760112787
92.82163486118596,2.6461166118715895,2084.917087021197,124.94953333074182,25.4614702784531,0.38675681192160816,31.813988292072672,9.45237794819118
92.82163486118596,2.6461166118715895,2084.917087021197,124.94953333074182,24.41967982892757,0.38675681192160816,30.512275987106293,9.065621136269574
92.82163486118596,2.6461166118715895,2084.917087021197,124.94953333074182,23.377889379402042,0.38675681192160816,29.210563682139906,8.678864324347966
92.82163486118596,2.6461166118715895,2084.917087021197,124.94953333074182,22.336098929876513,0.38675681192160816,27.90885137717352,8.292107512426357
92.82163486118596,2.6461166118715895,2084.917087021197,124.94953333074182,21.294308480350985,0.38675681192160816,26.607139072207133,7.90535070050475
92.82163486118596,2.6461166118715895,2084.917087021197,124.94953333074182,20.252518030825456,0.38675681192160816,25.30542676724075,7.518593888583143
92.82163486118596,2.6461166118715895,2084.917087021197,124.94953333074182,19.210727581299928,0.38675681192160816,24.003714462274363,7.131837076661536
92.82163486118596,2.6461166118715895,2084.917087021197,124.94953333074182,18.1689371317744,0.38675681192160816,22.702002157307977,6.7450802647399275
92.82163486118596,2.6461166118715895,2084.917087021197,124.94953333074182,17.12714668224887,0.38675681192160816,21.400289852341594,6.358323452818321
92.82163486118596,2.6461166118715895,2084.917087021197,124.94953333074182,16.085356232723342,0.38675681192160816,20.098577547375207,5.971566640896713
92.82163486118596,2.6461166118715895,2084.917087021197,124.94953333074182,15.043565783197812,0.38675681192160816,18.79686524240882,5.584809828975105
92.82163486118596,2.6461166118715895,2084.917087021197,124.94953333074182,14.001775333672281,0.38675681192160816,17.495152937442434,5.198053017053497
92.82163486118596,2.6461166118715895,2084.917087021197,124.94953333074182,12.95998488414675,0.38675681192160816,16.193440632476044,4.811296205131889
92.82163486118596,2.6461166118715895,2084.917087021197,124.94953333074182,11.91819443462122,0.38675681192160816,14.891728327509659,4.4245393932102814
92.82163486118596,2.6461166118715895,2084.917087021197,124.94953333074182,10.87640398509569,0.38675681192160816,13.590016022543269,4.037782581288672
92.82163486118596,2.6461166118715895,2084.917087021197,124.94953333074182,9.83461353557016,0.38675681192160816,12.288303717576882,3.6510257693670645
92.82163486118596,2.6461166118715895,2084.917087021197,124.94953333074182,8.79282308604463,0.38675681192160816,10.986591412610496,3.2642689574454566
92.82163486118596,2.6461166118715895,2084.917087021197,124.94953333074182,7.751032636519099,0.38675681192160816,9.684879107644107,2.8775121455238484
92.82163486118596,2.6461166118715895,2084.917087021197,124.94953333074182,6.709242186993569,0.38675681192160816,8.38316680267772,2.4907553336022406
92.82163486118596,2.6461166118715895,2084.917087021197,124.94953333074182,5.667451737468038,0.38675681192160816,7.0814544977113325,2.1039985216806323
92.82163486118596,2.6461166118715895,2084.917087021197,124.94953333074182,4.625661287942508,0.38675681192160816,5.779742192744946,1.7172417097590245
92.82163486118596,2.6461166118715895,2084.917087021197,124.94953333074182,3.5838708384169777,0.38675681192160816,4.478029887778558,1.330484897837416
92.82163486118596,2.6461166118715895,2084.917087021197,124.94953333074182,2.5420803888914474,0.38675681192160816,3.1763175828121706,0.943728085915808
92.82163486118596,2.6461166118715895,2084.917087021197,124.94953333074182,1.500289939365917,0.38675681192160816,1.8746052778457827,0.5569712739941999
92.82163486118596,2.6461166118715895,2084.917087021197,124.94953333074182,0.4584994898403867,0.38675681192160816,0.5728929728793952,0.17021446207259178
42.02410475655483,6.190020922794308,2023.5886239891631,125.72394945196136,74.18116031454448,0.7004017459425804,93.26348449673633,19.166508223103943
42.02410475655483,6.190020922794308,2023.5886239891631,125.72394945196136,71.47035803404755,0.7004017459425804,89.85535680786175,18.466106477161365
42.02410475655483,6.190020922794308,2023.5886239891631,125.72394945196136,68.75955575355061,0.7004017459425804,86.44722911898717,17.765704731218783
42.02410475655483,6.190020922794308,2023.5886239891631,125.72394945196136,66.04875347305368,0.7004017459425804,83.03910143011258,17.0653029852762
42.02410475655483,6.190020922794308,2023.5886239891631,125.72394945196136,63.337951192556744,0.7004017459425804,79.630973741238,16.36490123933362
42.02410475655483,6.190020922794308,2023.5886239891631,125.72394945196136,60.62714891205981,0.7004017459425804,76.22284605236342,15.664499493391043
42.02410475655483,6.190020922794308,2023.5886239891631,125.72394945196136,57.916346631562874,0.7004017459425804,72.81471836348884,14.964097747448461
42.02410475655483,6.190020922794308,2023.5886239891631,125.72394945196136,55.20554435106594,0.7004017459425804,69.40659067461425,14.26369600150588
42.02410475655483,6.190020922794308,2023.5886239891631,125.72394945196136,52.494742070569,0.7004017459425804,65.99846298573966,13.563294255563298
42.02410475655483,6.190020922794308,2023.5886239891631,125.72394945196136,49.78393979007207,0.7004017459425804,62.590335296865085,12.862892509620718
42.02410475655483,6.190020922794308,2023.5886239891631,125.72394945196136,47.07313750957513,0.7004017459425804,59.182207607990506,12.162490763678138
42.02410475655483,6.190020922794308,2023.5886239891631,125.72394945196136,44.3623352290782,0.7004017459425804,55.77407991911592,11.462089017735556
42.02410475655483,6.190020922794308,2023.5886239891631,125.72394945196136,41.65153294858126,0.7004017459425804,52.365952230241334,10.761687271792976
42.02410475655483,6.190020922794308,2023.5886239891631,125.72394945196136,38.94073066808433,0.7004017459425804,48.957824541366755,10.061285525850396
31.347352124058908,7.54678706761962,1653.2657834792483,55.38824817462732,91.68575278818437,0.1306139671835788,50.78313229509485,5.2300511413965385
31.347352124058908,7.54678706761962,1653.2657834792483,55.38824817462732,89.39601611408372,0.1306139671835788,49.51488726349852,5.09943717421296
31.347352124058908,7.54678706761962,1653.2657834792483,55.38824817462732,87.10627943998307,0.1306139671835788,48.24664223190219,4.96882320702938
31.347352124058908,7.54678706761962,1653.2657834792483,55.38824817462732,84.81654276588242,0.1306139671835788,46.97839720030587,4.838209239845802
31.347352124058908,7.54678706761962,1653.2657834792483,55.38824817462732,82.52680609178176,0.1306139671835788,45.71015216870954,4.707595272662223
31.347352124058908,7.54678706761962,1653.2657834792483,55.38824817462732,80.23706941768111,0.1306139671835788,44.44190713711322,4.576981305478645
31.347352124058908,7.54678706761962,1653.2657834792483,55.38824817462732,77.94733274358046,0.1306139671835788,43.17366210551688,4.446367338295065
31.347352124058908,7.54678706761962,1653.2657834792483,55.38824817462732,75.65759606947981,0.1306139671835788,41.90541707392056,4.315753371111486
31.347352124058908,7.54678706761962,1653.2657834792483,55.38824817462732,73.36785939537916,0.1306139671835788,40.63717204232423,4.1851394039279075
31.347352124058908,7.54678706761962,1653.2657834792483,55.38824817462732,71.0781227212785,0.1306139671835788,39.36892701072791,4.0545254367443295
31.347352124058908,7.54678706761962,1653.2657834792483,55.38824817462732,68.78838604717785,0.1306139671835788,38.10068197913158,3.92391146956075
31.347352124058908,7.54678706761962,1653.2657834792483,55.38824817462732,66.4986493730772,0.1306139671835788,36.83243694753526,3.793297502377172
31.347352124058908,7.54678706761962,1653.2657834792483,55.38824817462732,64.20891269897655,0.1306139671835788,35.56419191593893,3.662683535193593
31.347352124058908,7.54678706761962,1653.2657834792483,55.38824817462732,61.919176024875895,0.1306139671835788,34.295946884342605,3.5320695680100145
31.347352124058908,7.54678706761962,1653.2657834792483,55.38824817462732,59.62943935077524,0.1306139671835788,33.027701852746276,3.4014556008264356
31.347352124058908,7.54678706761962,1653.2657834792483,55.38824817462732,57.33970267667459,0.1306139671835788,31.759456821149946,3.2708416336428567
31.347352124058908,7.54678706761962,1653.2657834792483,55.38824817462732,55.04996600257394,0.1306139671835788,30.49121178955362,3.140227666459278
31.347352124058908,7.54678706761962,1653.2657834792483,55.38824817462732,52.76022932847329,0.1306139671835788,29.22296675795729,3.009613699275699
31.347352124058908,7.54678706761962,1653.2657834792483,55.38824817462732,50.470492654372634,0.1306139671835788,27.954721726360965,2.87899973209212
31.347352124058908,7.54678706761962,1653.2657834792483,55.38824817462732,48.18075598027198,0.1306139671835788,26.68647669476464,2.7483857649085417
31.347352124058908,7.54678706761962,1653.2657834792483,55.38824817462732,45.89101930617133,0.1306139671835788,25.418231663168314,2.617771797724963
31.347352124058908,7.54678706761962,1653.2657834792483,55.38824817462732,43.60128263207068,0.1306139671835788,24.149986631571984,2.487157830541384
31.347352124058908,7.54678706761962,1653.2657834792483,55.38824817462732,41.311545957970026,0.1306139671835788,22.88174159997566,2.356543863357805
31.347352124058908,7.54678706761962,1653.2657834792483,55.38824817462732,39.02180928386937,0.1306139671835788,21.613496568379333,2.2259298961742267
31.347352124058908,7.54678706761962,1653.2657834792483,55.38824817462732,36.73207260976872,0.1306139671835788,20.345251536783007,2.095315928990648
31.347352124058908,7.54678706761962,1653.2657834792483,55.38824817462732,34.44233593566807,0.1306139671835788,19.077006505186677,1.964701961807069
31.347352124058908,7.54678706761962,1653.2657834792483,55.38824817462732,32.15259926156742,0.1306139671835788,17.80876147359035,1.8340879946234903
31.347352124058908,7.54678706761962,1653.2657834792483,55.38824817462732,29.862862587466765,0.1306139671835788,16.540516441994026,1.7034740274399114
31.347352124058908,7.54678706761962,1653.2657834792483,55.38824817462732,27.573125913366113,0.1306139671835788,15.2722714103977,1.5728600602563327
31.347352124058908,7.54678706761962,1653.2657834792483,55.38824817462732,25.28338923926546,0.1306139671835788,14.00402637880137,1.4422460930727539
31.347352124058908,7.54678706761962,1653.2657834792483,55.38824817462732,22.99365256516481,0.1306139671835788,12.735781347205045,1.3116321258891752
31.347352124058908,7.54678706761962,1653.2657834792483,55.38824817462732,20.703915891064156,0.1306139671835788,11.467536315608719,1.1810181587055966
31.347352124058908,7.54678706761962,1653.2657834792483,55.38824817462732,18.414179216963504,0.1306139671835788,10.199291284012391,1.0504041915220177
31.347352124058908,7.54678706761962,1653.2657834792483,55.38824817462732,16.12444254286285,0.1306139671835788,8.931046252416065,0.9197902243384389
31.347352124058908,7.54678706761962,1653.2657834792483,55.38824817462732,13.8347058687622,0.1306139671835788,7.662801220819738,0.7891762571548601
31.347352124058908,7.54678706761962,1653.2657834792483,55.38824817462732,11.544969194661547,0.1306139671835788,6.394556189223411,0.6585622899712813
31.347352124058908,7.54678706761962,1653.2657834792483,55.38824817462732,9.255232520560895,0.1306139671835788,5.126311157627084,0.5279483227877027
31.347352124058908,7.54678706761962,1653.2657834792483,55.38824817462732,6.965495846460243,0.1306139671835788,3.8580661260307574,0.39733435560412383
31.347352124058908,7.54678706761962,1653.2657834792483,55.38824817462732,4.675759172359591,0.1306139671835788,2.5898210944344306,0.2667203884205451
31.347352124058908,7.54678706761962,1653.2657834792483,55.38824817462732,2.386022498258938,0.1306139671835788,1.3215760628381035,0.13610642123696629
31.347352124058908,7.54678706761962,1653.2657834792483,55.38824817462732,0.09628582415828557,0.1306139671835788,0.05333103124177648,0.0054924540533875035
110.04180571633304,-3.2194041790259864,1535.3241160297023,145.59744736546864,69.75234306367732,0.4585075238180543,101.5576309783187,35.703192212543925
110.04180571633304,-3.2194041790259864,1535.3241160297023,145.59744736546864,68.8565695454932,0.4585075238180543,100.25340760166677,35.24468468872587
110.04180571633304,-3.2194041790259864,1535.3241160297023,145.59744736546864,67.96079602730909,0.4585075238180543,98.94918422501485,34.78617716490781
110.04180571633304,-3.2194041790259864,1535.3241160297023,145.59744736546864,67.06502250912497,0.4585075238180543,97.64496084836293,34.327669641089756
110.04180571633304,-3.2194041790259864,1535.3241160297023,145.59744736546864,66.16924899094086,0.4585075238180543,96.340737471711,33.8691621172717
110.04180571633304,-3.2194041790259864,1535.3241160297023,145.59744736546864,65.27347547275674,0.4585075238180543,95.03651409505909,33.41065459345365
110.04180571633304,-3.2194041790259864,1535.3241160297023,145.59744736546864,64.37770195457263,0.4585075238180543,93.73229071840716,32.95214706963559
110.04180571633304,-3.2194041790259864,1535.3241160297023,145.59744736546864,63.481928436388515,0.4585075238180543,92.42806734175524,32.493639545817544
110.04180571633304,-3.2194041790259864,1535.3241160297023,145.59744736546864,62.5861549182044,0.4585075238180543,91.1238439651033,32.03513202199948
110.04180571633304,-3.2194041790259864,1535.3241160297023,145.59744736546864,61.690381400020286,0.4585075238180543,89.8196205884514,31.576624498181435
110.04180571633304,-3.2194041790259864,1535.3241160297023,145.59744736546864,60.79460788183617,0.4585075238180543,88.51539721179947,31.118116974363375
110.04180571633304,-3.2194041790259864,1535.3241160297023,145.59744736546864,59.89883436365206,0.4585075238180543,87.21117383514755,30.65960945054532
110.04180571633304,-3.2194041790259864,1535.3241160297023,145.59744736546864,59.00306084546794,0.4585075238180543,85.90695045849563,30.20110192672727
110.04180571633304,-3.2194041790259864,1535.3241160297023,145.59744736546864,58.10728732728383,0.4585075238180543,84.6027270818437,29.742594402909212
110.04180571633304,-3.2194041790259864,1535.3241160297023,145.59744736546864,57.21151380909971,0.4585075238180543,83.29850370519178,29.284086879091156
110.04180571633304,-3.2194041790259864,1535.3241160297023,145.59744736546864,56.3157402909156,0.4585075238180543,81.99428032853984,28.8255793552731
110.04180571633304,-3.2194041790259864,1535.3241160297023,145.59744736546864,55.419966772731485,0.4585075238180543,80.69005695188794,28.36707183145505
110.04180571633304,-3.2194041790259864,1535.3241160297023,145.59744736546864,54.52419325454737,0.4585075238180543,79.385833575236,27.908564307636993
110.04180571633304,-3.2194041790259864,1535.3241160297023,145.59744736546864,53.628419736363256,0.4585075238180543,78.08161019858409,27.45005678381894
110.04180571633304,-3.2194041790259864,1535.3241160297023,145.59744736546864,52.73264621817914,0.4585075238180543,76.77738682193217,26.991549260000884
110.04180571633304,-3.2194041790259864,1535.3241160297023,145.59744736546864,51.83687269999503,0.4585075238180543,75.47316344528025,26.53304173618283
110.04180571633304,-3.2194041790259864,1535.3241160297023,145.59744736546864,50.94109918181091,0.4585075238180543,74.16894006862832,26.074534212364775
110.04180571633304,-3.2194041790259864,1535.3241160297023,145.59744736546864,50.0453256636268,0.4585075238180543,72.86471669197638,25.616026688546714
110.04180571633304,-3.2194041790259864,1535.3241160297023,145.59744736546864,49.149552145442684,0.4585075238180543,71.56049331532446,25.15751916472866
110.04180571633304,-3.2194041790259864,1535.3241160297023,145.59744736546864,48.25377862725857,0.4585075238180543,70.25626993867255,24.69901164091061
110.04180571633304,-3.2194041790259864,1535.3241160297023,145.59744736546864,47.358005109074455,0.4585075238180543,68.95204656202063,24.240504117092556
110.04180571633304,-3.2194041790259864,1535.3241160297023,145.59744736546864,46.46223159089034,0.4585075238180543,67.64782318536871,23.781996593274503
110.04180571633304,-3.2194041790259864,1535.3241160297023,145.59744736546864,45.566458072706226,0.4585075238180543,66.34359980871679,23.32348906945645
110.04180571633304,-3.2194041790259864,1535.3241160297023,145.59744736546864,44.67068455452211,0.4585075238180543,65.03937643206486,22.86498154563839
110.04180571633304,-3.2194041790259864,1535.3241160297023,145.59744736546864,43.774911036338,0.4585075238180543,63.735153055412944,22.40647402182034
110.04180571633304,-3.2194041790259864,1535.3241160297023,145.59744736546864,42.87913751815388,0.4585075238180543,62.43092967876101,21.94796649800228
110.04180571633304,-3.2194041790259864,1535.3241160297023,145.59744736546864,41.98336399996977,0.4585075238180543,61.12670630210909,21.489458974184227
110.04180571633304,-3.2194041790259864,1535.3241160297023,145.59744736546864,41.087590481785654,0.4585075238180543,59.822482925457166,21.03095145036617
110.04180571633304,-3.2194041790259864,1535.3241160297023,145.59744736546864,40.19181696360154,0.4585075238180543,58.51825954880525,20.572443926548118
110.04180571633304,-3.2194041790259864,1535.3241160297023,145.59744736546864,39.296043445417425,0.4585075238180543,57.21403617215332,20.11393640273006
110.04180571633304,-3.2194041790259864,1535.3241160297023,145.59744736546864,38.40026992723331,0.4585075238180543,55.9098127955014,19.65542887891201
110.04180571633304,-3.2194041790259864,1535.3241160297023,145.59744736546864,37.504496409049196,0.4585075238180543,54.60558941884948,19.196921355093956
110.04180571633304,-3.2194041790259864,1535.3241160297023,145.59744736546864,36.60872289086508,0.4585075238180543,53.30136604219756,18.7384138312759
110.04180571633304,-3.2194041790259864,1535.3241160297023,145.59744736546864,35.71294937268097,0.4585075238180543,51.99714266554564,18.279906307457846
110.04180571633304,-3.2194041790259864,1535.3241160297023,145.59744736546864,34.81717585449685,0.4585075238180543,50.69291928889371,17.82139878363979
110.04180571633304,-3.2194041790259864,1535.3241160297023,145.59744736546864,33.92140233631274,0.4585075238180543,49.388695912241786,17.362891259821737
110.04180571633304,-3.2194041790259864,1535.3241160297023,145.59744736546864,33.025628818128624,0.4585075238180543,48.08447253558986,16.90438373600368
110.04180571633304,-3.2194041790259864,1535.3241160297023,145.59744736546864,32.12985529994451,0.4585075238180543,46.78024915893794,16.445876212185627
110.04180571633304,-3.2194041790259864,1535.3241160297023,145.59744736546864,31.234081781760395,0.4585075238180543,45.476025782286015,15.987368688367571
110.04180571633304,-3.2194041790259864,1535.3241160297023,145.59744736546864,30.33830826357628,0.4585075238180543,44.1718024056341,15.528861164549518
110.04180571633304,-3.2194041790259864,1535.3241160297023,145.59744736546864,29.442534745392166,0.4585075238180543,42.86757902898218,15.070353640731463
110.04180571633304,-3.2194041790259864,1535.3241160297023,145.59744736546864,28.54676122720805,0.4585075238180543,41.56335565233025,14.611846116913409
110.04180571633304,-3.2194041790259864,1535.3241160297023,145.59744736546864,27.650987709023937,0.4585075238180543,40.25913227567833,14.153338593095354
110.04180571633304,-3.2194041790259864,1535.3241160297023,145.59744736546864,26.755214190839823,0.4585075238180543,38.95490889902641,13.6948310692773
110.04180571633304,-3.2194041790259864,1535.3241160297023,145.59744736546864,25.85944067265571,0.4585075238180543,37.65068552237449,13.236323545459246
110.04180571633304,-3.2194041790259864,1535.3241160297023,145.59744736546864,24.963667154471594,0.4585075238180543,36.34646214572256,12.77781602164119
110.04180571633304,-3.2194041790259864,1535.3241160297023,145.59744736546864,24.06789363628748,0.4585075238180543,35.042238769070636,12.319308497823133
110.04180571633304,-3.2194041790259864,1535.3241160297023,145.59744736546864,23.172120118103365,0.4585075238180543,33.73801539241872,11.86080097400508
110.04180571633304,-3.2194041790259864,1535.3241160297023,145.59744736546864,22.27634659991925,0.4585075238180543,32.43379201576679,11.402293450187026
110.04180571633304,-3.2194041790259864,1535.3241160297023,145.59744736546864,21.380573081735136,0.4585075238180543,31.12956863911487,10.943785926368971
110.04180571633304,-3.2194041790259864,1535.3241160297023,145.59744736546864,20.48479956355102,0.4585075238180543,29.825345262462946,10.485278402550916
110.04180571633304,-3.2194041790259864,1535.3241160297023,145.59744736546864,19.589026045366907,0.4585075238180543,28.521121885811027,10.026770878732862
110.04180571633304,-3.2194041790259864,1535.3241160297023,145.59744736546864,18.693252527182793,0.4585075238180543,27.216898509159105,9.568263354914809
110.04180571633304,-3.2194041790259864,1535.3241160297023,145.59744736546864,17.79747900899868,0.4585075238180543,25.912675132507182,9.109755831096754
110.04180571633304,-3.2194041790259864,1535.3241160297023,145.59744736546864,16.901705490814564,0.4585075238180543,24.60845175585526,8.6512483072787
110.04180571633304,-3.2194041790259864,1535.3241160297023,145.59744736546864,16.00593197263045,0.4585075238180543,23.304228379203334,8.192740783460643
110.04180571633304,-3.2194041790259864,1535.3241160297023,145.59744736546864,15.110158454446335,0.4585075238180543,22.00000500255141,7.734233259642588
110.04180571633304,-3.2194041790259864,1535.3241160297023,145.59744736546864,14.21438493626222,0.4585075238180543,20.69578162589949,7.275725735824533
110.04180571633304,-3.2194041790259864,1535.3241160297023,145.59744736546864,13.318611418078106,0.4585075238180543,19.391558249247566,6.817218212006479
110.04180571633304,-3.2194041790259864,1535.3241160297023,145.59744736546864,12.422837899893992,0.4585075238180543,18.087334872595644,6.358710688188425
110.04180571633304,-3.2194041790259864,1535.3241160297023,145.59744736546864,11.527064381709877,0.4585075238180543,16.78311149594372,5.90020316437037
110.04180571633304,-3.2194041790259864,1535.3241160297023,145.59744736546864,10.631290863525763,0.4585075238180543,15.478888119291797,5.4416956405523145
110.04180571633304,-3.2194041790259864,1535.3241160297023,145.59744736546864,9.735517345341648,0.4585075238180543,14.174664742639877,4.983188116734261
110.04180571633304,-3.2194041790259864,1535.3241160297023,145.59744736546864,8.839743827157534,0.4585075238180543,12.870441365987954,4.524680592916206
110.04180571633304,-3.2194041790259864,1535.3241160297023,145.59744736546864,7.94397030897342,0.4585075238180543,11.566217989336032,4.066173069098151
110.04180571633304,-3.2194041790259864,1535.3241160297023,145.59744736546864,7.048196790789307,0.4585075238180543,10.261994612684111,3.6076655452800974
110.04180571633304,-3.2194041790259864,1535.3241160297023,145.59744736546864,6.152423272605193,0.4585075238180543,8.957771236032189,3.149158021462043
110.04180571633304,-3.2194041790259864,1535.3241160297023,145.59744736546864,5.25664975442108,0.4585075238180543,7.653547859380268,2.690650497643989
110.04180571633304,-3.2194041790259864,1535.3241160297023,145.59744736546864,4.360876236236966,0.4585075238180543,6.349324482728347,2.232142973825935
110.04180571633304,-3.2194041790259864,1535.3241160297023,145.59744736546864,3.465102718052852,0.4585075238180543,5.045101106076425,1.7736354500078804
110.04180571633304,-3.2194041790259864,1535.3241160297023,145.59744736546864,2.569329199868738,0.4585075238180543,3.740877729424503,1.315127926189826
110.04180571633304,-3.2194041790259864,1535.3241160297023,145.59744736546864,1.6735556816846242,0.4585075238180543,2.436654352772581,0.8566204023717716
110.04180571633304,-3.2194041790259864,1535.3241160297023,145.59744736546864,0.7777821635005103,0.4585075238180543,1.1324309761206588,0.3981128785537172
86.89882547142287,-2.5543446687651383,1653.9724469964592,156.1529086192383,64.33776986120667,0.7241568789285239,100.46529897902587,22.006197849575045
86.89882547142287,-2.5543446687651383,1653.9724469964592,156.1529086192383,62.220610007496965,0.7241568789285239,97.15929228733938,21.282040970646527
86.89882547142287,-2.5543446687651383,1653.9724469964592,156.1529086192383,60.103450153787264,0.7241568789285239,93.85328559565286,20.557884091718
86.89882547142287,-2.5543446687651383,1653.9724469964592,156.1529086192383,57.98629030007756,0.7241568789285239,90.54727890396636,19.833727212789476
86.89882547142287,-2.5543446687651383,1653.9724469964592,156.1529086192383,55.86913044636786,0.7241568789285239,87.24127221227985,19.109570333860955
86.89882547142287,-2.5543446687651383,1653.9724469964592,156.1529086192383,53.75197059265816,0.7241568789285239,83.93526552059335,18.385413454932433
86.89882547142287,-2.5543446687651383,1653.9724469964592,156.1529086192383,51.63481073894846,0.7241568789285239,80.62925882890683,17.661256576003908
86.89882547142287,-2.5543446687651383,1653.9724469964592,156.1529086192383,49.51765088523876,0.7241568789285239,77.32325213722032,16.937099697075382
86.89882547142287,-2.5543446687651383,1653.9724469964592,156.1529086192383,47.40049103152906,0.7241568789285239,74.01724544553382,16.21294281814686
86.89882547142287,-2.5543446687651383,1653.9724469964592,156.1529086192383,45.283331177819356,0.7241568789285239,70.71123875384731,15.488785939218339
86.89882547142287,-2.5543446687651383,1653.9724469964592,156.1529086192383,43.166171324109655,0.7241568789285239,67.40523206216079,14.764629060289812
86.89882547142287,-2.5543446687651383,1653.9724469964592,156.1529086192383,41.049011470399954,0.7241568789285239,64.09922537047429,14.04047218136129
86.89882547142287,-2.5543446687651383,1653.9724469964592,156.1529086192383,38.93185161669025,0.7241568789285239,60.79321867878778,13.316315302432766
86.89882547142287,-2.5543446687651383,1653.9724469964592,156.1529086192383,36.81469176298055,0.7241568789285239,57.48721198710127,12.592158423504241
86.89882547142287,-2.5543446687651383,1653.9724469964592,156.1529086192383,34.69753190927085,0.7241568789285239,54.18120529541476,11.86800154457572
86.89882547142287,-2.5543446687651383,1653.9724469964592,156.1529086192383,32.58037205556115,0.7241568789285239,50.87519860372825,11.143844665647194
86.89882547142287,-2.5543446687651383,1653.9724469964592,156.1529086192383,30.463212201851448,0.7241568789285239,47.569191912041745,10.419687786718672
86.89882547142287,-2.5543446687651383,1653.9724469964592,156.1529086192383,28.346052348141747,0.7241568789285239,44.26318522035524,9.695530907790149
86.89882547142287,-2.5543446687651383,1653.9724469964592,156.1529086192383,26.228892494432046,0.7241568789285239,40.95717852866872,8.971374028861623
86.89882547142287,-2.5543446687651383,1653.9724469964592,156.1529086192383,24.111732640722344,0.7241568789285239,37.651171836982215,8.2472171499331
86.89882547142287,-2.5543446687651383,1653.9724469964592,156.1529086192383,21.994572787012643,0.7241568789285239,34.34516514529571,7.523060271004577
86.89882547142287,-2.5543446687651383,1653.9724469964592,156.1529086192383,19.877412933302942,0.7241568789285239,31.0391584536092,6.7989033920760535
86.89882547142287,-2.5543446687651383,1653.9724469964592,156.1529086192383,17.76025307959324,0.7241568789285239,27.73315176192269,6.07474651314753
86.89882547142287,-2.5543446687651383,1653.9724469964592,156.1529086192383,15.64309322588354,0.7241568789285239,24.42714507023618,5.350589634219006
86.89882547142287,-2.5543446687651383,1653.9724469964592,156.1529086192383,13.525933372173839,0.7241568789285239,21.12113837854967,4.626432755290482
86.89882547142287,-2.5543446687651383,1653.9724469964592,156.1529086192383,11.408773518464137,0.7241568789285239,17.815131686863165,3.9022758763619594
86.89882547142287,-2.5543446687651383,1653.9724469964592,156.1529086192383,9.291613664754436,0.7241568789285239,14.509124995176654,3.1781189974334354
86.89882547142287,-2.5543446687651383,1653.9724469964592,156.1529086192383,7.174453811044735,0.7241568789285239,11.203118303490147,2.453962118504912
86.89882547142287,-2.5543446687651383,1653.9724469964592,156.1529086192383,5.057293957335034,0.7241568789285239,7.897111611803636,1.729805239576388
86.89882547142287,-2.5543446687651383,1653.9724469964592,156.1529086192383,2.9401341036253323,0.7241568789285239,4.591104920117126,1.0056483606478641
86.89882547142287,-2.5543446687651383,1653.9724469964592,156.1529086192383,0.8229742499156307,0.7241568789285239,1.2850982284306165,0.28149148171934046
21.80753636155209,-6.423545815573424,2422.173475195112,195.78621388085077,58.9466143083107,0.09086473483980037,115.40934436518936,9.48190929214729
21.80753636155209,-6.423545815573424,2422.173475195112,195.78621388085077,58.38173140194663,0.09086473483980037,114.30338150995905,9.39104455730749
21.80753636155209,-6.423545815573424,2422.173475195112,195.78621388085077,57.81684849558256,0.09086473483980037,113.19741865472872,9.300179822467689
21.80753636155209,-6.423545815573424,2422.173475195112,195.78621388085077,57.25196558921849,0.09086473483980037,112.09145579949839,9.209315087627887
21.80753636155209,-6.423545815573424,2422.173475195112,195.78621388085077,56.687082682854424,0.09086473483980037,110.98549294426809,9.11845035278809
21.80753636155209,-6.423545815573424,2422.173475195112,195.78621388085077,56.122199776490355,0.09086473483980037,109.87953008903776,9.027585617948288
21.80753636155209,-6.423545815573424,2422.173475195112,195.78621388085077,55.557316870126286,0.09086473483980037,108.77356723380743,8.936720883108487
21.80753636155209,-6.423545815573424,2422.173475195112,195.78621388085077,54.99243396376222,0.09086473483980037,107.66760437857712,8.84585614826869
21.80753636155209,-6.423545815573424,2422.173475195112,195.78621388085077,54.42755105739815,0.09086473483980037,106.5616415233468,8.754991413428888
21.80753636155209,-6.423545815573424,2422.173475195112,195.78621388085077,53.86266815103408,0.09086473483980037,105.45567866811646,8.664126678589087
21.80753636155209,-6.423545815573424,2422.173475195112,195.78621388085077,53.29778524467001,0.09086473483980037,104.34971581288616,8.573261943749287
21.80753636155209,-6.423545815573424,2422.173475195112,195.78621388085077,52.73290233830594,0.09086473483980037,103.24375295765583,8.482397208909486
21.80753636155209,-6.423545815573424,2422.173475195112,195.78621388085077,52.16801943194187,0.09086473483980037,102.1377901024255,8.391532474069685
21.80753636155209,-6.423545815573424,2422.173475195112,195.78621388085077,51.6031365255778,0.09086473483980037,101.03182724719517,8.300667739229885
21.80753636155209,-6.423545815573424,2422.173475195112,195.78621388085077,51.038253619213734,0.09086473483980037,99.92586439196486,8.209803004390086
21.80753636155209,-6.423545815573424,2422.173475195112,195.78621388085077,50.473370712849665,0.09086473483980037,98.81990153673453,8.118938269550284
21.80753636155209,-6.423545815573424,2422.173475195112,195.78621388085077,49.908487806485596,0.09086473483980037,97.71393868150422,8.028073534710485
21.80753636155209,-6.423545815573424,2422.173475195112,195.78621388085077,49.34360490012153,0.09086473483980037,96.6079758262739,7.937208799870684
21.80753636155209,-6.423545815573424,2422.173475195112,195.78621388085077,48.77872199375746,0.09086473483980037,95.50201297104357,7.846344065030884
21.80753636155209,-6.423545815573424,2422.173475195112,195.78621388085077,48.21383908739339,0.09086473483980037,94.39605011581325,7.755479330191084
21.80753636155209,-6.423545815573424,2422.173475195112,195.78621388085077,47.64895618102932,0.09086473483980037,93.29008726058292,7.664614595351282
21.80753636155209,-6.423545815573424,2422.173475195112,195.78621388085077,47.08407327466525,0.09086473483980037,92.1841244053526,7.573749860511483
21.80753636155209,-6.423545815573424,2422.173475195112,195.78621388085077,46.51919036830118,0.09086473483980037,91.07816155012229,7.482885125671682
21.80753636155209,-6.423545815573424,2422.173475195112,195.78621388085077,45.95430746193711,0.09086473483980037,89.97219869489196,7.392020390831882
21.80753636155209,-6.423545815573424,2422.173475195112,195.78621388085077,45.389424555573044,0.09086473483980037,88.86623583966164,7.301155655992082
21.80753636155209,-6.423545815573424,2422.173475195112,195.78621388085077,44.824541649208975,0.09086473483980037,87.76027298443132,7.210290921152282
21.80753636155209,-6.423545815573424,2422.173475195112,195.78621388085077,44.259658742844906,0.09086473483980037,86.654310129201,7.119426186312481
21.80753636155209,-6.423545815573424,2422.173475195112,195.78621388085077,43.69477583648084,0.09086473483980037,85.54834727397068,7.028561451472681
21.80753636155209,-6.423545815573424,2422.173475195112,195.78621388085077,43.12989293011677,0.09086473483980037,84.44238441874035,6.93769671663288
21.80753636155209,-6.423545815573424,2422.173475195112,195.78621388085077,42.5650100237527,0.09086473483980037,83.33642156351003,6.84683198179308
21.80753636155209,-6.423545815573424,2422.173475195112,195.78621388085077,42.00012711738863,0.09086473483980037,82.2304587082797,6.755967246953279
21.80753636155209,-6.423545815573424,2422.173475195112,195.78621388085077,41.43524421102456,0.09086473483980037,81.12449585304938,6.665102512113479
21.80753636155209,-6.423545815573424,2422.173475195112,195.78621388085077,40.87036130466049,0.09086473483980037,80.01853299781907,6.574237777273679
21.80753636155209,-6.423545815573424,2422.173475195112,195.78621388085077,40.30547839829642,0.09086473483980037,78.91257014258873,6.483373042433878
21.80753636155209,-6.423545815573424,2422.173475195112,195.78621388085077,39.74059549193235,0.09086473483980037,77.80660728735842,6.392508307594078
21.80753636155209,-6.423545815573424,2422.173475195112,195.78621388085077,39.175712585568284,0.09086473483980037,76.70064443212809,6.301643572754277
21.80753636155209,-6.423545815573424,2422.173475195112,195.78621388085077,38.610829679204215,0.09086473483980037,75.59468157689777,6.210778837914477
21.80753636155209,-6.423545815573424,2422.173475195112,195.78621388085077,38.045946772840146,0.09086473483980037,74.48871872166744,6.1199141030746755
21.80753636155209,-6.423545815573424,2422.173475195112,195.78621388085077,37.48106386647608,0.09086473483980037,73.38275586643712,6.029049368234876
21.80753636155209,-6.423545815573424,2422.173475195112,195.78621388085077,36.91618096011201,0.09086473483980037,72.2767930112068,5.9381846333950765
21.80753636155209,-6.423545815573424,2422.173475195112,195.78621388085077,36.35129805374794,0.09086473483980037,71.17083015597647,5.847319898555275
21.80753636155209,-6.423545815573424,2422.173475195112,195.78621388085077,35.78641514738387,0.09086473483980037,70.06486730074616,5.756455163715475
21.80753636155209,-6.423545815573424,2422.173475195112,195.78621388085077,35.2215322410198,0.09086473483980037,68.95890444551584,5.665590428875675
21.80753636155209,-6.423545815573424,2422.173475195112,195.78621388085077,34.65664933465573,0.09086473483980037,67.85294159028551,5.574725694035874
21.80753636155209,-6.423545815573424,2422.173475195112,195.78621388085077,34.09176642829166,0.09086473483980037,66.7469787350552,5.4838609591960745
21.80753636155209,-6.423545815573424,2422.173475195112,195.78621388085077,33.526883521927594,0.09086473483980037,65.64101587982486,5.392996224356273
21.80753636155209,-6.423545815573424,2422.173475195112,195.78621388085077,32.962000615563525,0.09086473483980037,64.53505302459455,5.302131489516473
21.80753636155209,-6.423545815573424,2422.173475195112,195.78621388085077,32.397117709199456,0.09086473483980037,63.42909016936423,5.211266754676673
21.80753636155209,-6.423545815573424,2422.173475195112,195.78621388085077,31.832234802835387,0.09086473483980037,62.3231273141339,5.120402019836872
21.80753636155209,-6.423545815573424,2422.173475195112,195.78621388085077,31.267351896471318,0.09086473483980037,61.21716445890358,5.0295372849970725
21.80753636155209,-6.423545815573424,2422.173475195112,195.78621388085077,30.70246899010725,0.09086473483980037,60.111201603673265,4.938672550157272
21.80753636155209,-6.423545815573424,2422.173475195112,195.78621388085077,30.13758608374318,0.09086473483980037,59.005238748442935,4.847807815317472
21.80753636155209,-6.423545815573424,2422.173475195112,195.78621388085077,29.57270317737911,0.09086473483980037,57.89927589321262,4.756943080477671
21.80753636155209,-6.423545815573424,2422.173475195112,195.78621388085077,29.007820271015042,0.09086473483980037,56.7933130379823,4.666078345637872
21.80753636155209,-6.423545815573424,2422.173475195112,195.78621388085077,28.442937364650973,0.09086473483980037,55.68735018275197,4.5752136107980705
21.80753636155209,-6.423545815573424,2422.173475195112,195.78621388085077,27.878054458286904,0.09086473483980037,54.581387327521654,4.48434887595827
21.80753636155209,-6.423545815573424,2422.173475195112,195.78621388085077,27.313171551922835,0.09086473483980037,53.47542447229132,4.39348414111847
21.80753636155209,-6.423545815573424,2422.173475195112,195.78621388085077,26.748288645558766,0.09086473483980037,52.369461617061006,4.302619406278669
21.80753636155209,-6.423545815573424,2422.173475195112,195.78621388085077,26.183405739194697,0.09086473483980037,51.26349876183069,4.21175467143887
21.80753636155209,-6.423545815573424,2422.173475195112,195.78621388085077,25.618522832830628,0.09086473483980037,50.15753590660036,4.1208899365990685
21.80753636155209,-6.423545815573424,2422.173475195112,195.78621388085077,25.05363992646656,0.09086473483980037,49.05157305137004,4.030025201759269
21.80753636155209,-6.423545815573424,2422.173475195112,195.78621388085077,24.48875702010249,0.09086473483980037,47.94561019613972,3.939160466919468
21.80753636155209,-6.423545815573424,2422.173475195112,195.78621388085077,23.92387411373842,0.09086473483980037,46.839647340909394,3.848295732079668
21.80753636155209,-6.423545815573424,2422.173475195112,195.78621388085077,23.358991207374352,0.09086473483980037,45.73368448567907,3.7574309972398674
21.80753636155209,-6.423545815573424,2422.173475195112,195.78621388085077,22.794108301010283,0.09086473483980037,44.627721630448754,3.6665662624000674
21.80753636155209,-6.423545815573424,2422.173475195112,195.78621388085077,22.229225394646214,0.09086473483980037,43.52175877521843,3.5757015275602666
21.80753636155209,-6.423545815573424,2422.173475195112,195.78621388085077,21.664342488282145,0.09086473483980037,42.415795919988106,3.484836792720466
21.80753636155209,-6.423545815573424,2422.173475195112,195.78621388085077,21.099459581918076,0.09086473483980037,41.30983306475778,3.393972057880666
21.80753636155209,-6.423545815573424,2422.173475195112,195.78621388085077,20.534576675554007,0.09086473483980037,40.20387020952746,3.3031073230408654
21.80753636155209,-6.423545815573424,2422.173475195112,195.78621388085077,19.969693769189938,0.09086473483980037,39.09790735429714,3.2122425882010655
21.80753636155209,-6.423545815573424,2422.173475195112,195.78621388085077,19.40481086282587,0.09086473483980037,37.99194449906682,3.121377853361265
21.80753636155209,-6.423545815573424,2422.173475195112,195.78621388085077,18.8399279564618,0.09086473483980037,36.885981643836494,3.030513118521464
21.80753636155209,-6.423545815573424,2422.173475195112,195.78621388085077,18.27504505009773,0.09086473483980037,35.78001878860617,2.939648383681664
21.80753636155209,-6.423545815573424,2422.173475195112,195.78621388085077,17.710162143733662,0.09086473483980037,34.674055933375854,2.848783648841864
21.80753636155209,-6.423545815573424,2422.173475195112,195.78621388085077,17.145279237369593,0.09086473483980037,33.56809307814553,2.7579189140020635
21.80753636155209,-6.423545815573424,2422.173475195112,195.78621388085077,16.580396331005524,0.09086473483980037,32.462130222915206,2.667054179162263
21.80753636155209,-6.423545815573424,2422.173475195112,195.78621388085077,16.015513424641455,0.09086473483980037,31.35616736768489,2.576189444322463
21.80753636155209,-6.423545815573424,2422.173475195112,195.78621388085077,15.450630518277386,0.09086473483980037,30.250204512454566,2.4853247094826627
21.80753636155209,-6.423545815573424,2422.173475195112,195.78621388085077,14.885747611913317,0.09086473483980037,29.144241657224242,2.3944599746428623
21.80753636155209,-6.423545815573424,2422.173475195112,195.78621388085077,14.320864705549248,0.09086473483980037,28.03827880199392,2.3035952398030615
21.80753636155209,-6.423545815573424,2422.173475195112,195.78621388085077,13.755981799185179,0.09086473483980037,26.932315946763598,2.2127305049632615
21.80753636155209,-6.423545815573424,2422.173475195112,195.78621388085077,13.19109889282111,0.09086473483980037,25.826353091533274,2.121865770123461
21.80753636155209,-6.423545815573424,2422.173475195112,195.78621388085077,12.62621598645704,0.09086473483980037,24.72039023630295,2.0310010352836603
21.80753636155209,-6.423545815573424,2422.173475195112,195.78621388085077,12.061333080092972,0.09086473483980037,23.61442738107263,1.9401363004438603
21.80753636155209,-6.423545815573424,2422.173475195112,195.78621388085077,11.496450173728903,0.09086473483980037,22.50846452584231,1.8492715656040601
21.80753636155209,-6.423545815573424,2422.173475195112,195.78621388085077,10.931567267364834,0.09086473483980037,21.402501670611986,1.7584068307642595
21.80753636155209,-6.423545815573424,2422.173475195112,195.78621388085077,10.366684361000765,0.09086473483980037,20.296538815381666,1.6675420959244593
21.80753636155209,-6.423545815573424,2422.173475195112,195.78621388085077,9.801801454636696,0.09086473483980037,19.190575960151342,1.576677361084659
21.80753636155209,-6.423545815573424,2422.173475195112,195.78621388085077,9.236918548272627,0.09086473483980037,18.084613104921022,1.4858126262448585
21.80753636155209,-6.423545815573424,2422.173475195112,195.78621388085077,8.672035641908558,0.09086473483980037,16.9786502496907,1.3949478914050581
21.80753636155209,-6.423545815573424,2422.173475195112,195.78621388085077,8.107152735544489,0.09086473483980037,15.872687394460376,1.3040831565652578
21.80753636155209,-6.423545815573424,2422.173475195112,195.78621388085077,7.5422698291804195,0.09086473483980037,14.766724539230056,1.2132184217254576
21.80753636155209,-6.423545815573424,2422.173475195112,195.78621388085077,6.9773869228163505,0.09086473483980037,13.660761683999732,1.1223536868856572
21.80753636155209,-6.423545815573424,2422.173475195112,195.78621388085077,6.4125040164522815,0.09086473483980037,12.55479882876941,1.0314889520458568
21.80753636155209,-6.423545815573424,2422.173475195112,195.78621388085077,5.8476211100882125,0.09086473483980037,11.448835973539087,0.9406242172060563
21.80753636155209,-6.423545815573424,2422.173475195112,195.78621388085077,5.2827382037241435,0.09086473483980037,10.342873118308766,0.8497594823662561
21.80753636155209,-6.423545815573424,2422.173475195112,195.78621388085077,4.7178552973600745,0.09086473483980037,9.236910263078444,0.7588947475264557
21.80753636155209,-6.423545815573424,2422.173475195112,195.78621388085077,4.1529723909960055,0.09086473483980037,8.130947407848122,0.6680300126866554
21.80753636155209,-6.423545815573424,2422.173475195112,195.78621388085077,3.5880894846319364,0.09086473483980037,7.024984552617799,0.577165277846855
21.80753636155209,-6.423545815573424,2422.173475195112,195.78621388085077,3.0232065782678674,0.09086473483980037,5.9190216973874765,0.48630054300705455
21.80753636155209,-6.423545815573424,2422.173475195112,195.78621388085077,2.4583236719037984,0.09086473483980037,4.8130588421571545,0.3954358081672542
21.80753636155209,-6.423545815573424,2422.173475195112,195.78621388085077,1.8934407655397294,0.09086473483980037,3.7070959869268325,0.3045710733274538
21.80753636155209,-6.423545815573424,2422.173475195112,195.78621388085077,1.3285578591756604,0.09086473483980037,2.6011331316965105,0.2137063384876535
21.80753636155209,-6.423545815573424,2422.173475195112,195.78621388085077,0.7636749528115913,0.09086473483980037,1.4951702764661883,0.12284160364785313
44.39896433790836,-2.138045506664792,1676.409419957718,159.06728368904996,96.27630023281114,0.36999136948256967,153.14409561664715,22.76790989337197
44.39896433790836,-2.138045506664792,1676.409419957718,159.06728368904996,94.71175608542663,0.36999136948256967,150.6554177392866,22.397918523889402
44.39896433790836,-2.138045506664792,1676.409419957718,159.06728368904996,93.14721193804212,0.36999136948256967,148.16673986192606,22.02792715440683
44.39896433790836,-2.138045506664792,1676.409419957718,159.06728368904996,91.58266779065761,0.36999136948256967,145.67806198456552,21.65793578492426
44.39896433790836,-2.138045506664792,1676.409419957718,159.06728368904996,90.0181236432731,0.36999136948256967,143.18938410720497,21.287944415441686
44.39896433790836,-2.138045506664792,1676.409419957718,159.06728368904996,88.45357949588859,0.36999136948256967,140.70070622984443,20.917953045959116
44.39896433790836,-2.138045506664792,1676.409419957718,159.06728368904996,86.88903534850408,0.36999136948256967,138.21202835248388,20.547961676476547
44.39896433790836,-2.138045506664792,1676.409419957718,159.06728368904996,85.32449120111957,0.36999136948256967,135.72335047512334,20.177970306993974
44.39896433790836,-2.138045506664792,1676.409419957718,159.06728368904996,83.75994705373506,0.36999136948256967,133.2346725977628,19.807978937511404
44.39896433790836,-2.138045506664792,1676.409419957718,159.06728368904996,82.19540290635055,0.36999136948256967,130.74599472040225,19.43798756802883
44.39896433790836,-2.138045506664792,1676.409419957718,159.06728368904996,80.63085875896604,0.36999136948256967,128.2573168430417,19.06799619854626
44.39896433790836,-2.138045506664792,1676.409419957718,159.06728368904996,79.06631461158153,0.36999136948256967,125.76863896568116,18.698004829063688
44.39896433790836,-2.138045506664792,1676.409419957718,159.06728368904996,77.50177046419702,0.36999136948256967,123.2799610883206,18.328013459581115
44.39896433790836,-2.138045506664792,1676.409419957718,159.06728368904996,75.93722631681251,0.36999136948256967,120.79128321096006,17.958022090098545
44.39896433790836,-2.138045506664792,1676.409419957718,159.06728368904996,74.372682169428,0.36999136948256967,118.30260533359952,17.588030720615976
44.39896433790836,-2.138045506664792,1676.409419957718,159.06728368904996,72.8081380220435,0.36999136948256967,115.81392745623896,17.218039351133402
44.39896433790836,-2.138045506664792,1676.409419957718,159.06728368904996,71.24359387465898,0.36999136948256967,113.32524957887843,16.848047981650833
44.39896433790836,-2.138045506664792,1676.409419957718,159.06728368904996,69.67904972727447,0.36999136948256967,110.83657170151788,16.47805661216826
44.39896433790836,-2.138045506664792,1676.409419957718,159.06728368904996,68.11450557988996,0.36999136948256967,108.34789382415732,16.108065242685687
44.39896433790836,-2.138045506664792,1676.409419957718,159.06728368904996,66.54996143250546,0.36999136948256967,105.8592159467968,15.738073873203119
44.39896433790836,-2.138045506664792,1676.409419957718,159.06728368904996,64.98541728512095,0.36999136948256967,103.37053806943625,15.368082503720547
44.39896433790836,-2.138045506664792,1676.409419957718,159.06728368904996,63.42087313773644,0.36999136948256967,100.8818601920757,14.998091134237976
44.39896433790836,-2.138045506664792,1676.409419957718,159.06728368904996,61.85632899035194,0.36999136948256967,98.39318231471518,14.628099764755408
44.39896433790836,-2.138045506664792,1676.409419957718,159.06728368904996,60.29178484296744,0.36999136948256967,95.90450443735463,14.258108395272837
44.39896433790836,-2.138045506664792,1676.409419957718,159.06728368904996,58.727240695582935,0.36999136948256967,93.4158265599941,13.888117025790267
44.39896433790836,-2.138045506664792,1676.409419957718,159.06728368904996,57.16269654819843,0.36999136948256967,90.92714868263357,13.518125656307697
44.39896433790836,-2.138045506664792,1676.409419957718,159.06728368904996,55.59815240081393,0.36999136948256967,88.43847080527303,13.148134286825128
44.39896433790836,-2.138045506664792,1676.409419957718,159.06728368904996,54.03360825342943,0.36999136948256967,85.94979292791251,12.77814291734256
44.39896433790836,-2.138045506664792,1676.409419957718,159.06728368904996,52.469064106044925,0.36999136948256967,83.46111505055197,12.408151547859989
44.39896433790836,-2.138045506664792,1676.409419957718,159.06728368904996,50.90451995866042,0.36999136948256967,80.97243717319142,12.038160178377417
44.39896433790836,-2.138045506664792,1676.409419957718,159.06728368904996,49.33997581127592,0.36999136948256967,78.4837592958309,11.66816880889485
44.39896433790836,-2.138045506664792,1676.409419957718,159.06728368904996,47.77543166389142,0.36999136948256967,75.99508141847036,11.29817743941228
44.39896433790836,-2.138045506664792,1676.409419957718,159.06728368904996,46.210887516506915,0.36999136948256967,73.50640354110983,10.928186069929712
44.39896433790836,-2.138045506664792,1676.409419957718,159.06728368904996,44.64634336912241,0.36999136948256967,71.01772566374929,10.55819470044714
44.39896433790836,-2.138045506664792,1676.409419957718,159.06728368904996,43.08179922173791,0.36999136948256967,68.52904778638876,10.188203330964571
44.39896433790836,-2.138045506664792,1676.409419957718,159.06728368904996,41.51725507435341,0.36999136948256967,66.04036990902823,9.818211961482001
44.39896433790836,-2.138045506664792,1676.409419957718,159.06728368904996,39.952710926968905,0.36999136948256967,63.551692031667685,9.448220591999432
44.39896433790836,-2.138045506664792,1676.409419957718,159.06728368904996,38.3881667795844,0.36999136948256967,61.063014154307155,9.078229222516862
44.39896433790836,-2.138045506664792,1676.409419957718,159.06728368904996,36.8236226321999,0.36999136948256967,58.57433627694662,8.708237853034293
44.39896433790836,-2.138045506664792,1676.409419957718,159.06728368904996,35.2590784848154,0.36999136948256967,56.08565839958609,8.338246483551723
44.39896433790836,-2.138045506664792,1676.409419957718,159.06728368904996,33.694534337430895,0.36999136948256967,53.59698052222555,7.968255114069152
44.39896433790836,-2.138045506664792,1676.409419957718,159.06728368904996,32.12999019004639,0.36999136948256967,51.10830264486502,7.598263744586584
44.39896433790836,-2.138045506664792,1676.409419957718,159.06728368904996,30.56544604266189,0.36999136948256967,48.61962476750448,7.228272375104014
44.39896433790836,-2.138045506664792,1676.409419957718,159.06728368904996,29.000901895277387,0.36999136948256967,46.130946890143946,6.858281005621444
44.39896433790836,-2.138045506664792,1676.409419957718,159.06728368904996,27.436357747892885,0.36999136948256967,43.642269012783416,6.488289636138875
44.39896433790836,-2.138045506664792,1676.409419957718,159.06728368904996,25.871813600508382,0.36999136948256967,41.15359113542288,6.118298266656304
44.39896433790836,-2.138045506664792,1676.409419957718,159.06728368904996,24.30726945312388,0.36999136948256967,38.66491325806235,5.748306897173736
44.39896433790836,-2.138045506664792,1676.409419957718,159.06728368904996,22.742725305739377,0.36999136948256967,36.17623538070181,5.378315527691166
44.39896433790836,-2.138045506664792,1676.409419957718,159.06728368904996,21.178181158354874,0.36999136948256967,33.687557503341274,5.0083241582085956
44.39896433790836,-2.138045506664792,1676.409419957718,159.06728368904996,19.613637010970372,0.36999136948256967,31.19887962598074,4.638332788726026
44.39896433790836,-2.138045506664792,1676.409419957718,159.06728368904996,18.04909286358587,0.36999136948256967,28.710201748620207,4.268341419243456
44.39896433790836,-2.138045506664792,1676.409419957718,159.06728368904996,16.484548716201367,0.36999136948256967,26.22152387125967,3.8983500497608863
44.39896433790836,-2.138045506664792,1676.409419957718,159.06728368904996,14.920004568816864,0.36999136948256967,23.732845993899137,3.528358680278317
44.39896433790836,-2.138045506664792,1676.409419957718,159.06728368904996,13.355460421432362,0.36999136948256967,21.2441681165386,3.158367310795747
44.39896433790836,-2.138045506664792,1676.409419957718,159.06728368904996,11.79091627404786,0.36999136948256967,18.755490239178066,2.7883759413131775
44.39896433790836,-2.138045506664792,1676.409419957718,159.06728368904996,10.226372126663357,0.36999136948256967,16.266812361817532,2.418384571830608
44.39896433790836,-2.138045506664792,1676.409419957718,159.06728368904996,8.661827979278854,0.36999136948256967,13.778134484456997,2.0483932023480382
44.39896433790836,-2.138045506664792,1676.409419957718,159.06728368904996,7.097283831894352,0.36999136948256967,11.289456607096465,1.6784018328654688
44.39896433790836,-2.138045506664792,1676.409419957718,159.06728368904996,5.532739684509849,0.36999136948256967,8.80077872973593,1.308410463382899
44.39896433790836,-2.138045506664792,1676.409419957718,159.06728368904996,3.9681955371253466,0.36999136948256967,6.312100852375394,0.9384190939003292
44.39896433790836,-2.138045506664792,1676.409419957718,159.06728368904996,2.403651389740844,0.36999136948256967,3.8234229750148603,0.5684277244177596
44.39896433790836,-2.138045506664792,1676.409419957718,159.06728368904996,0.8391072423563415,0.36999136948256967,1.3347450976543256,0.19843635493518993
69.91933798847523,5.37108028612618,2359.660521730247,140.98218015956206,64.75964241418909,0.2913305749519801,91.29955573906022,18.853388608150382
69.91933798847523,5.37108028612618,2359.660521730247,140.98218015956206,63.75894889164353,0.2913305749519801,89.88875619425998,18.562058033198404
69.91933798847523,5.37108028612618,2359.660521730247,140.98218015956206,62.75825536909797,0.2913305749519801,88.47795664945973,18.270727458246423
69.91933798847523,5.37108028612618,2359.660521730247,140.98218015956206,61.757561846552406,0.2913305749519801,87.06715710465949,17.979396883294445
69.91933798847523,5.37108028612618,2359.660521730247,140.98218015956206,60.756868324006845,0.2913305749519801,85.65635755985922,17.68806630834246
69.91933798847523,5.37108028612618,2359.660521730247,140.98218015956206,59.756174801461285,0.2913305749519801,84.24555801505898,17.396735733390482
69.91933798847523,5.37108028612618,2359.660521730247,140.98218015956206,58.755481278915724,0.2913305749519801,82.83475847025872,17.1054051584385
69.91933798847523,5.37108028612618,2359.660521730247,140.98218015956206,57.75478775637016,0.2913305749519801,81.42395892545848,16.814074583486523
69.91933798847523,5.37108028612618,2359.660521730247,140.98218015956206,56.7540942338246,0.2913305749519801,80.01315938065822,16.52274400853454
69.91933798847523,5.37108028612618,2359.660521730247,140.98218015956206,55.75340071127904,0.2913305749519801,78.60235983585798,16.231413433582563
69.91933798847523,5.37108028612618,2359.660521730247,140.98218015956206,54.75270718873348,0.2913305749519801,77.19156029105773,15.94008285863058
69.91933798847523,5.37108028612618,2359.660521730247,140.98218015956206,53.75201366618792,0.2913305749519801,75.78076074625749,15.648752283678602
69.91933798847523,5.37108028612618,2359.660521730247,140.98218015956206,52.75132014364236,0.2913305749519801,74.36996120145722,15.357421708726617
69.91933798847523,5.37108028612618,2359.660521730247,140.98218015956206,51.7506266210968,0.2913305749519801,72.95916165665697,15.06609113377464
69.91933798847523,5.37108028612618,2359.660521730247,140.98218015956206,50.74993309855124,0.2913305749519801,71.54836211185672,14.774760558822658
69.91933798847523,5.37108028612618,2359.660521730247,140.98218015956206,49.74923957600568,0.2913305749519801,70.13756256705648,14.48342998387068
69.91933798847523,5.37108028612618,2359.660521730247,140.98218015956206,48.74854605346012,0.2913305749519801,68.72676302225622,14.192099408918699
69.91933798847523,5.37108028612618,2359.660521730247,140.98218015956206,47.74785253091456,0.2913305749519801,67.31596347745598,13.90076883396672
69.91933798847523,5.37108028612618,2359.660521730247,140.98218015956206,46.747159008368996,0.2913305749519801,65.90516393265573,13.60943825901474
69.91933798847523,5.37108028612618,2359.660521730247,140.98218015956206,45.746465485823435,0.2913305749519801,64.49436438785547,13.318107684062758
69.91933798847523,5.37108028612618,2359.660521730247,140.98218015956206,44.745771963277875,0.2913305749519801,63.08356484305522,13.026777109110778
69.91933798847523,5.37108028612618,2359.660521730247,140.98218015956206,43.745078440732314,0.2913305749519801,61.67276529825497,12.735446534158799
69.91933798847523,5.37108028612618,2359.660521730247,140.98218015956206,42.74438491818675,0.2913305749519801,60.26196575345472,12.444115959206817
69.91933798847523,5.37108028612618,2359.660521730247,140.98218015956206,41.74369139564119,0.2913305749519801,58.85116620865447,12.152785384254837
69.91933798847523,5.37108028612618,2359.660521730247,140.98218015956206,40.74299787309563,0.2913305749519801,57.44036666385422,11.861454809302856
69.91933798847523,5.37108028612618,2359.660521730247,140.98218015956206,39.74230435055007,0.2913305749519801,56.02956711905397,11.570124234350876
69.91933798847523,5.37108028612618,2359.660521730247,140.98218015956206,38.74161082800451,0.2913305749519801,54.618767574253724,11.278793659398897
69.91933798847523,5.37108028612618,2359.660521730247,140.98218015956206,37.74091730545895,0.2913305749519801,53.20796802945347,10.987463084446915
69.91933798847523,5.37108028612618,2359.660521730247,140.98218015956206,36.74022378291339,0.2913305749519801,51.79716848465322,10.696132509494936
69.91933798847523,5.37108028612618,2359.660521730247,140.98218015956206,35.73953026036783,0.2913305749519801,50.38636893985297,10.404801934542956
69.91933798847523,5.37108028612618,2359.660521730247,140.98218015956206,34.73883673782227,0.2913305749519801,48.97556939505272,10.113471359590976
69.91933798847523,5.37108028612618,2359.660521730247,140.98218015956206,33.73814321527671,0.2913305749519801,47.56476985025247,9.822140784638995
69.91933798847523,5.37108028612618,2359.660521730247,140.98218015956206,32.73744969273115,0.2913305749519801,46.15397030545222,9.530810209687015
69.91933798847523,5.37108028612618,2359.660521730247,140.98218015956206,31.736756170185586,0.2913305749519801,44.74317076065197,9.239479634735035
69.91933798847523,5.37108028612618,2359.660521730247,140.98218015956206,30.736062647640026,0.2913305749519801,43.33237121585172,8.948149059783056
69.91933798847523,5.37108028612618,2359.660521730247,140.98218015956206,29.735369125094465,0.2913305749519801,41.92157167105147,8.656818484831074
69.91933798847523,5.37108028612618,2359.660521730247,140.98218015956206,28.734675602548904,0.2913305749519801,40.51077212625122,8.365487909879095
69.91933798847523,5.37108028612618,2359.660521730247,140.98218015956206,27.733982080003344,0.2913305749519801,39.09997258145097,8.074157334927115
69.91933798847523,5.37108028612618,2359.660521730247,140.98218015956206,26.733288557457783,0.2913305749519801,37.68917303665072,7.782826759975134
69.91933798847523,5.37108028612618,2359.660521730247,140.98218015956206,25.732595034912222,0.2913305749519801,36.278373491850466,7.491496185023153
69.91933798847523,5.37108028612618,2359.660521730247,140.98218015956206,24.73190151236666,0.2913305749519801,34.86757394705022,7.200165610071173
69.91933798847523,5.37108028612618,2359.660521730247,140.98218015956206,23.7312079898211,0.2913305749519801,33.45677440224997,6.908835035119194
69.91933798847523,5.37108028612618,2359.660521730247,140.98218015956206,22.73051446727554,0.2913305749519801,32.04597485744972,6.617504460167213
69.91933798847523,5.37108028612618,2359.660521730247,140.98218015956206,21.72982094472998,0.2913305749519801,30.635175312649473,6.326173885215233
69.91933798847523,5.37108028612618,2359.660521730247,140.98218015956206,20.72912742218442,0.2913305749519801,29.22437576784922,6.034843310263253
69.91933798847523,5.37108028612618,2359.660521730247,140.98218015956206,19.72843389963886,0.2913305749519801,27.813576223048972,5.743512735311273
69.91933798847523,5.37108028612618,2359.660521730247,140.98218015956206,18.727740377093298,0.2913305749519801,26.40277667824872,5.452182160359293
69.91933798847523,5.37108028612618,2359.660521730247,140.98218015956206,17.727046854547737,0.2913305749519801,24.991977133448472,5.160851585407313
69.91933798847523,5.37108028612618,2359.660521730247,140.98218015956206,16.726353332002176,0.2913305749519801,23.58117758864822,4.869521010455332
69.91933798847523,5.37108028612618,2359.660521730247,140.98218015956206,15.725659809456616,0.2913305749519801,22.170378043847972,4.578190435503352
69.91933798847523,5.37108028612618,2359.660521730247,140.98218015956206,14.724966286911055,0.2913305749519801,20.759578499047723,4.286859860551372
69.91933798847523,5.37108028612618,2359.660521730247,140.98218015956206,13.724272764365494,0.2913305749519801,19.34877895424747,3.9955292855993916
69.91933798847523,5.37108028612618,2359.660521730247,140.98218015956206,12.723579241819934,0.2913305749519801,17.937979409447223,3.704198710647412
69.91933798847523,5.37108028612618,2359.660521730247,140.98218015956206,11.722885719274373,0.2913305749519801,16.52717986464697,3.4128681356954313
69.91933798847523,5.37108028612618,2359.660521730247,140.98218015956206,10.722192196728813,0.2913305749519801,15.11638031984672,3.121537560743451
69.91933798847523,5.37108028612618,2359.660521730247,140.98218015956206,9.721498674183252,0.2913305749519801,13.705580775046469,2.8302069857914707
69.91933798847523,5.37108028612618,2359.660521730247,140.98218015956206,8.720805151637691,0.2913305749519801,12.294781230246219,2.53887641083949
69.91933798847523,5.37108028612618,2359.660521730247,140.98218015956206,7.720111629092131,0.2913305749519801,10.883981685445969,2.24754583588751
69.91933798847523,5.37108028612618,2359.660521730247,140.98218015956206,6.71941810654657,0.2913305749519801,9.473182140645719,1.9562152609355299
69.91933798847523,5.37108028612618,2359.660521730247,140.98218015956206,5.718724584001009,0.2913305749519801,8.062382595845468,1.6648846859835496
69.91933798847523,5.37108028612618,2359.660521730247,140.98218015956206,4.718031061455449,0.2913305749519801,6.651583051045219,1.3735541110315694
69.91933798847523,5.37108028612618,2359.660521730247,140.98218015956206,3.717337538909888,0.2913305749519801,5.240783506244969,1.0822235360795893
69.91933798847523,5.37108028612618,2359.660521730247,140.98218015956206,2.7166440163643273,0.2913305749519801,3.8299839614447184,0.790892961127609
69.91933798847523,5.37108028612618,2359.660521730247,140.98218015956206,1.7159504938187669,0.2913305749519801,2.4191844166444687,0.4995623861756288
69.91933798847523,5.37108028612618,2359.660521730247,140.98218015956206,0.7152569712732064,0.2913305749519801,1.008384871844219,0.2082318112236487
62.81841483173143,9.272399541785056,1256.6849032807638,199.12808172757457,96.48293691295962,0.2617433951322143,192.12462146920242,29.72960478921829
62.81841483173143,9.272399541785056,1256.6849032807638,199.12808172757457,95.63348830242566,0.2617433951322143,190.43313074578464,29.46786139408608
62.81841483173143,9.272399541785056,1256.6849032807638,199.12808172757457,94.7840396918917,0.2617433951322143,188.74164002236685,29.20611799895387
62.81841483173143,9.272399541785056,1256.6849032807638,199.12808172757457,93.93459108135775,0.2617433951322143,187.05014929894904,28.944374603821657
62.81841483173143,9.272399541785056,1256.6849032807638,199.12808172757457,93.0851424708238,0.2617433951322143,185.35865857553125,28.682631208689447
62.81841483173143,9.272399541785056,1256.6849032807638,199.12808172757457,92.23569386028984,0.2617433951322143,183.66716785211344,28.420887813557233
62.81841483173143,9.272399541785056,1256.6849032807638,199.12808172757457,91.38624524975589,0.2617433951322143,181.97567712869565,28.159144418425022
62.81841483173143,9.272399541785056,1256.6849032807638,199.12808172757457,90.53679663922193,0.2617433951322143,180.28418640527784,27.897401023292808
62.81841483173143,9.272399541785056,1256.6849032807638,199.12808172757457,89.68734802868798,0.2617433951322143,178.59269568186002,27.635657628160594
62.81841483173143,9.272399541785056,1256.6849032807638,199.12808172757457,88.83789941815402,0.2617433951322143,176.90120495844224,27.373914233028383
62.81841483173143,9.272399541785056,1256.6849032807638,199.12808172757457,87.98845080762007,0.2617433951322143,175.20971423502442,27.11217083789617
62.81841483173143,9.272399541785056,1256.6849032807638,199.12808172757457,87.13900219708611,0.2617433951322143,173.51822351160664,26.85042744276396
62.81841483173143,9.272399541785056,1256.6849032807638,199.12808172757457,86.28955358655216,0.2617433951322143,171.82673278818882,26.588684047631745
62.81841483173143,9.272399541785056,1256.6849032807638,199.12808172757457,85.4401049760182,0.2617433951322143,170.13524206477103,26.326940652499534
62.81841483173143,9.272399541785056,1256.6849032807638,199.12808172757457,84.59065636548425,0.2617433951322143,168.44375134135325,26.065197257367323
62.81841483173143,9.272399541785056,1256.6849032807638,199.12808172757457,83.7412077549503,0.2617433951322143,166.75226061793543,25.80345386223511
62.81841483173143,9.272399541785056,1256.6849032807638,199.12808172757457,82.89175914441634,0.2617433951322143,165.06076989451765,25.5417104671029
62.81841483173143,9.272399541785056,1256.6849032807638,199.12808172757457,82.04231053388239,0.2617433951322143,163.36927917109983,25.279967071970685
62.81841483173143,9.272399541785056,1256.6849032807638,199.12808172757457,81.19286192334843,0.2617433951322143,161.67778844768205,25.018223676838474
62.81841483173143,9.272399541785056,1256.6849032807638,199.12808172757457,80.34341331281448,0.2617433951322143,159.98629772426423,24.75648028170626
62.81841483173143,9.272399541785056,1256.6849032807638,199.12808172757457,79.49396470228052,0.2617433951322143,158.29480700084642,24.494736886574046
62.81841483173143,9.272399541785056,1256.6849032807638,199.12808172757457,78.64451609174657,0.2617433951322143,156.60331627742863,24.232993491441835
62.81841483173143,9.272399541785056,1256.6849032807638,199.12808172757457,77.79506748121261,0.2617433951322143,154.91182555401082,23.97125009630962
62.81841483173143,9.272399541785056,1256.6849032807638,199.12808172757457,76.94561887067866,0.2617433951322143,153.22033483059303,23.70950670117741
62.81841483173143,9.272399541785056,1256.6849032807638,199.12808172757457,76.0961702601447,0.2617433951322143,151.52884410717525,23.447763306045204
62.81841483173143,9.272399541785056,1256.6849032807638,199.12808172757457,75.24672164961075,0.2617433951322143,149.83735338375743,23.18601991091299
62.81841483173143,9.272399541785056,1256.6849032807638,199.12808172757457,74.3972730390768,0.2617433951322143,148.14586266033965,22.92427651578078
62.81841483173143,9.272399541785056,1256.6849032807638,199.12808172757457,73.54782442854284,0.2617433951322143,146.45437193692183,22.662533120648565
62.81841483173143,9.272399541785056,1256.6849032807638,199.12808172757457,72.69837581800888,0.2617433951322143,144.76288121350404,22.400789725516354
62.81841483173143,9.272399541785056,1256.6849032807638,199.12808172757457,71.84892720747493,0.2617433951322143,143.07139049008623,22.13904633038414
62.81841483173143,9.272399541785056,1256.6849032807638,199.12808172757457,70.99947859694097,0.2617433951322143,141.37989976666844,21.87730293525193
62.81841483173143,9.272399541785056,1256.6849032807638,199.12808172757457,70.15002998640702,0.2617433951322143,139.68840904325066,21.61555954011972
62.81841483173143,9.272399541785056,1256.6849032807638,199.12808172757457,69.30058137587307,0.2617433951322143,137.99691831983282,21.3538161449875
62.81841483173143,9.272399541785056,1256.6849032807638,199.12808172757457,68.45113276533911,0.2617433951322143,136.30542759641503,21.09207274985529
62.81841483173143,9.272399541785056,1256.6849032807638,199.12808172757457,67.60168415480516,0.2617433951322143,134.61393687299724,20.83032935472308
62.81841483173143,9.272399541785056,1256.6849032807638,199.12808172757457,66.7522355442712,0.2617433951322143,132.92244614957943,20.568585959590866
62.81841483173143,9.272399541785056,1256.6849032807638,199.12808172757457,65.90278693373725,0.2617433951322143,131.23095542616164,20.306842564458655
62.81841483173143,9.272399541785056,1256.6849032807638,199.12808172757457,65.05333832320329,0.2617433951322143,129.53946470274383,20.04509916932644
62.81841483173143,9.272399541785056,1256.6849032807638,199.12808172757457,64.20388971266934,0.2617433951322143,127.84797397932604,19.78335577419423
62.81841483173143,9.272399541785056,1256.6849032807638,199.12808172757457,63.354441102135375,0.2617433951322143,126.15648325590821,19.521612379062017
62.81841483173143,9.272399541785056,1256.6849032807638,199.12808172757457,62.50499249160141,0.2617433951322143,124.46499253249041,19.259868983929803
62.81841483173143,9.272399541785056,1256.6849032807638,199.12808172757457,61.65554388106745,0.2617433951322143,122.7735018090726,18.99812558879759
62.81841483173143,9.272399541785056,1256.6849032807638,199.12808172757457,60.80609527053349,0.2617433951322143,121.08201108565478,18.736382193665374
62.81841483173143,9.272399541785056,1256.6849032807638,199.12808172757457,59.95664665999953,0.2617433951322143,119.39052036223696,18.474638798533157
62.81841483173143,9.272399541785056,1256.6849032807638,199.12808172757457,59.107198049465566,0.2617433951322143,117.69902963881916,18.212895403400946
62.81841483173143,9.272399541785056,1256.6849032807638,199.12808172757457,58.257749438931604,0.2617433951322143,116.00753891540134,17.951152008268732
62.81841483173143,9.272399541785056,1256.6849032807638,199.12808172757457,57.40830082839764,0.2617433951322143,114.31604819198353,17.689408613136518
62.81841483173143,9.272399541785056,1256.6849032807638,199.12808172757457,56.55885221786368,0.2617433951322143,112.6245574685657,17.4276652180043
62.81841483173143,9.272399541785056,1256.6849032807638,199.12808172757457,55.70940360732972,0.2617433951322143,110.9330667451479,17.16592182287209
62.81841483173143,9.272399541785056,1256.6849032807638,199.12808172757457,54.85995499679576,0.2617433951322143,109.24157602173008,16.904178427739872
62.81841483173143,9.272399541785056,1256.6849032807638,199.12808172757457,54.010506386261795,0.2617433951322143,107.55008529831227,16.642435032607658
62.81841483173143,9.272399541785056,1256.6849032807638,199.12808172757457,53.16105777572783,0.2617433951322143,105.85859457489447,16.380691637475447
62.81841483173143,9.272399541785056,1256.6849032807638,199.12808172757457,52.31160916519387,0.2617433951322143,104.16710385147664,16.11894824234323
62.81841483173143,9.272399541785056,1256.6849032807638,199.12808172757457,51.46216055465991,0.2617433951322143,102.47561312805882,15.857204847211015
62.81841483173143,9.272399541785056,1256.6849032807638,199.12808172757457,50.61271194412595,0.2617433951322143,100.784122404641,15.5954614520788
62.81841483173143,9.272399541785056,1256.6849032807638,199.12808172757457,49.763263333591986,0.2617433951322143,99.0926316812232,15.333718056946587
62.81841483173143,9.272399541785056,1256.6849032807638,199.12808172757457,48.913814723058024,0.2617433951322143,97.40114095780538,15.071974661814373
62.81841483173143,9.272399541785056,1256.6849032807638,199.12808172757457,48.06436611252406,0.2617433951322143,95.70965023438758,14.81023126668216
62.81841483173143,9.272399541785056,1256.6849032807638,199.12808172757457,47.2149175019901,0.2617433951322143,94.01815951096975,14.548487871549945
62.81841483173143,9.272399541785056,1256.6849032807638,199.12808172757457,46.36546889145614,0.2617433951322143,92.32666878755195,14.286744476417732
62.81841483173143,9.272399541785056,1256.6849032807638,199.12808172757457,45.51602028092218,0.2617433951322143,90.63517806413412,14.025001081285515
62.81841483173143,9.272399541785056,1256.6849032807638,199.12808172757457,44.666571670388215,0.2617433951322143,88.94368734071632,13.763257686153302
62.81841483173143,9.272399541785056,1256.6849032807638,199.12808172757457,43.817123059854254,0.2617433951322143,87.2521966172985,13.501514291021087
62.81841483173143,9.272399541785056,1256.6849032807638,199.12808172757457,42.96767444932029,0.2617433951322143,85.56070589388068,13.239770895888872
62.81841483173143,9.272399541785056,1256.6849032807638,199.12808172757457,42.11822583878633,0.2617433951322143,83.86921517046287,12.978027500756658
62.81841483173143,9.272399541785056,1256.6849032807638,199.12808172757457,41.26877722825237,0.2617433951322143,82.17772444704505,12.716284105624444
62.81841483173143,9.272399541785056,1256.6849032807638,199.12808172757457,40.419328617718406,0.2617433951322143,80.48623372362725,12.454540710492232
62.81841483173143,9.272399541785056,1256.6849032807638,199.12808172757457,39.569880007184445,0.2617433951322143,78.79474300020942,12.192797315360014
62.81841483173143,9.272399541785056,1256.6849032807638,199.12808172757457,38.72043139665048,0.2617433951322143,77.10325227679162,11.931053920227802
62.81841483173143,9.272399541785056,1256.6849032807638,199.12808172757457,37.87098278611652,0.2617433951322143,75.4117615533738,11.669310525095586
62.81841483173143,9.272399541785056,1256.6849032807638,199.12808172757457,37.02153417558256,0.2617433951322143,73.720270829956,11.407567129963374
62.81841483173143,9.272399541785056,1256.6849032807638,199.12808172757457,36.1720855650486,0.2617433951322143,72.02878010653816,11.145823734831158
62.81841483173143,9.272399541785056,1256.6849032807638,199.12808172757457,35.322636954514635,0.2617433951322143,70.33728938312036,10.884080339698945
62.81841483173143,9.272399541785056,1256.6849032807638,199.12808172757457,34.473188343980674,0.2617433951322143,68.64579865970255,10.622336944566731
62.81841483173143,9.272399541785056,1256.6849032807638,199.12808172757457,33.62373973344671,0.2617433951322143,66.95430793628474,10.360593549434517
62.81841483173143,9.272399541785056,1256.6849032807638,199.12808172757457,32.77429112291275,0.2617433951322143,65.26281721286692,10.098850154302301
62.81841483173143,9.272399541785056,1256.6849032807638,199.12808172757457,31.92484251237879,0.2617433951322143,63.5713264894491,9.837106759170087
62.81841483173143,9.272399541785056,1256.6849032807638,199.12808172757457,31.075393901844826,0.2617433951322143,61.87983576603129,9.575363364037873
62.81841483173143,9.272399541785056,1256.6849032807638,199.12808172757457,30.225945291310865,0.2617433951322143,60.18834504261347,9.313619968905657
62.81841483173143,9.272399541785056,1256.6849032807638,199.12808172757457,29.376496680776903,0.2617433951322143,58.49685431919566,9.051876573773445
62.81841483173143,9.272399541785056,1256.6849032807638,199.12808172757457,28.52704807024294,0.2617433951322143,56.80536359577784,8.790133178641229
62.81841483173143,9.272399541785056,1256.6849032807638,199.12808172757457,27.67759945970898,0.2617433951322143,55.113872872360034,8.528389783509017
62.81841483173143,9.272399541785056,1256.6849032807638,199.12808172757457,26.828150849175017,0.2617433951322143,53.422382148942226,8.266646388376802
62.81841483173143,9.272399541785056,1256.6849032807638,199.12808172757457,25.978702238641056,0.2617433951322143,51.730891425524405,8.004902993244587
62.81841483173143,9.272399541785056,1256.6849032807638,199.12808172757457,25.129253628107094,0.2617433951322143,50.0394007021066,7.743159598112373
62.81841483173143,9.272399541785056,1256.6849032807638,199.12808172757457,24.279805017573132,0.2617433951322143,48.347909978688776,7.481416202980158
62.81841483173143,9.272399541785056,1256.6849032807638,199.12808172757457,23.43035640703917,0.2617433951322143,46.65641925527096,7.219672807847944
62.81841483173143,9.272399541785056,1256.6849032807638,199.12808172757457,22.58090779650521,0.2617433951322143,44.96492853185315,6.957929412715729
62.81841483173143,9.272399541785056,1256.6849032807638,199.12808172757457,21.731459185971246,0.2617433951322143,43.27343780843533,6.696186017583515
62.81841483173143,9.272399541785056,1256.6849032807638,199.12808172757457,20.882010575437285,0.2617433951322143,41.58194708501752,6.434442622451301
62.81841483173143,9.272399541785056,1256.6849032807638,199.12808172757457,20.032561964903323,0.2617433951322143,39.8904563615997,6.172699227319086
62.81841483173143,9.272399541785056,1256.6849032807638,199.12808172757457,19.18311335436936,0.2617433951322143,38.19896563818189,5.910955832186872
62.81841483173143,9.272399541785056,1256.6849032807638,199.12808172757457,18.3336647438354,0.2617433951322143,36.507474914764074,5.649212437054658
62.81841483173143,9.272399541785056,1256.6849032807638,199.12808172757457,17.484216133301437,0.2617433951322143,34.81598419134626,5.387469041922444
62.81841483173143,9.272399541785056,1256.6849032807638,199.12808172757457,16.634767522767476,0.2617433951322143,33.12449346792845,5.12572564679023
62.81841483173143,9.272399541785056,1256.6849032807638,199.12808172757457,15.785318912233514,0.2617433951322143,31.433002744510638,4.863982251658015
62.81841483173143,9.272399541785056,1256.6849032807638,199.12808172757457,14.935870301699552,0.2617433951322143,29.741512021092824,4.602238856525801
62.81841483173143,9.272399541785056,1256.6849032807638,199.12808172757457,14.08642169116559,0.2617433951322143,28.05002129767501,4.340495461393587
62.81841483173143,9.272399541785056,1256.6849032807638,199.12808172757457,13.236973080631628,0.2617433951322143,26.358530574257195,4.078752066261372
62.81841483173143,9.272399541785056,1256.6849032807638,199.12808172757457,12.387524470097667,0.2617433951322143,24.66703985083938,3.817008671129158
62.81841483173143,9.272399541785056,1256.6849032807638,199.12808172757457,11.538075859563705,0.2617433951322143,22.975549127421566,3.555265275996944
62.81841483173143,9.272399541785056,1256.6849032807638,199.12808172757457,10.688627249029743,0.2617433951322143,21.28405840400375,3.2935218808647293
62.81841483173143,9.272399541785056,1256.6849032807638,199.12808172757457,9.839178638495781,0.2617433951322143,19.592567680585937,3.0317784857325147
62.81841483173143,9.272399541785056,1256.6849032807638,199.12808172757457,8.98973002796182,0.2617433951322143,17.901076957168122,2.7700350906003006
62.81841483173143,9.272399541785056,1256.6849032807638,199.12808172757457,8.140281417427857,0.2617433951322143,16.20958623375031,2.5082916954680865
62.81841483173143,9.272399541785056,1256.6849032807638,199.12808172757457,7.290832806893896,0.2617433951322143,14.518095510332497,2.2465483003358724
62.81841483173143,9.272399541785056,1256.6849032807638,199.12808172757457,6.441384196359934,0.2617433951322143,12.82660478691468,1.9848049052036576
62.81841483173143,9.272399541785056,1256.6849032807638,199.12808172757457,5.591935585825972,0.2617433951322143,11.135114063496866,1.7230615100714433
62.81841483173143,9.272399541785056,1256.6849032807638,199.12808172757457,4.74248697529201,0.2617433951322143,9.443623340079053,1.4613181149392291
62.81841483173143,9.272399541785056,1256.6849032807638,199.12808172757457,3.8930383647580484,0.2617433951322143,7.752132616661239,1.1995747198070148
62.81841483173143,9.272399541785056,1256.6849032807638,199.12808172757457,3.0435897542240866,0.2617433951322143,6.060641893243425,0.9378313246748006
62.81841483173143,9.272399541785056,1256.6849032807638,199.12808172757457,2.194141143690125,0.2617433951322143,4.369151169825611,0.6760879295425862
62.81841483173143,9.272399541785056,1256.6849032807638,199.12808172757457,1.3446925331561632,0.2617433951322143,2.6776604464077973,0.414344534410372
62.81841483173143,9.272399541785056,1256.6849032807638,199.12808172757457,0.4952439226222016,0.2617433951322143,0.9861697229899838,0.15260113927815777
104.42131407263113,-8.591677383009122,2308.912292107568,87.11182273113371,89.78371443831024,1.7403552345438522,78.21223016292812,33.83889094506071
104.42131407263113,-8.591677383009122,2308.912292107568,87.11182273113371,85.16608209175394,1.7403552345438522,74.1897264588205,32.09853571051686
104.42131407263113,-8.591677383009122,2308.912292107568,87.11182273113371,80.54844974519763,1.7403552345438522,70.16722275471288,30.358180475973008
104.42131407263113,-8.591677383009122,2308.912292107568,87.11182273113371,75.93081739864132,1.7403552345438522,66.14471905060526,28.617825241429156
104.42131407263113,-8.591677383009122,2308.912292107568,87.11182273113371,71.31318505208502,1.7403552345438522,62.12221534649765,26.877470006885307
104.42131407263113,-8.591677383009122,2308.912292107568,87.11182273113371,66.69555270552871,1.7403552345438522,58.099711642390034,25.137114772341455
104.42131407263113,-8.591677383009122,2308.912292107568,87.11182273113371,62.077920358972406,1.7403552345438522,54.077207938282406,23.3967595377976
104.42131407263113,-8.591677383009122,2308.912292107568,87.11182273113371,57.4602880124161,1.7403552345438522,50.05470423417479,21.65640430325375
104.42131407263113,-8.591677383009122,2308.912292107568,87.11182273113371,52.842655665859795,1.7403552345438522,46.03220053006717,19.9160490687099
104.42131407263113,-8.591677383009122,2308.912292107568,87.11182273113371,48.22502331930349,1.7403552345438522,42.00969682595955,18.175693834166047
104.42131407263113,-8.591677383009122,2308.912292107568,87.11182273113371,43.60739097274718,1.7403552345438522,37.98719312185193,16.435338599622195
104.42131407263113,-8.591677383009122,2308.912292107568,87.11182273113371,38.98975862619088,1.7403552345438522,33.96468941774432,14.694983365078345
104.42131407263113,-8.591677383009122,2308.912292107568,87.11182273113371,34.37212627963457,1.7403552345438522,29.942185713636697,12.954628130534493
104.42131407263113,-8.591677383009122,2308.912292107568,87.11182273113371,29.754493933078265,1.7403552345438522,25.919682009529073,11.21427289599064
104.42131407263113,-8.591677383009122,2308.912292107568,87.11182273113371,25.13686158652196,1.7403552345438522,21.897178305421452,9.473917661446787
104.42131407263113,-8.591677383009122,2308.912292107568,87.11182273113371,20.519229239965654,1.7403552345438522,17.874674601313835,7.733562426902936
104.42131407263113,-8.591677383009122,2308.912292107568,87.11182273113371,15.901596893409346,1.7403552345438522,13.852170897206214,5.993207192359083
104.42131407263113,-8.591677383009122,2308.912292107568,87.11182273113371,11.283964546853039,1.7403552345438522,9.829667193098594,4.252851957815231
104.42131407263113,-8.591677383009122,2308.912292107568,87.11182273113371,6.666332200296731,1.7403552345438522,5.807163488990973,2.512496723271379
104.42131407263113,-8.591677383009122,2308.912292107568,87.11182273113371,2.0486998537404233,1.7403552345438522,1.784659784883353,0.7721414887275267
90.24840839871092,-4.128163114710133,1471.5943328999683,147.3829626918481,48.12566305490037,0.3760350349946288,70.92902802540833,28.56077321589486
90.24840839871092,-4.128163114710133,1471.5943328999683,147.3829626918481,47.49203401222033,0.3760350349946288,69.99516676983049,28.18473818090023
90.24840839871092,-4.128163114710133,1471.5943328999683,147.3829626918481,46.85840496954029,0.3760350349946288,69.06130551425265,27.8087031459056
90.24840839871092,-4.128163114710133,1471.5943328999683,147.3829626918481,46.22477592686025,0.3760350349946288,68.12744425867481,27.43266811091097
90.24840839871092,-4.128163114710133,1471.5943328999683,147.3829626918481,45.591146884180205,0.3760350349946288,67.19358300309698,27.05663307591634
90.24840839871092,-4.128163114710133,1471.5943328999683,147.3829626918481,44.95751784150016,0.3760350349946288,66.25972174751914,26.680598040921712
90.24840839871092,-4.128163114710133,1471.5943328999683,147.3829626918481,44.32388879882012,0.3760350349946288,65.3258604919413,26.304563005927083
90.24840839871092,-4.128163114710133,1471.5943328999683,147.3829626918481,43.69025975614008,0.3760350349946288,64.39199923636346,25.928527970932453
90.24840839871092,-4.128163114710133,1471.5943328999683,147.3829626918481,43.05663071346004,0.3760350349946288,63.458137980785615,25.55249293593782
90.24840839871092,-4.128163114710133,1471.5943328999683,147.3829626918481,42.423001670779996,0.3760350349946288,62.52427672520778,25.17645790094319
90.24840839871092,-4.128163114710133,1471.5943328999683,147.3829626918481,41.789372628099954,0.3760350349946288,61.59041546962993,24.800422865948562
90.24840839871092,-4.128163114710133,1471.5943328999683,147.3829626918481,41.15574358541991,0.3760350349946288,60.65655421405209,24.424387830953933
90.24840839871092,-4.128163114710133,1471.5943328999683,147.3829626918481,40.52211454273987,0.3760350349946288,59.722692958474255,24.0483527959593
90.24840839871092,-4.128163114710133,1471.5943328999683,147.3829626918481,39.88848550005983,0.3760350349946288,58.78883170289641,23.67231776096467
90.24840839871092,-4.128163114710133,1471.5943328999683,147.3829626918481,39.25485645737979,0.3760350349946288,57.85497044731858,23.29628272597004
90.24840839871092,-4.128163114710133,1471.5943328999683,147.3829626918481,38.621227414699746,0.3760350349946288,56.92110919174073,22.920247690975412
90.24840839871092,-4.128163114710133,1471.5943328999683,147.3829626918481,37.987598372019704,0.3760350349946288,55.987247936162895,22.544212655980783
90.24840839871092,-4.128163114710133,1471.5943328999683,147.3829626918481,37.35396932933966,0.3760350349946288,55.05338668058506,22.168177620986153
90.24840839871092,-4.128163114710133,1471.5943328999683,147.3829626918481,36.72034028665962,0.3760350349946288,54.11952542500721,21.79214258599152
90.24840839871092,-4.128163114710133,1471.5943328999683,147.3829626918481,36.08671124397958,0.3760350349946288,53.18566416942937,21.41610755099689
90.24840839871092,-4.128163114710133,1471.5943328999683,147.3829626918481,35.45308220129954,0.3760350349946288,52.25180291385153,21.040072516002258
90.24840839871092,-4.128163114710133,1471.5943328999683,147.3829626918481,34.819453158619496,0.3760350349946288,51.317941658273696,20.664037481007632
90.24840839871092,-4.128163114710133,1471.5943328999683,147.3829626918481,34.185824115939454,0.3760350349946288,50.38408040269586,20.288002446013003
90.24840839871092,-4.128163114710133,1471.5943328999683,147.3829626918481,33.55219507325941,0.3760350349946288,49.45021914711801,19.91196741101837
90.24840839871092,-4.128163114710133,1471.5943328999683,147.3829626918481,32.91856603057937,0.3760350349946288,48.516357891540174,19.53593237602374
90.24840839871092,-4.128163114710133,1471.5943328999683,147.3829626918481,32.28493698789933,0.3760350349946288,47.58249663596233,19.159897341029108
90.24840839871092,-4.128163114710133,1471.5943328999683,147.3829626918481,31.65130794521929,0.3760350349946288,46.6486353803845,18.783862306034482
90.24840839871092,-4.128163114710133,1471.5943328999683,147.3829626918481,31.017678902539252,0.3760350349946288,45.71477412480667,18.407827271039856
90.24840839871092,-4.128163114710133,1471.5943328999683,147.3829626918481,30.384049859859214,0.3760350349946288,44.78091286922883,18.031792236045227
90.24840839871092,-4.128163114710133,1471.5943328999683,147.3829626918481,29.750420817179176,0.3760350349946288,43.84705161365099,17.655757201050598
90.24840839871092,-4.128163114710133,1471.5943328999683,147.3829626918481,29.116791774499138,0.3760350349946288,42.91319035807316,17.27972216605597
90.24840839871092,-4.128163114710133,1471.5943328999683,147.3829626918481,28.4831627318191,0.3760350349946288,41.97932910249533,16.903687131061343
90.24840839871092,-4.128163114710133,1471.5943328999683,147.3829626918481,27.84953368913906,0.3760350349946288,41.04546784691749,16.527652096066713
90.24840839871092,-4.128163114710133,1471.5943328999683,147.3829626918481,27.215904646459023,0.3760350349946288,40.11160659133965,16.151617061072084
90.24840839871092,-4.128163114710133,1471.5943328999683,147.3829626918481,26.582275603778985,0.3760350349946288,39.17774533576182,15.775582026077458
90.24840839871092,-4.128163114710133,1471.5943328999683,147.3829626918481,25.948646561098947,0.3760350349946288,38.24388408018399,15.399546991082833
90.24840839871092,-4.128163114710133,1471.5943328999683,147.3829626918481,25.31501751841891,0.3760350349946288,37.31002282460615,15.023511956088203
90.24840839871092,-4.128163114710133,1471.5943328999683,147.3829626918481,24.68138847573887,0.3760350349946288,36.37616156902832,14.647476921093576
90.24840839871092,-4.128163114710133,1471.5943328999683,147.3829626918481,24.047759433058832,0.3760350349946288,35.44230031345048,14.271441886098946
90.24840839871092,-4.128163114710133,1471.5943328999683,147.3829626918481,23.414130390378794,0.3760350349946288,34.50843905787265,13.89540685110432
90.24840839871092,-4.128163114710133,1471.5943328999683,147.3829626918481,22.780501347698756,0.3760350349946288,33.57457780229481,13.519371816109691
90.24840839871092,-4.128163114710133,1471.5943328999683,147.3829626918481,22.146872305018718,0.3760350349946288,32.64071654671697,13.143336781115062
90.24840839871092,-4.128163114710133,1471.5943328999683,147.3829626918481,21.51324326233868,0.3760350349946288,31.70685529113914,12.767301746120433
90.24840839871092,-4.128163114710133,1471.5943328999683,147.3829626918481,20.87961421965864,0.3760350349946288,30.772994035561304,12.391266711125805
90.24840839871092,-4.128163114710133,1471.5943328999683,147.3829626918481,20.245985176978603,0.3760350349946288,29.83913277998347,12.015231676131178
90.24840839871092,-4.128163114710133,1471.5943328999683,147.3829626918481,19.612356134298565,0.3760350349946288,28.905271524405634,11.63919664113655
90.24840839871092,-4.128163114710133,1471.5943328999683,147.3829626918481,18.978727091618527,0.3760350349946288,27.9714102688278,11.263161606141923
90.24840839871092,-4.128163114710133,1471.5943328999683,147.3829626918481,18.34509804893849,0.3760350349946288,27.037549013249965,10.887126571147293
90.24840839871092,-4.128163114710133,1471.5943328999683,147.3829626918481,17.71146900625845,0.3760350349946288,26.10368775767213,10.511091536152666
90.24840839871092,-4.128163114710133,1471.5943328999683,147.3829626918481,17.077839963578413,0.3760350349946288,25.169826502094296,10.135056501158038
90.24840839871092,-4.128163114710133,1471.5943328999683,147.3829626918481,16.444210920898374,0.3760350349946288,24.23596524651646,9.75902146616341
90.24840839871092,-4.128163114710133,1471.5943328999683,147.3829626918481,15.810581878218334,0.3760350349946288,23.302103990938626,9.382986431168781
90.24840839871092,-4.128163114710133,1471.5943328999683,147.3829626918481,15.176952835538295,0.3760350349946288,22.368242735360784,9.006951396174152
90.24840839871092,-4.128163114710133,1471.5943328999683,147.3829626918481,14.543323792858255,0.3760350349946288,21.434381479782946,8.630916361179523
90.24840839871092,-4.128163114710133,1471.5943328999683,147.3829626918481,13.909694750178215,0.3760350349946288,20.50052022420511,8.254881326184893
90.24840839871092,-4.128163114710133,1471.5943328999683,147.3829626918481,13.276065707498175,0.3760350349946288,19.566658968627273,7.878846291190265
90.24840839871092,-4.128163114710133,1471.5943328999683,147.3829626918481,12.642436664818135,0.3760350349946288,18.632797713049438,7.502811256195637
90.24840839871092,-4.128163114710133,1471.5943328999683,147.3829626918481,12.008807622138095,0.3760350349946288,17.698936457471596,7.126776221201006
90.24840839871092,-4.128163114710133,1471.5943328999683,147.3829626918481,11.375178579458055,0.3760350349946288,16.76507520189376,6.750741186206378
90.24840839871092,-4.128163114710133,1471.5943328999683,147.3829626918481,10.741549536778015,0.3760350349946288,15.831213946315923,6.374706151211749
90.24840839871092,-4.128163114710133,1471.5943328999683,147.3829626918481,10.107920494097975,0.3760350349946288,14.897352690738085,5.998671116217119
90.24840839871092,-4.128163114710133,1471.5943328999683,147.3829626918481,9.474291451417935,0.3760350349946288,13.963491435160249,5.622636081222491
90.24840839871092,-4.128163114710133,1471.5943328999683,147.3829626918481,8.840662408737895,0.3760350349946288,13.029630179582412,5.246601046227862
90.24840839871092,-4.128163114710133,1471.5943328999683,147.3829626918481,8.207033366057855,0.3760350349946288,12.095768924004572,4.870566011233232
90.24840839871092,-4.128163114710133,1471.5943328999683,147.3829626918481,7.573404323377815,0.3760350349946288,11.161907668426736,4.494530976238603
90.24840839871092,-4.128163114710133,1471.5943328999683,147.3829626918481,6.939775280697775,0.3760350349946288,10.228046412848899,4.118495941243975
90.24840839871092,-4.128163114710133,1471.5943328999683,147.3829626918481,6.306146238017735,0.3760350349946288,9.29418515727106,3.7424609062493452
90.24840839871092,-4.128163114710133,1471.5943328999683,147.3829626918481,5.672517195337695,0.3760350349946288,8.360323901693222,3.366425871254716
90.24840839871092,-4.128163114710133,1471.5943328999683,147.3829626918481,5.038888152657655,0.3760350349946288,7.426462646115386,2.9903908362600875
90.24840839871092,-4.128163114710133,1471.5943328999683,147.3829626918481,4.4052591099776155,0.3760350349946288,6.492601390537549,2.614355801265458
90.24840839871092,-4.128163114710133,1471.5943328999683,147.3829626918481,3.771630067297576,0.3760350349946288,5.558740134959711,2.2383207662708293
90.24840839871092,-4.128163114710133,1471.5943328999683,147.3829626918481,3.1380010246175365,0.3760350349946288,4.624878879381875,1.8622857312762007
90.24840839871092,-4.128163114710133,1471.5943328999683,147.3829626918481,2.504371981937497,0.3760350349946288,3.6910176238040378,1.4862506962815718
90.24840839871092,-4.128163114710133,1471.5943328999683,147.3829626918481,1.8707429392574575,0.3760350349946288,2.757156368226201,1.110215661286943
90.24840839871092,-4.128163114710133,1471.5943328999683,147.3829626918481,1.237113896577418,0.3760350349946288,1.823295112648364,0.7341806262923143
90.24840839871092,-4.128163114710133,1471.5943328999683,147.3829626918481,0.6034848538973785,0.3760350349946288,0.8894338570705272,0.3581455912976855
27.094091699992767,-8.98462937921206,2252.1695021220676,169.61814314866893,51.04526574343721,0.11289204874996986,86.5820319193218,8.262504366728436
27.094091699992767,-8.98462937921206,2252.1695021220676,169.61814314866893,50.34782530976335,0.11289204874996986,85.39904640615617,8.149612317978466
27.094091699992767,-8.98462937921206,2252.1695021220676,169.61814314866893,49.65038487608949,0.11289204874996986,84.21606089299054,8.036720269228496
27.094091699992767,-8.98462937921206,2252.1695021220676,169.61814314866893,48.95294444241563,0.11289204874996986,83.03307537982492,7.923828220478527
27.094091699992767,-8.98462937921206,2252.1695021220676,169.61814314866893,48.25550400874177,0.11289204874996986,81.85008986665929,7.8109361717285575
27.094091699992767,-8.98462937921206,2252.1695021220676,169.61814314866893,47.558063575067905,0.11289204874996986,80.66710435349366,7.698044122978588
27.094091699992767,-8.98462937921206,2252.1695021220676,169.61814314866893,46.86062314139404,0.11289204874996986,79.48411884032802,7.585152074228618
27.094091699992767,-8.98462937921206,2252.1695021220676,169.61814314866893,46.16318270772018,0.11289204874996986,78.3011333271624,7.47226002547865
27.094091699992767,-8.98462937921206,2252.1695021220676,169.61814314866893,45.46574227404632,0.11289204874996986,77.11814781399677,7.35936797672868
27.094091699992767,-8.98462937921206,2252.1695021220676,169.61814314866893,44.76830184037246,0.11289204874996986,75.93516230083115,7.246475927978711
27.094091699992767,-8.98462937921206,2252.1695021220676,169.61814314866893,44.0708614066986,0.11289204874996986,74.75217678766552,7.133583879228741
27.094091699992767,-8.98462937921206,2252.1695021220676,169.61814314866893,43.373420973024736,0.11289204874996986,73.56919127449989,7.020691830478771
27.094091699992767,-8.98462937921206,2252.1695021220676,169.61814314866893,42.675980539350874,0.11289204874996986,72.38620576133425,6.9077997817288015
27.094091699992767,-8.98462937921206,2252.1695021220676,169.61814314866893,41.97854010567701,0.11289204874996986,71.20322024816863,6.794907732978833
27.094091699992767,-8.98462937921206,2252.1695021220676,169.61814314866893,41.28109967200315,0.11289204874996986,70.02023473500302,6.6820156842288645
27.094091699992767,-8.98462937921206,2252.1695021220676,169.61814314866893,40.58365923832929,0.11289204874996986,68.83724922183738,6.569123635478895
27.094091699992767,-8.98462937921206,2252.1695021220676,169.61814314866893,39.88621880465543,0.11289204874996986,67.65426370867175,6.456231586728925
27.094091699992767,-8.98462937921206,2252.1695021220676,169.61814314866893,39.18877837098157,0.11289204874996986,66.47127819550612,6.343339537978955
27.094091699992767,-8.98462937921206,2252.1695021220676,169.61814314866893,38.491337937307705,0.11289204874996986,65.2882926823405,6.230447489228987
27.094091699992767,-8.98462937921206,2252.1695021220676,169.61814314866893,37.79389750363384,0.11289204874996986,64.10530716917486,6.117555440479017
27.094091699992767,-8.98462937921206,2252.1695021220676,169.61814314866893,37.09645706995998,0.11289204874996986,62.92232165600924,6.004663391729047
27.094091699992767,-8.98462937921206,2252.1695021220676,169.61814314866893,36.39901663628612,0.11289204874996986,61.73933614284361,5.891771342979078
27.094091699992767,-8.98462937921206,2252.1695021220676,169.61814314866893,35.70157620261226,0.11289204874996986,60.55635062967798,5.7788792942291085
27.094091699992767,-8.98462937921206,2252.1695021220676,169.61814314866893,35.0041357689384,0.11289204874996986,59.37336511651236,5.6659872454791405
27.094091699992767,-8.98462937921206,2252.1695021220676,169.61814314866893,34.306695335264536,0.11289204874996986,58.19037960334673,5.553095196729171
27.094091699992767,-8.98462937921206,2252.1695021220676,169.61814314866893,33.609254901590674,0.11289204874996986,57.0073940901811,5.440203147979201
27.094091699992767,-8.98462937921206,2252.1695021220676,169.61814314866893,32.91181446791681,0.11289204874996986,55.82440857701547,5.327311099229231
27.094091699992767,-8.98462937921206,2252.1695021220676,169.61814314866893,32.21437403424295,0.11289204874996986,54.64142306384984,5.214419050479262
27.094091699992767,-8.98462937921206,2252.1695021220676,169.61814314866893,31.516933600569086,0.11289204874996986,53.45843755068421,5.101527001729292
27.094091699992767,-8.98462937921206,2252.1695021220676,169.61814314866893,30.81949316689522,0.11289204874996986,52.27545203751858,4.988634952979323
27.094091699992767,-8.98462937921206,2252.1695021220676,169.61814314866893,30.122052733221356,0.11289204874996986,51.09246652435294,4.8757429042293525
27.094091699992767,-8.98462937921206,2252.1695021220676,169.61814314866893,29.42461229954749,0.11289204874996986,49.90948101118731,4.762850855479383
27.094091699992767,-8.98462937921206,2252.1695021220676,169.61814314866893,28.727171865873625,0.11289204874996986,48.72649549802167,4.649958806729412
27.094091699992767,-8.98462937921206,2252.1695021220676,169.61814314866893,28.02973143219976,0.11289204874996986,47.543509984856044,4.537066757979443
27.094091699992767,-8.98462937921206,2252.1695021220676,169.61814314866893,27.332290998525895,0.11289204874996986,46.360524471690404,4.424174709229472
27.094091699992767,-8.98462937921206,2252.1695021220676,169.61814314866893,26.63485056485203,0.11289204874996986,45.17753895852477,4.3112826604795025
27.094091699992767,-8.98462937921206,2252.1695021220676,169.61814314866893,25.937410131178165,0.11289204874996986,43.99455344535914,4.198390611729533
27.094091699992767,-8.98462937921206,2252.1695021220676,169.61814314866893,25.2399696975043,0.11289204874996986,42.811567932193505,4.085498562979563
27.094091699992767,-8.98462937921206,2252.1695021220676,169.61814314866893,24.542529263830435,0.11289204874996986,41.62858241902787,3.972606514229593
27.094091699992767,-8.98462937921206,2252.1695021220676,169.61814314866893,23.84508883015657,0.11289204874996986,40.44559690586224,3.859714465479623
27.094091699992767,-8.98462937921206,2252.1695021220676,169.61814314866893,23.147648396482705,0.11289204874996986,39.2626113926966,3.746822416729653
27.094091699992767,-8.98462937921206,2252.1695021220676,169.61814314866893,22.45020796280884,0.11289204874996986,38.07962587953097,3.6339303679796835
27.094091699992767,-8.98462937921206,2252.1695021220676,169.61814314866893,21.752767529134974,0.11289204874996986,36.89664036636534,3.5210383192297137
27.094091699992767,-8.98462937921206,2252.1695021220676,169.61814314866893,21.05532709546111,0.11289204874996986,35.7136548531997,3.4081462704797434
27.094091699992767,-8.98462937921206,2252.1695021220676,169.61814314866893,20.357886661787244,0.11289204874996986,34.530669340034066,3.2952542217297736
27.094091699992767,-8.98462937921206,2252.1695021220676,169.61814314866893,19.66044622811338,0.11289204874996986,33.34768382686843,3.1823621729798037
27.094091699992767,-8.98462937921206,2252.1695021220676,169.61814314866893,18.963005794439514,0.11289204874996986,32.1646983137028,3.069470124229834
27.094091699992767,-8.98462937921206,2252.1695021220676,169.61814314866893,18.26556536076565,0.11289204874996986,30.981712800537164,2.9565780754798636
27.094091699992767,-8.98462937921206,2252.1695021220676,169.61814314866893,17.568124927091784,0.11289204874996986,29.79872728737153,2.843686026729894
27.094091699992767,-8.98462937921206,2252.1695021220676,169.61814314866893,16.87068449341792,0.11289204874996986,28.6157417742059,2.7307939779799244
27.094091699992767,-8.98462937921206,2252.1695021220676,169.61814314866893,16.173244059744054,0.11289204874996986,27.432756261040264,2.617901929229954
27.094091699992767,-8.98462937921206,2252.1695021220676,169.61814314866893,15.475803626070189,0.11289204874996986,26.24977074787463,2.5050098804799843
27.094091699992767,-8.98462937921206,2252.1695021220676,169.61814314866893,14.778363192396323,0.11289204874996986,25.066785234709,2.3921178317300145
27.094091699992767,-8.98462937921206,2252.1695021220676,169.61814314866893,14.080922758722458,0.11289204874996986,23.88379972154336,2.279225782980044
27.094091699992767,-8.98462937921206,2252.1695021220676,169.61814314866893,13.383482325048593,0.11289204874996986,22.70081420837773,2.1663337342300744
27.094091699992767,-8.98462937921206,2252.1695021220676,169.61814314866893,12.686041891374728,0.11289204874996986,21.517828695212092,2.053441685480104
27.094091699992767,-8.98462937921206,2252.1695021220676,169.61814314866893,11.988601457700863,0.11289204874996986,20.334843182046463,1.9405496367301347
27.094091699992767,-8.98462937921206,2252.1695021220676,169.61814314866893,11.291161024026998,0.11289204874996986,19.151857668880826,1.8276575879801644
27.094091699992767,-8.98462937921206,2252.1695021220676,169.61814314866893,10.593720590353133,0.11289204874996986,17.968872155715193,1.7147655392301946
27.094091699992767,-8.98462937921206,2252.1695021220676,169.61814314866893,9.896280156679268,0.11289204874996986,16.785886642549556,1.6018734904802243
27.094091699992767,-8.98462937921206,2252.1695021220676,169.61814314866893,9.198839723005403,0.11289204874996986,15.602901129383925,1.4889814417302547
27.094091699992767,-8.98462937921206,2252.1695021220676,169.61814314866893,8.501399289331538,0.11289204874996986,14.41991561621829,1.3760893929802847
27.094091699992767,-8.98462937921206,2252.1695021220676,169.61814314866893,7.8039588556576724,0.11289204874996986,13.236930103052657,1.2631973442303148
27.094091699992767,-8.98462937921206,2252.1695021220676,169.61814314866893,7.106518421983807,0.11289204874996986,12.053944589887022,1.150305295480345
27.094091699992767,-8.98462937921206,2252.1695021220676,169.61814314866893,6.409077988309942,0.11289204874996986,10.87095907672139,1.037413246730375
27.094091699992767,-8.98462937921206,2252.1695021220676,169.61814314866893,5.711637554636077,0.11289204874996986,9.687973563555756,0.9245211979804052
27.094091699992767,-8.98462937921206,2252.1695021220676,169.61814314866893,5.014197120962212,0.11289204874996986,8.504988050390121,0.8116291492304352
27.094091699992767,-8.98462937921206,2252.1695021220676,169.61814314866893,4.316756687288347,0.11289204874996986,7.3220025372244875,0.6987371004804652
27.094091699992767,-8.98462937921206,2252.1695021220676,169.61814314866893,3.6193162536144823,0.11289204874996986,6.139017024058854,0.5858450517304954
27.094091699992767,-8.98462937921206,2252.1695021220676,169.61814314866893,2.9218758199406176,0.11289204874996986,4.956031510893221,0.47295300298052556
27.094091699992767,-8.98462937921206,2252.1695021220676,169.61814314866893,2.224435386266753,0.11289204874996986,3.773045997727588,0.3600609542305557
27.094091699992767,-8.98462937921206,2252.1695021220676,169.61814314866893,1.5269949525928883,0.11289204874996986,2.590060484561955,0.24716890548058587
27.094091699992767,-8.98462937921206,2252.1695021220676,169.61814314866893,0.8295545189190235,0.11289204874996986,1.4070749713963213,0.13427685673061598
48.65412521282844,-9.389995001219011,2352.6022936358577,44.41868349979275,60.9992922549929,0.40545104344023697,27.095082563858888,3.946189909953807
48.65412521282844,-9.389995001219011,2352.6022936358577,44.41868349979275,54.731923664464944,0.40545104344023697,24.311199945866854,3.54073886651357
48.65412521282844,-9.389995001219011,2352.6022936358577,44.41868349979275,48.464555073936985,0.40545104344023697,21.52731732787482,3.135287823073333
48.65412521282844,-9.389995001219011,2352.6022936358577,44.41868349979275,42.19718648340903,0.40545104344023697,18.74343470988278,2.7298367796330956
48.65412521282844,-9.389995001219011,2352.6022936358577,44.41868349979275,35.92981789288107,0.40545104344023697,15.959552091890744,2.3243857361928586
48.65412521282844,-9.389995001219011,2352.6022936358577,44.41868349979275,29.66244930235311,0.40545104344023697,13.175669473898711,1.9189346927526219
48.65412521282844,-9.389995001219011,2352.6022936358577,44.41868349979275,23.395080711825152,0.40545104344023697,10.391786855906675,1.5134836493123847
48.65412521282844,-9.389995001219011,2352.6022936358577,44.41868349979275,17.127712121297193,0.40545104344023697,7.607904237914639,1.1080326058721475
48.65412521282844,-9.389995001219011,2352.6022936358577,44.41868349979275,10.860343530769237,0.40545104344023697,4.824021619922604,0.7025815624319107
48.65412521282844,-9.389995001219011,2352.6022936358577,44.41868349979275,4.59297494024128,0.40545104344023697,2.0401390019305694,0.2971305189916738
65.72651616137286,-6.11239932010254,1248.5526453739787,171.61608970554533,86.62819850278274,0.2738604840057202,148.66792685283352,32.33711070985202
65.72651616137286,-6.11239932010254,1248.5526453739787,171.61608970554533,85.89455100460697,0.2738604840057202,147.40886970424168,32.06325022584629
65.72651616137286,-6.11239932010254,1248.5526453739787,171.61608970554533,85.1609035064312,0.2738604840057202,146.14981255564987,31.789389741840573
65.72651616137286,-6.11239932010254,1248.5526453739787,171.61608970554533,84.42725600825543,0.2738604840057202,144.89075540705804,31.515529257834846
65.72651616137286,-6.11239932010254,1248.5526453739787,171.61608970554533,83.69360851007966,0.2738604840057202,143.63169825846623,31.241668773829126
65.72651616137286,-6.11239932010254,1248.5526453739787,171.61608970554533,82.95996101190389,0.2738604840057202,142.3726411098744,30.967808289823402
65.72651616137286,-6.11239932010254,1248.5526453739787,171.61608970554533,82.22631351372812,0.2738604840057202,141.1135839612826,30.693947805817682
65.72651616137286,-6.11239932010254,1248.5526453739787,171.61608970554533,81.49266601555235,0.2738604840057202,139.85452681269075,30.420087321811955
65.72651616137286,-6.11239932010254,1248.5526453739787,171.61608970554533,80.75901851737657,0.2738604840057202,138.59546966409897,30.146226837806243
65.72651616137286,-6.11239932010254,1248.5526453739787,171.61608970554533,80.0253710192008,0.2738604840057202,137.33641251550713,29.87236635380052
65.72651616137286,-6.11239932010254,1248.5526453739787,171.61608970554533,79.29172352102503,0.2738604840057202,136.07735536691533,29.5985058697948
65.72651616137286,-6.11239932010254,1248.5526453739787,171.61608970554533,78.55807602284926,0.2738604840057202,134.8182982183235,29.324645385789072
65.72651616137286,-6.11239932010254,1248.5526453739787,171.61608970554533,77.8244285246735,0.2738604840057202,133.55924106973168,29.050784901783352
65.72651616137286,-6.11239932010254,1248.5526453739787,171.61608970554533,77.09078102649772,0.2738604840057202,132.30018392113985,28.77692441777763
65.72651616137286,-6.11239932010254,1248.5526453739787,171.61608970554533,76.35713352832195,0.2738604840057202,131.04112677254804,28.50306393377191
65.72651616137286,-6.11239932010254,1248.5526453739787,171.61608970554533,75.62348603014618,0.2738604840057202,129.7820696239562,28.22920344976618
65.72651616137286,-6.11239932010254,1248.5526453739787,171.61608970554533,74.88983853197041,0.2738604840057202,128.5230124753644,27.95534296576046
65.72651616137286,-6.11239932010254,1248.5526453739787,171.61608970554533,74.15619103379464,0.2738604840057202,127.26395532677257,27.681482481754742
65.72651616137286,-6.11239932010254,1248.5526453739787,171.61608970554533,73.42254353561887,0.2738604840057202,126.00489817818075,27.40762199774902
65.72651616137286,-6.11239932010254,1248.5526453739787,171.61608970554533,72.6888960374431,0.2738604840057202,124.74584102958893,27.133761513743295
65.72651616137286,-6.11239932010254,1248.5526453739787,171.61608970554533,71.95524853926733,0.2738604840057202,123.48678388099712,26.859901029737575
65.72651616137286,-6.11239932010254,1248.5526453739787,171.61608970554533,71.22160104109156,0.2738604840057202,122.22772673240532,26.586040545731855
65.72651616137286,-6.11239932010254,1248.5526453739787,171.61608970554533,70.48795354291579,0.2738604840057202,120.9686695838135,26.312180061726135
65.72651616137286,-6.11239932010254,1248.5526453739787,171.61608970554533,69.75430604474002,0.2738604840057202,119.70961243522167,26.03831957772041
65.72651616137286,-6.11239932010254,1248.5526453739787,171.61608970554533,69.02065854656425,0.2738604840057202,118.45055528662985,25.764459093714688
65.72651616137286,-6.11239932010254,1248.5526453739787,171.61608970554533,68.28701104838848,0.2738604840057202,117.19149813803803,25.490598609708965
65.72651616137286,-6.11239932010254,1248.5526453739787,171.61608970554533,67.55336355021271,0.2738604840057202,115.9324409894462,25.216738125703245
65.72651616137286,-6.11239932010254,1248.5526453739787,171.61608970554533,66.81971605203694,0.2738604840057202,114.67338384085438,24.94287764169752
65.72651616137286,-6.11239932010254,1248.5526453739787,171.61608970554533,66.08606855386117,0.2738604840057202,113.41432669226256,24.669017157691798
65.72651616137286,-6.11239932010254,1248.5526453739787,171.61608970554533,65.3524210556854,0.2738604840057202,112.15526954367074,24.395156673686074
65.72651616137286,-6.11239932010254,1248.5526453739787,171.61608970554533,64.61877355750963,0.2738604840057202,110.89621239507892,24.121296189680354
65.72651616137286,-6.11239932010254,1248.5526453739787,171.61608970554533,63.885126059333864,0.2738604840057202,109.63715524648713,23.847435705674638
65.72651616137286,-6.11239932010254,1248.5526453739787,171.61608970554533,63.1514785611581,0.2738604840057202,108.37809809789532,23.573575221668918
65.72651616137286,-6.11239932010254,1248.5526453739787,171.61608970554533,62.41783106298234,0.2738604840057202,107.1190409493035,23.299714737663194
65.72651616137286,-6.11239932010254,1248.5526453739787,171.61608970554533,61.684183564806574,0.2738604840057202,105.8599838007117,23.025854253657478
65.72651616137286,-6.11239932010254,1248.5526453739787,171.61608970554533,60.95053606663081,0.2738604840057202,104.6009266521199,22.751993769651758
65.72651616137286,-6.11239932010254,1248.5526453739787,171.61608970554533,60.21688856845505,0.2738604840057202,103.3418695035281,22.47813328564604
65.72651616137286,-6.11239932010254,1248.5526453739787,171.61608970554533,59.483241070279284,0.2738604840057202,102.08281235493628,22.20427280164032
65.72651616137286,-6.11239932010254,1248.5526453739787,171.61608970554533,58.74959357210352,0.2738604840057202,100.82375520634447,21.9304123176346
65.72651616137286,-6.11239932010254,1248.5526453739787,171.61608970554533,58.01594607392776,0.2738604840057202,99.56469805775266,21.656551833628882
65.72651616137286,-6.11239932010254,1248.5526453739787,171.61608970554533,57.282298575751994,0.2738604840057202,98.30564090916087,21.382691349623165
65.72651616137286,-6.11239932010254,1248.5526453739787,171.61608970554533,56.54865107757623,0.2738604840057202,97.04658376056905,21.108830865617442
65.72651616137286,-6.11239932010254,1248.5526453739787,171.61608970554533,55.81500357940047,0.2738604840057202,95.78752661197724,20.834970381611722
65.72651616137286,-6.11239932010254,1248.5526453739787,171.61608970554533,55.081356081224705,0.2738604840057202,94.52846946338545,20.561109897606006
65.72651616137286,-6.11239932010254,1248.5526453739787,171.61608970554533,54.34770858304894,0.2738604840057202,93.26941231479363,20.287249413600282
65.72651616137286,-6.11239932010254,1248.5526453739787,171.61608970554533,53.61406108487318,0.2738604840057202,92.01035516620182,20.013388929594566
65.72651616137286,-6.11239932010254,1248.5526453739787,171.61608970554533,52.880413586697415,0.2738604840057202,90.75129801761003,19.73952844558885
65.72651616137286,-6.11239932010254,1248.5526453739787,171.61608970554533,52.14676608852165,0.2738604840057202,89.49224086901822,19.46566796158313
65.72651616137286,-6.11239932010254,1248.5526453739787,171.61608970554533,51.41311859034589,0.2738604840057202,88.2331837204264,19.191807477577406
65.72651616137286,-6.11239932010254,1248.5526453739787,171.61608970554533,50.679471092170125,0.2738604840057202,86.9741265718346,18.91794699357169
65.72651616137286,-6.11239932010254,1248.5526453739787,171.61608970554533,49.94582359399436,0.2738604840057202,85.71506942324278,18.644086509565966
65.72651616137286,-6.11239932010254,1248.5526453739787,171.61608970554533,49.2121760958186,0.2738604840057202,84.45601227465099,18.37022602556025
65.72651616137286,-6.11239932010254,1248.5526453739787,171.61608970554533,48.478528597642836,0.2738604840057202,83.19695512605918,18.09636554155453
65.72651616137286,-6.11239932010254,1248.5526453739787,171.61608970554533,47.74488109946707,0.2738604840057202,81.93789797746737,17.822505057548813
65.72651616137286,-6.11239932010254,1248.5526453739787,171.61608970554533,47.01123360129131,0.2738604840057202,80.67884082887556,17.548644573543093
65.72651616137286,-6.11239932010254,1248.5526453739787,171.61608970554533,46.277586103115546,0.2738604840057202,79.41978368028376,17.274784089537373
65.72651616137286,-6.11239932010254,1248.5526453739787,171.61608970554533,45.54393860493978,0.2738604840057202,78.16072653169195,17.000923605531653
65.72651616137286,-6.11239932010254,1248.5526453739787,171.61608970554533,44.81029110676402,0.2738604840057202,76.90166938310014,16.727063121525934
65.72651616137286,-6.11239932010254,1248.5526453739787,171.61608970554533,44.076643608588256,0.2738604840057202,75.64261223450833,16.453202637520214
65.72651616137286,-6.11239932010254,1248.5526453739787,171.61608970554533,43.34299611041249,0.2738604840057202,74.38355508591653,16.179342153514494
65.72651616137286,-6.11239932010254,1248.5526453739787,171.61608970554533,42.60934861223673,0.2738604840057202,73.12449793732472,15.905481669508776
65.72651616137286,-6.11239932010254,1248.5526453739787,171.61608970554533,41.875701114060966,0.2738604840057202,71.86544078873291,15.631621185503056
65.72651616137286,-6.11239932010254,1248.5526453739787,171.61608970554533,41.1420536158852,0.2738604840057202,70.6063836401411,15.357760701497336
65.72651616137286,-6.11239932010254,1248.5526453739787,171.61608970554533,40.40840611770944,0.2738604840057202,69.3473264915493,15.083900217491617
65.72651616137286,-6.11239932010254,1248.5526453739787,171.61608970554533,39.67475861953368,0.2738604840057202,68.0882693429575,14.810039733485901
65.72651616137286,-6.11239932010254,1248.5526453739787,171.61608970554533,38.94111112135791,0.2738604840057202,66.82921219436568,14.536179249480178
65.72651616137286,-6.11239932010254,1248.5526453739787,171.61608970554533,38.20746362318215,0.2738604840057202,65.57015504577387,14.262318765474458
65.72651616137286,-6.11239932010254,1248.5526453739787,171.61608970554533,37.47381612500639,0.2738604840057202,64.31109789718208,13.988458281468741
65.72651616137286,-6.11239932010254,1248.5526453739787,171.61608970554533,36.740168626830624,0.2738604840057202,63.052040748590265,13.714597797463021
65.72651616137286,-6.11239932010254,1248.5526453739787,171.61608970554533,36.00652112865486,0.2738604840057202,61.792983599998465,13.440737313457303
65.72651616137286,-6.11239932010254,1248.5526453739787,171.61608970554533,35.2728736304791,0.2738604840057202,60.53392645140665,13.166876829451581
65.72651616137286,-6.11239932010254,1248.5526453739787,171.61608970554533,34.539226132303334,0.2738604840057202,59.27486930281485,12.893016345445865
65.72651616137286,-6.11239932010254,1248.5526453739787,171.61608970554533,33.80557863412757,0.2738604840057202,58.015812154223035,12.619155861440143
65.72651616137286,-6.11239932010254,1248.5526453739787,171.61608970554533,33.07193113595181,0.2738604840057202,56.756755005631234,12.345295377434425
65.72651616137286,-6.11239932010254,1248.5526453739787,171.61608970554533,32.338283637776044,0.2738604840057202,55.49769785703943,12.071434893428705
65.72651616137286,-6.11239932010254,1248.5526453739787,171.61608970554533,31.604636139600277,0.2738604840057202,54.23864070844761,11.797574409422985
65.72651616137286,-6.11239932010254,1248.5526453739787,171.61608970554533,30.87098864142451,0.2738604840057202,52.979583559855804,11.523713925417265
65.72651616137286,-6.11239932010254,1248.5526453739787,171.61608970554533,30.137341143248744,0.2738604840057202,51.72052641126398,11.249853441411544
65.72651616137286,-6.11239932010254,1248.5526453739787,171.61608970554533,29.403693645072977,0.2738604840057202,50.46146926267217,10.975992957405822
65.72651616137286,-6.11239932010254,1248.5526453739787,171.61608970554533,28.67004614689721,0.2738604840057202,49.20241211408036,10.702132473400102
65.72651616137286,-6.11239932010254,1248.5526453739787,171.61608970554533,27.936398648721443,0.2738604840057202,47.943354965488545,10.428271989394382
65.72651616137286,-6.11239932010254,1248.5526453739787,171.61608970554533,27.202751150545676,0.2738604840057202,46.68429781689674,10.154411505388662
65.72651616137286,-6.11239932010254,1248.5526453739787,171.61608970554533,26.46910365236991,0.2738604840057202,45.425240668304916,9.880551021382939
65.72651616137286,-6.11239932010254,1248.5526453739787,171.61608970554533,25.735456154194143,0.2738604840057202,44.16618351971311,9.60669053737722
65.72651616137286,-6.11239932010254,1248.5526453739787,171.61608970554533,25.001808656018376,0.2738604840057202,42.907126371121294,9.332830053371499
65.72651616137286,-6.11239932010254,1248.5526453739787,171.61608970554533,24.26816115784261,0.2738604840057202,41.648069222529486,9.058969569365779
65.72651616137286,-6.11239932010254,1248.5526453739787,171.61608970554533,23.534513659666842,0.2738604840057202,40.38901207393767,8.785109085360059
65.72651616137286,-6.11239932010254,1248.5526453739787,171.61608970554533,22.800866161491076,0.2738604840057202,39.12995492534586,8.511248601354337
65.72651616137286,-6.11239932010254,1248.5526453739787,171.61608970554533,22.06721866331531,0.2738604840057202,37.87089777675404,8.237388117348615
65.72651616137286,-6.11239932010254,1248.5526453739787,171.61608970554533,21.333571165139542,0.2738604840057202,36.61184062816223,7.9635276333428955
65.72651616137286,-6.11239932010254,1248.5526453739787,171.61608970554533,20.599923666963775,0.2738604840057202,35.35278347957042,7.6896671493371755
65.72651616137286,-6.11239932010254,1248.5526453739787,171.61608970554533,19.86627616878801,0.2738604840057202,34.093726330978605,7.415806665331455
65.72651616137286,-6.11239932010254,1248.5526453739787,171.61608970554533,19.13262867061224,0.2738604840057202,32.83466918238679,7.141946181325734
65.72651616137286,-6.11239932010254,1248.5526453739787,171.61608970554533,18.398981172436475,0.2738604840057202,31.575612033794975,6.868085697320013
65.72651616137286,-6.11239932010254,1248.5526453739787,171.61608970554533,17.665333674260708,0.2738604840057202,30.316554885203164,6.594225213314292
65.72651616137286,-6.11239932010254,1248.5526453739787,171.61608970554533,16.93168617608494,0.2738604840057202,29.057497736611353,6.320364729308572
65.72651616137286,-6.11239932010254,1248.5526453739787,171.61608970554533,16.198038677909175,0.2738604840057202,27.798440588019538,6.0465042453028515
65.72651616137286,-6.11239932010254,1248.5526453739787,171.61608970554533,15.46439117973341,0.2738604840057202,26.539383439427727,5.772643761297131
65.72651616137286,-6.11239932010254,1248.5526453739787,171.61608970554533,14.730743681557644,0.2738604840057202,25.28032629083592,5.498783277291412
65.72651616137286,-6.11239932010254,1248.5526453739787,171.61608970554533,13.99709618338188,0.2738604840057202,24.02126914224411,5.224922793285692
65.72651616137286,-6.11239932010254,1248.5526453739787,171.61608970554533,13.263448685206114,0.2738604840057202,22.762211993652297,4.951062309279971
65.72651616137286,-6.11239932010254,1248.5526453739787,171.61608970554533,12.52980118703035,0.2738604840057202,21.503154845060486,4.677201825274251
65.72651616137286,-6.11239932010254,1248.5526453739787,171.61608970554533,11.796153688854584,0.2738604840057202,20.24409769646868,4.403341341268532
65.72651616137286,-6.11239932010254,1248.5526453739787,171.61608970554533,11.06250619067882,0.2738604840057202,18.98504054787687,4.129480857262812
65.72651616137286,-6.11239932010254,1248.5526453739787,171.61608970554533,10.328858692503054,0.2738604840057202,17.72598339928506,3.8556203732570915
65.72651616137286,-6.11239932010254,1248.5526453739787,171.61608970554533,9.59521119432729,0.2738604840057202,16.46692625069325,3.5817598892513716
65.72651616137286,-6.11239932010254,1248.5526453739787,171.61608970554533,8.861563696151524,0.2738604840057202,15.207869102101439,3.3078994052456516
65.72651616137286,-6.11239932010254,1248.5526453739787,171.61608970554533,8.12791619797576,0.2738604840057202,13.94881195350963,3.0340389212399317
65.72651616137286,-6.11239932010254,1248.5526453739787,171.61608970554533,7.394268699799993,0.2738604840057202,12.689754804917818,2.7601784372342113
65.72651616137286,-6.11239932010254,1248.5526453739787,171.61608970554533,6.660621201624227,0.2738604840057202,11.430697656326005,2.486317953228491
65.72651616137286,-6.11239932010254,1248.5526453739787,171.61608970554533,5.9269737034484615,0.2738604840057202,10.171640507734194,2.2124574692227705
65.72651616137286,-6.11239932010254,1248.5526453739787,171.61608970554533,5.193326205272696,0.2738604840057202,8.912583359142383,1.9385969852170504
65.72651616137286,-6.11239932010254,1248.5526453739787,171.61608970554533,4.45967870709693,0.2738604840057202,7.653526210550572,1.6647365012113302
65.72651616137286,-6.11239932010254,1248.5526453739787,171.61608970554533,3.7260312089211642,0.2738604840057202,6.394469061958761,1.3908760172056098
65.72651616137286,-6.11239932010254,1248.5526453739787,171.61608970554533,2.9923837107453988,0.2738604840057202,5.13541191336695,1.1170155331998897
65.72651616137286,-6.11239932010254,1248.5526453739787,171.61608970554533,2.2587362125696333,0.2738604840057202,3.876354764775139,0.8431550491941695
65.72651616137286,-6.11239932010254,1248.5526453739787,171.61608970554533,1.5250887143938678,0.2738604840057202,2.617297616183328,0.5692945651884493
65.72651616137286,-6.11239932010254,1248.5526453739787,171.61608970554533,0.7914412162181023,0.2738604840057202,1.3582404675915174,0.29543408118272924
63.352073758074205,-4.982789453066776,1734.7600765736822,151.92195372275103,74.8296369416861,1.0558678959679033,113.68264640545097,16.832979799782365
63.352073758074205,-4.982789453066776,1734.7600765736822,151.92195372275103,70.13586244344297,1.0558678959679033,106.55177248437975,15.777111903814461
63.352073758074205,-4.982789453066776,1734.7600765736822,151.92195372275103,65.44208794519984,1.0558678959679033,99.42089856330854,14.721244007846558
63.352073758074205,-4.982789453066776,1734.7600765736822,151.92195372275103,60.748313446956715,1.0558678959679033,92.29002464223731,13.665376111878652
63.352073758074205,-4.982789453066776,1734.7600765736822,151.92195372275103,56.054538948713585,1.0558678959679033,85.1591507211661,12.60950821591075
63.352073758074205,-4.982789453066776,1734.7600765736822,151.92195372275103,51.360764450470455,1.0558678959679033,78.02827680009489,11.553640319942847
63.352073758074205,-4.982789453066776,1734.7600765736822,151.92195372275103,46.666989952227325,1.0558678959679033,70.89740287902367,10.497772423974943
63.352073758074205,-4.982789453066776,1734.7600765736822,151.92195372275103,41.973215453984196,1.0558678959679033,63.76652895795245,9.44190452800704
63.352073758074205,-4.982789453066776,1734.7600765736822,151.92195372275103,37.279440955741066,1.0558678959679033,56.63565503688124,8.386036632039136
63.352073758074205,-4.982789453066776,1734.7600765736822,151.92195372275103,32.585666457497936,1.0558678959679033,49.50478111581002,7.330168736071234
63.352073758074205,-4.982789453066776,1734.7600765736822,151.92195372275103,27.891891959254806,1.0558678959679033,42.3739071947388,6.274300840103329
63.352073758074205,-4.982789453066776,1734.7600765736822,151.92195372275103,23.198117461011677,1.0558678959679033,35.243033273667585,5.218432944135427
63.352073758074205,-4.982789453066776,1734.7600765736822,151.92195372275103,18.504342962768547,1.0558678959679033,28.112159352596368,4.162565048167523
63.352073758074205,-4.982789453066776,1734.7600765736822,151.92195372275103,13.810568464525417,1.0558678959679033,20.98128543152515,3.1066971521996196
29.387329008129175,8.692279946794194,1439.633776630781,52.93967465875163,32.016695121127434,0.24489440840107646,16.94953423360927,3.0011313196215665
29.387329008129175,8.692279946794194,1439.633776630781,52.93967465875163,29.40411047367028,0.24489440840107646,15.566440421060959,2.7562369112204896
29.387329008129175,8.692279946794194,1439.633776630781,52.93967465875163,26.791525826213125,0.24489440840107646,14.183346608512647,2.511342502819413
29.387329008129175,8.692279946794194,1439.633776630781,52.93967465875163,24.17894117875597,0.24489440840107646,12.800252795964337,2.2664480944183367
29.387329008129175,8.692279946794194,1439.633776630781,52.93967465875163,21.566356531298815,0.24489440840107646,11.417158983416027,2.0215536860172603
29.387329008129175,8.692279946794194,1439.633776630781,52.93967465875163,18.95377188384166,0.24489440840107646,10.034065170867715,1.7766592776161838
29.387329008129175,8.692279946794194,1439.633776630781,52.93967465875163,16.341187236384506,0.24489440840107646,8.650971358319403,1.5317648692151071
29.387329008129175,8.692279946794194,1439.633776630781,52.93967465875163,13.728602588927352,0.24489440840107646,7.267877545771094,1.286870460814031
29.387329008129175,8.692279946794194,1439.633776630781,52.93967465875163,11.116017941470197,0.24489440840107646,5.884783733222782,1.0419760524129542
29.387329008129175,8.692279946794194,1439.633776630781,52.93967465875163,8.503433294013043,0.24489440840107646,4.501689920674472,0.7970816440118779
29.387329008129175,8.692279946794194,1439.633776630781,52.93967465875163,5.890848646555888,0.24489440840107646,3.1185961081261606,0.5521872356108014
29.387329008129175,8.692279946794194,1439.633776630781,52.93967465875163,3.2782639990987334,0.24489440840107646,1.73550229557785,0.30729282720972495
29.387329008129175,8.692279946794194,1439.633776630781,52.93967465875163,0.6656793516415789,0.24489440840107646,0.3524084830295391,0.06239841880864842
95.78461104643691,-7.678547189861675,2029.7517719963555,122.67140118825067,16.22469768526571,1.5964101841072817,19.903063989073118,5.257240069943128
95.78461104643691,-7.678547189861675,2029.7517719963555,122.67140118825067,11.29791628015095,1.5964101841072817,13.859312205936659,3.660829885835846
95.78461104643691,-7.678547189861675,2029.7517719963555,122.67140118825067,6.371134875036191,1.5964101841072817,7.815560422800199,2.0644197017285646
95.78461104643691,-7.678547189861675,2029.7517719963555,122.67140118825067,1.444353469921431,1.5964101841072817,1.7718086396637382,0.4680095176212825
54.63043210894008,2.9954736528552672,1259.8034346282786,46.51660837103522,48.03714523931478,0.9105072018156679,22.345250723597445,4.787054456100271
54.63043210894008,2.9954736528552672,1259.8034346282786,46.51660837103522,38.90038544346065,0.9105072018156679,18.095139951557783,3.8765472542846036
54.63043210894008,2.9954736528552672,1259.8034346282786,46.51660837103522,29.763625647606517,0.9105072018156679,13.845029179518118,2.9660400524689354
54.63043210894008,2.9954736528552672,1259.8034346282786,46.51660837103522,20.626865851752385,0.9105072018156679,9.594918407478454,2.0555328506532677
54.63043210894008,2.9954736528552672,1259.8034346282786,46.51660837103522,11.49010605589825,0.9105072018156679,5.34480763543879,1.1450256488375998
54.63043210894008,2.9954736528552672,1259.8034346282786,46.51660837103522,2.353346260044116,0.9105072018156679,1.0946968633991254,0.2345184470219319
88.3963769398141,8.877832091215144,1262.476601456144,191.86331705462175,68.86043287287423,0.3683182372492254,132.11791064806764,62.21492404544764
88.3963769398141,8.877832091215144,1262.476601456144,191.86331705462175,68.45277259455534,0.3683182372492254,131.33576011577094,61.846605808198426
88.3963769398141,8.877832091215144,1262.476601456144,191.86331705462175,68.04511231623646,0.3683182372492254,130.5536095834742,61.4782875709492
88.3963769398141,8.877832091215144,1262.476601456144,191.86331705462175,67.63745203791757,0.3683182372492254,129.7714590511775,61.109969333699965
88.3963769398141,8.877832091215144,1262.476601456144,191.86331705462175,67.22979175959868,0.3683182372492254,128.98930851888076,60.74165109645074
88.3963769398141,8.877832091215144,1262.476601456144,191.86331705462175,66.8221314812798,0.3683182372492254,128.20715798658406,60.373332859201525
88.3963769398141,8.877832091215144,1262.476601456144,191.86331705462175,66.41447120296091,0.3683182372492254,127.42500745428735,60.005014621952306
88.3963769398141,8.877832091215144,1262.476601456144,191.86331705462175,66.00681092464202,0.3683182372492254,126.64285692199063,59.63669638470308
88.3963769398141,8.877832091215144,1262.476601456144,191.86331705462175,65.59915064632314,0.3683182372492254,125.8607063896939,59.26837814745385
88.3963769398141,8.877832091215144,1262.476601456144,191.86331705462175,65.19149036800425,0.3683182372492254,125.0785558573972,58.90005991020464
88.3963769398141,8.877832091215144,1262.476601456144,191.86331705462175,64.78383008968537,0.3683182372492254,124.29640532510048,58.53174167295541
88.3963769398141,8.877832091215144,1262.476601456144,191.86331705462175,64.37616981136648,0.3683182372492254,123.51425479280375,58.16342343570618
88.3963769398141,8.877832091215144,1262.476601456144,191.86331705462175,63.968509533047595,0.3683182372492254,122.73210426050703,57.79510519845695
88.3963769398141,8.877832091215144,1262.476601456144,191.86331705462175,63.56084925472871,0.3683182372492254,121.94995372821033,57.42678696120774
88.3963769398141,8.877832091215144,1262.476601456144,191.86331705462175,63.15318897640982,0.3683182372492254,121.1678031959136,57.05846872395851
88.3963769398141,8.877832091215144,1262.476601456144,191.86331705462175,62.745528698090936,0.3683182372492254,120.38565266361688,56.690150486709285
88.3963769398141,8.877832091215144,1262.476601456144,191.86331705462175,62.33786841977205,0.3683182372492254,119.60350213132017,56.321832249460066
88.3963769398141,8.877832091215144,1262.476601456144,191.86331705462175,61.930208141453164,0.3683182372492254,118.82135159902346,55.953514012210846
88.3963769398141,8.877832091215144,1262.476601456144,191.86331705462175,61.52254786313428,0.3683182372492254,118.03920106672675,55.585195774961626
88.3963769398141,8.877832091215144,1262.476601456144,191.86331705462175,61.11488758481539,0.3683182372492254,117.25705053443002,55.21687753771239
88.3963769398141,8.877832091215144,1262.476601456144,191.86331705462175,60.707227306496506,0.3683182372492254,116.4749000021333,54.848559300463165
88.3963769398141,8.877832091215144,1262.476601456144,191.86331705462175,60.29956702817762,0.3683182372492254,115.6927494698366,54.48024106321395
88.3963769398141,8.877832091215144,1262.476601456144,191.86331705462175,59.891906749858734,0.3683182372492254,114.91059893753987,54.111922825964726
88.3963769398141,8.877832091215144,1262.476601456144,191.86331705462175,59.48424647153985,0.3683182372492254,114.12844840524315,53.7436045887155
88.3963769398141,8.877832091215144,1262.476601456144,191.86331705462175,59.07658619322096,0.3683182372492254,113.34629787294642,53.37528635146627
88.3963769398141,8.877832091215144,1262.476601456144,191.86331705462175,58.668925914902076,0.3683182372492254,112.5641473406497,53.006968114217045
88.3963769398141,8.877832091215144,1262.476601456144,191.86331705462175,58.26126563658319,0.3683182372492254,111.781996808353,52.63864987696783
88.3963769398141,8.877832091215144,1262.476601456144,191.86331705462175,57.8536053582643,0.3683182372492254,110.99984627605627,52.2703316397186
88.3963769398141,8.877832091215144,1262.476601456144,191.86331705462175,57.44594507994542,0.3683182372492254,110.21769574375955,51.90201340246937
88.3963769398141,8.877832091215144,1262.476601456144,191.86331705462175,57.03828480162653,0.3683182372492254,109.43554521146282,51.533695165220145
88.3963769398141,8.877832091215144,1262.476601456144,191.86331705462175,56.630624523307645,0.3683182372492254,108.65339467916613,51.16537692797093
88.3963769398141,8.877832091215144,1262.476601456144,191.86331705462175,56.22296424498876,0.3683182372492254,107.8712441468694,50.797058690721705
88.3963769398141,8.877832091215144,1262.476601456144,191.86331705462175,55.81530396666987,0.3683182372492254,107.08909361457269,50.428740453472486
88.3963769398141,8.877832091215144,1262.476601456144,191.86331705462175,55.40764368835099,0.3683182372492254,106.30694308227596,50.06042221622326
88.3963769398141,8.877832091215144,1262.476601456144,191.86331705462175,54.9999834100321,0.3683182372492254,105.52479254997925,49.69210397897404
88.3963769398141,8.877832091215144,1262.476601456144,191.86331705462175,54.592323131713215,0.3683182372492254,104.74264201768254,49.32378574172481
88.3963769398141,8.877832091215144,1262.476601456144,191.86331705462175,54.18466285339433,0.3683182372492254,103.96049148538582,48.955467504475585
88.3963769398141,8.877832091215144,1262.476601456144,191.86331705462175,53.77700257507544,0.3683182372492254,103.17834095308909,48.58714926722636
88.3963769398141,8.877832091215144,1262.476601456144,191.86331705462175,53.36934229675656,0.3683182372492254,102.3961904207924,48.218831029977146
88.3963769398141,8.877832091215144,1262.476601456144,191.86331705462175,52.96168201843767,0.3683182372492254,101.61403988849567,47.85051279272792
88.3963769398141,8.877832091215144,1262.476601456144,191.86331705462175,52.554021740118785,0.3683182372492254,100.83188935619894,47.48219455547869
88.3963769398141,8.877832091215144,1262.476601456144,191.86331705462175,52.1463614617999,0.3683182372492254,100.04973882390222,47.113876318229465
88.3963769398141,8.877832091215144,1262.476601456144,191.86331705462175,51.73870118348101,0.3683182372492254,99.26758829160552,46.74555808098025
88.3963769398141,8.877832091215144,1262.476601456144,191.86331705462175,51.331040905162126,0.3683182372492254,98.4854377593088,46.377239843731026
88.3963769398141,8.877832091215144,1262.476601456144,191.86331705462175,50.92338062684324,0.3683182372492254,97.70328722701207,46.00892160648179
88.3963769398141,8.877832091215144,1262.476601456144,191.86331705462175,50.515720348524354,0.3683182372492254,96.92113669471534,45.640603369232565
88.3963769398141,8.877832091215144,1262.476601456144,191.86331705462175,50.10806007020547,0.3683182372492254,96.13898616241865,45.27228513198335
88.3963769398141,8.877832091215144,1262.476601456144,191.86331705462175,49.70039979188658,0.3683182372492254,95.35683563012192,44.903966894734126
88.3963769398141,8.877832091215144,1262.476601456144,191.86331705462175,49.292739513567696,0.3683182372492254,94.5746850978252,44.5356486574849
88.3963769398141,8.877832091215144,1262.476601456144,191.86331705462175,48.88507923524881,0.3683182372492254,93.79253456552848,44.16733042023568
88.3963769398141,8.877832091215144,1262.476601456144,191.86331705462175,48.477418956929924,0.3683182372492254,93.01038403323177,43.79901218298646
88.3963769398141,8.877832091215144,1262.476601456144,191.86331705462175,48.06975867861104,0.3683182372492254,92.22823350093505,43.43069394573723
88.3963769398141,8.877832091215144,1262.476601456144,191.86331705462175,47.66209840029215,0.3683182372492254,91.44608296863834,43.062375708488005
88.3963769398141,8.877832091215144,1262.476601456144,191.86331705462175,47.254438121973266,0.3683182372492254,90.66393243634161,42.69405747123878
88.3963769398141,8.877832091215144,1262.476601456144,191.86331705462175,46.84677784365438,0.3683182372492254,89.8817819040449,42.32573923398956
88.3963769398141,8.877832091215144,1262.476601456144,191.86331705462175,46.43911756533549,0.3683182372492254,89.09963137174817,41.95742099674033
88.3963769398141,8.877832091215144,1262.476601456144,191.86331705462175,46.03145728701661,0.3683182372492254,88.31748083945146,41.58910275949111
88.3963769398141,8.877832091215144,1262.476601456144,191.86331705462175,45.62379700869772,0.3683182372492254,87.53533030715474,41.220784522241885
88.3963769398141,8.877832091215144,1262.476601456144,191.86331705462175,45.216136730378835,0.3683182372492254,86.75317977485803,40.852466284992666
88.3963769398141,8.877832091215144,1262.476601456144,191.86331705462175,44.80847645205995,0.3683182372492254,85.9710292425613,40.48414804774344
88.3963769398141,8.877832091215144,1262.476601456144,191.86331705462175,44.40081617374106,0.3683182372492254,85.18887871026459,40.11582981049421
88.3963769398141,8.877832091215144,1262.476601456144,191.86331705462175,43.99315589542218,0.3683182372492254,84.40672817796786,39.747511573244985
88.3963769398141,8.877832091215144,1262.476601456144,191.86331705462175,43.58549561710329,0.3683182372492254,83.62457764567115,39.379193335995765
88.3963769398141,8.877832091215144,1262.476601456144,191.86331705462175,43.177835338784405,0.3683182372492254,82.84242711337443,39.01087509874654
88.3963769398141,8.877832091215144,1262.476601456144,191.86331705462175,42.77017506046552,0.3683182372492254,82.06027658107772,38.64255686149732
88.3963769398141,8.877832091215144,1262.476601456144,191.86331705462175,42.36251478214663,0.3683182372492254,81.27812604878099,38.27423862424809
88.3963769398141,8.877832091215144,1262.476601456144,191.86331705462175,41.95485450382775,0.3683182372492254,80.49597551648428,37.90592038699887
88.3963769398141,8.877832091215144,1262.476601456144,191.86331705462175,41.54719422550886,0.3683182372492254,79.71382498418757,37.53760214974965
88.3963769398141,8.877832091215144,1262.476601456144,191.86331705462175,41.139533947189975,0.3683182372492254,78.93167445189086,37.169283912500426
88.3963769398141,8.877832091215144,1262.476601456144,191.86331705462175,40.73187366887109,0.3683182372492254,78.14952391959413,36.8009656752512
88.3963769398141,8.877832091215144,1262.476601456144,191.86331705462175,40.3242133905522,0.3683182372492254,77.36737338729742,36.43264743800198
88.3963769398141,8.877832091215144,1262.476601456144,191.86331705462175,39.916553112233316,0.3683182372492254,76.5852228550007,36.06432920075275
88.3963769398141,8.877832091215144,1262.476601456144,191.86331705462175,39.50889283391443,0.3683182372492254,75.80307232270398,35.69601096350353
88.3963769398141,8.877832091215144,1262.476601456144,191.86331705462175,39.101232555595544,0.3683182372492254,75.02092179040726,35.327692726254305
88.3963769398141,8.877832091215144,1262.476601456144,191.86331705462175,38.69357227727666,0.3683182372492254,74.23877125811053,34.95937448900508
88.3963769398141,8.877832091215144,1262.476601456144,191.86331705462175,38.28591199895777,0.3683182372492254,73.45662072581382,34.59105625175586
88.3963769398141,8.877832091215144,1262.476601456144,191.86331705462175,37.878251720638886,0.3683182372492254,72.6744701935171,34.22273801450663
88.3963769398141,8.877832091215144,1262.476601456144,191.86331705462175,37.47059144232,0.3683182372492254,71.89231966122038,33.854419777257405
88.3963769398141,8.877832091215144,1262.476601456144,191.86331705462175,37.062931164001114,0.3683182372492254,71.11016912892366,33.48610154000818
88.3963769398141,8.877832091215144,1262.476601456144,191.86331705462175,36.65527088568223,0.3683182372492254,70.32801859662695,33.11778330275896
88.3963769398141,8.877832091215144,1262.476601456144,191.86331705462175,36.24761060736334,0.3683182372492254,69.54586806433022,32.74946506550973
88.3963769398141,8.877832091215144,1262.476601456144,191.86331705462175,35.839950329044456,0.3683182372492254,68.76371753203351,32.38114682826051
88.3963769398141,8.877832091215144,1262.476601456144,191.86331705462175,35.43229005072557,0.3683182372492254,67.9815669997368,32.01282859101129
88.3963769398141,8.877832091215144,1262.476601456144,191.86331705462175,35.02462977240668,0.3683182372492254,67.19941646744007,31.644510353762062
88.3963769398141,8.877832091215144,1262.476601456144,191.86331705462175,34.6169694940878,0.3683182372492254,66.41726593514336,31.276192116512842
88.3963769398141,8.877832091215144,1262.476601456144,191.86331705462175,34.20930921576891,0.3683182372492254,65.63511540284665,30.907873879263622
88.3963769398141,8.877832091215144,1262.476601456144,191.86331705462175,33.801648937450025,0.3683182372492254,64.85296487054993,30.539555642014395
88.3963769398141,8.877832091215144,1262.476601456144,191.86331705462175,33.39398865913114,0.3683182372492254,64.07081433825321,30.171237404765172
88.3963769398141,8.877832091215144,1262.476601456144,191.86331705462175,32.98632838081225,0.3683182372492254,63.28866380595649,29.802919167515945
88.3963769398141,8.877832091215144,1262.476601456144,191.86331705462175,32.57866810249337,0.3683182372492254,62.50651327365978,29.434600930266726
88.3963769398141,8.877832091215144,1262.476601456144,191.86331705462175,32.17100782417448,0.3683182372492254,61.72436274136305,29.0662826930175
88.3963769398141,8.877832091215144,1262.476601456144,191.86331705462175,31.763347545855595,0.3683182372492254,60.94221220906634,28.697964455768275
88.3963769398141,8.877832091215144,1262.476601456144,191.86331705462175,31.35568726753671,0.3683182372492254,60.160061676769615,28.32964621851905
88.3963769398141,8.877832091215144,1262.476601456144,191.86331705462175,30.948026989217823,0.3683182372492254,59.377911144472904,27.96132798126983
88.3963769398141,8.877832091215144,1262.476601456144,191.86331705462175,30.540366710898937,0.3683182372492254,58.59576061217618,27.593009744020602
88.3963769398141,8.877832091215144,1262.476601456144,191.86331705462175,30.13270643258005,0.3683182372492254,57.81361007987947,27.22469150677138
88.3963769398141,8.877832091215144,1262.476601456144,191.86331705462175,29.725046154261165,0.3683182372492254,57.03145954758275,26.856373269522155
88.3963769398141,8.877832091215144,1262.476601456144,191.86331705462175,29.31738587594228,0.3683182372492254,56.24930901528603,26.488055032272932
88.3963769398141,8.877832091215144,1262.476601456144,191.86331705462175,28.909725597623392,0.3683182372492254,55.46715848298931,26.11973679502371
88.3963769398141,8.877832091215144,1262.476601456144,191.86331705462175,28.502065319304506,0.3683182372492254,54.68500795069259,25.75141855777448
88.3963769398141,8.877832091215144,1262.476601456144,191.86331705462175,28.09440504098562,0.3683182372492254,53.902857418395875,25.38310032052526
88.3963769398141,8.877832091215144,1262.476601456144,191.86331705462175,27.686744762666734,0.3683182372492254,53.12070688609915,25.01478208327603
88.3963769398141,8.877832091215144,1262.476601456144,191.86331705462175,27.279084484347848,0.3683182372492254,52.33855635380244,24.646463846026812
88.3963769398141,8.877832091215144,1262.476601456144,191.86331705462175,26.871424206028962,0.3683182372492254,51.55640582150572,24.278145608777585
88.3963769398141,8.877832091215144,1262.476601456144,191.86331705462175,26.463763927710076,0.3683182372492254,50.774255289209,23.909827371528362
88.3963769398141,8.877832091215144,1262.476601456144,191.86331705462175,26.05610364939119,0.3683182372492254,49.99210475691228,23.54150913427914
88.3963769398141,8.877832091215144,1262.476601456144,191.86331705462175,25.648443371072304,0.3683182372492254,49.20995422461557,23.17319089702992
88.3963769398141,8.877832091215144,1262.476601456144,191.86331705462175,25.240783092753418,0.3683182372492254,48.42780369231885,22.80487265978069
88.3963769398141,8.877832091215144,1262.476601456144,191.86331705462175,24.83312281443453,0.3683182372492254,47.645653160022135,22.43655442253147
88.3963769398141,8.877832091215144,1262.476601456144,191.86331705462175,24.425462536115646,0.3683182372492254,46.86350262772542,22.068236185282245
88.3963769398141,8.877832091215144,1262.476601456144,191.86331705462175,24.01780225779676,0.3683182372492254,46.0813520954287,21.699917948033022
88.3963769398141,8.877832091215144,1262.476601456144,191.86331705462175,23.610141979477874,0.3683182372492254,45.29920156313197,21.33159971078379
88.3963769398141,8.877832091215144,1262.476601456144,191.86331705462175,23.202481701158987,0.3683182372492254,44.51705103083526,20.963281473534572
88.3963769398141,8.877832091215144,1262.476601456144,191.86331705462175,22.7948214228401,0.3683182372492254,43.73490049853854,20.59496323628535
88.3963769398141,8.877832091215144,1262.476601456144,191.86331705462175,22.387161144521215,0.3683182372492254,42.952749966241825,20.226644999036125
88.3963769398141,8.877832091215144,1262.476601456144,191.86331705462175,21.97950086620233,0.3683182372492254,42.17059943394511,19.8583267617869
88.3963769398141,8.877832091215144,1262.476601456144,191.86331705462175,21.571840587883443,0.3683182372492254,41.38844890164839,19.490008524537675
88.3963769398141,8.877832091215144,1262.476601456144,191.86331705462175,21.164180309564557,0.3683182372492254,40.60629836935167,19.12169028728845
88.3963769398141,8.877832091215144,1262.476601456144,191.86331705462175,20.75652003124567,0.3683182372492254,39.82414783705495,18.75337205003923
88.3963769398141,8.877832091215144,1262.476601456144,191.86331705462175,20.348859752926785,0.3683182372492254,39.04199730475823,18.38505381279
88.3963769398141,8.877832091215144,1262.476601456144,191.86331705462175,19.9411994746079,0.3683182372492254,38.259846772461515,18.01673557554078
88.3963769398141,8.877832091215144,1262.476601456144,191.86331705462175,19.533539196289013,0.3683182372492254,37.4776962401648,17.64841733829156
88.3963769398141,8.877832091215144,1262.476601456144,191.86331705462175,19.125878917970127,0.3683182372492254,36.695545707868085,17.280099101042335
88.3963769398141,8.877832091215144,1262.476601456144,191.86331705462175,18.71821863965124,0.3683182372492254,35.91339517557137,16.91178086379311
88.3963769398141,8.877832091215144,1262.476601456144,191.86331705462175,18.310558361332355,0.3683182372492254,35.13124464327465,16.543462626543885
88.3963769398141,8.877832091215144,1262.476601456144,191.86331705462175,17.90289808301347,0.3683182372492254,34.34909411097793,16.175144389294662
88.3963769398141,8.877832091215144,1262.476601456144,191.86331705462175,17.495237804694582,0.3683182372492254,33.56694357868121,15.806826152045437
88.3963769398141,8.877832091215144,1262.476601456144,191.86331705462175,17.087577526375696,0.3683182372492254,32.78479304638449,15.438507914796213
88.3963769398141,8.877832091215144,1262.476601456144,191.86331705462175,16.67991724805681,0.3683182372492254,32.002642514087775,15.07018967754699
88.3963769398141,8.877832091215144,1262.476601456144,191.86331705462175,16.272256969737924,0.3683182372492254,31.22049198179106,14.701871440297767
88.3963769398141,8.877832091215144,1262.476601456144,191.86331705462175,15.864596691419036,0.3683182372492254,30.438341449494338,14.333553203048542
88.3963769398141,8.877832091215144,1262.476601456144,191.86331705462175,15.456936413100149,0.3683182372492254,29.656190917197613,13.965234965799313
88.3963769398141,8.877832091215144,1262.476601456144,191.86331705462175,15.04927613478126,0.3683182372492254,28.874040384900898,13.596916728550092
88.3963769398141,8.877832091215144,1262.476601456144,191.86331705462175,14.641615856462373,0.3683182372492254,28.091889852604172,13.228598491300863
88.3963769398141,8.877832091215144,1262.476601456144,191.86331705462175,14.233955578143485,0.3683182372492254,27.30973932030745,12.860280254051638
88.3963769398141,8.877832091215144,1262.476601456144,191.86331705462175,13.826295299824597,0.3683182372492254,26.527588788010732,12.491962016802413
88.3963769398141,8.877832091215144,1262.476601456144,191.86331705462175,13.41863502150571,0.3683182372492254,25.74543825571401,12.123643779553188
88.3963769398141,8.877832091215144,1262.476601456144,191.86331705462175,13.010974743186821,0.3683182372492254,24.963287723417288,11.755325542303963
88.3963769398141,8.877832091215144,1262.476601456144,191.86331705462175,12.603314464867934,0.3683182372492254,24.18113719112057,11.387007305054738
88.3963769398141,8.877832091215144,1262.476601456144,191.86331705462175,12.195654186549046,0.3683182372492254,23.398986658823848,11.018689067805512
88.3963769398141,8.877832091215144,1262.476601456144,191.86331705462175,11.787993908230158,0.3683182372492254,22.616836126527126,10.650370830556286
88.3963769398141,8.877832091215144,1262.476601456144,191.86331705462175,11.38033362991127,0.3683182372492254,21.834685594230404,10.28205259330706
88.3963769398141,8.877832091215144,1262.476601456144,191.86331705462175,10.972673351592382,0.3683182372492254,21.052535061933682,9.913734356057834
88.3963769398141,8.877832091215144,1262.476601456144,191.86331705462175,10.565013073273494,0.3683182372492254,20.27038452963696,9.545416118808609
88.3963769398141,8.877832091215144,1262.476601456144,191.86331705462175,10.157352794954607,0.3683182372492254,19.488233997340238,9.177097881559384
88.3963769398141,8.877832091215144,1262.476601456144,191.86331705462175,9.749692516635719,0.3683182372492254,18.70608346504352,8.808779644310158
88.3963769398141,8.877832091215144,1262.476601456144,191.86331705462175,9.34203223831683,0.3683182372492254,17.923932932746798,8.440461407060933
88.3963769398141,8.877832091215144,1262.476601456144,191.86331705462175,8.934371959997943,0.3683182372492254,17.141782400450076,8.072143169811707
88.3963769398141,8.877832091215144,1262.476601456144,191.86331705462175,8.526711681679055,0.3683182372492254,16.359631868153357,7.703824932562482
88.3963769398141,8.877832091215144,1262.476601456144,191.86331705462175,8.119051403360167,0.3683182372492254,15.577481335856634,7.335506695313256
88.3963769398141,8.877832091215144,1262.476601456144,191.86331705462175,7.711391125041279,0.3683182372492254,14.795330803559914,6.967188458064031
88.3963769398141,8.877832091215144,1262.476601456144,191.86331705462175,7.303730846722392,0.3683182372492254,14.013180271263193,6.598870220814806
88.3963769398141,8.877832091215144,1262.476601456144,191.86331705462175,6.896070568403504,0.3683182372492254,13.23102973896647,6.230551983565579
88.3963769398141,8.877832091215144,1262.476601456144,191.86331705462175,6.488410290084616,0.3683182372492254,12.44887920666975,5.862233746316354
88.3963769398141,8.877832091215144,1262.476601456144,191.86331705462175,6.080750011765728,0.3683182372492254,11.666728674373028,5.493915509067128
88.3963769398141,8.877832091215144,1262.476601456144,191.86331705462175,5.67308973344684,0.3683182372492254,10.884578142076306,5.125597271817902
88.3963769398141,8.877832091215144,1262.476601456144,191.86331705462175,5.265429455127952,0.3683182372492254,10.102427609779586,4.757279034568678
88.3963769398141,8.877832091215144,1262.476601456144,191.86331705462175,4.8577691768090645,0.3683182372492254,9.320277077482864,4.388960797319452
88.3963769398141,8.877832091215144,1262.476601456144,191.86331705462175,4.450108898490177,0.3683182372492254,8.538126545186143,4.020642560070227
88.3963769398141,8.877832091215144,1262.476601456144,191.86331705462175,4.042448620171289,0.3683182372492254,7.7559760128894215,3.652324322821001
88.3963769398141,8.877832091215144,1262.476601456144,191.86331705462175,3.634788341852401,0.3683182372492254,6.973825480592701,3.284006085571776
88.3963769398141,8.877832091215144,1262.476601456144,191.86331705462175,3.227128063533513,0.3683182372492254,6.191674948295979,2.9156878483225506
88.3963769398141,8.877832091215144,1262.476601456144,191.86331705462175,2.8194677852146253,0.3683182372492254,5.409524415999258,2.547369611073325
88.3963769398141,8.877832091215144,1262.476601456144,191.86331705462175,2.4118075068957374,0.3683182372492254,4.627373883702536,2.179051373824099
88.3963769398141,8.877832091215144,1262.476601456144,191.86331705462175,2.0041472285768496,0.3683182372492254,3.845223351405816,1.810733136574874
88.3963769398141,8.877832091215144,1262.476601456144,191.86331705462175,1.5964869502579617,0.3683182372492254,3.0630728191090943,1.4424148993256483
88.3963769398141,8.877832091215144,1262.476601456144,191.86331705462175,1.1888266719390739,0.3683182372492254,2.2809222868123733,1.074096662076423
88.3963769398141,8.877832091215144,1262.476601456144,191.86331705462175,0.781166393620186,0.3683182372492254,1.498771754515652,0.7057784248271973
74.56167893159349,-2.277947243984515,2427.5270762627174,178.7518293688006,94.46463793680999,0.3106736622149729,168.85726841866187,34.423536879996874
74.56167893159349,-2.277947243984515,2427.5270762627174,178.7518293688006,93.61209117149798,0.3106736622149729,167.33332547944212,34.1128632177819
74.56167893159349,-2.277947243984515,2427.5270762627174,178.7518293688006,92.75954440618597,0.3106736622149729,165.80938254022237,33.80218955556693
74.56167893159349,-2.277947243984515,2427.5270762627174,178.7518293688006,91.90699764087395,0.3106736622149729,164.2854396010026,33.49151589335196
74.56167893159349,-2.277947243984515,2427.5270762627174,178.7518293688006,91.05445087556194,0.3106736622149729,162.76149666178284,33.180842231136985
74.56167893159349,-2.277947243984515,2427.5270762627174,178.7518293688006,90.20190411024993,0.3106736622149729,161.2375537225631,32.87016856892202
74.56167893159349,-2.277947243984515,2427.5270762627174,178.7518293688006,89.34935734493791,0.3106736622149729,159.71361078334334,32.559494906707044
74.56167893159349,-2.277947243984515,2427.5270762627174,178.7518293688006,88.4968105796259,0.3106736622149729,158.1896678441236,32.24882124449208
74.56167893159349,-2.277947243984515,2427.5270762627174,178.7518293688006,87.64426381431389,0.3106736622149729,156.6657249049038,31.9381475822771
74.56167893159349,-2.277947243984515,2427.5270762627174,178.7518293688006,86.79171704900187,0.3106736622149729,155.14178196568403,31.627473920062123
74.56167893159349,-2.277947243984515,2427.5270762627174,178.7518293688006,85.93917028368986,0.3106736622149729,153.61783902646428,31.316800257847152
74.56167893159349,-2.277947243984515,2427.5270762627174,178.7518293688006,85.08662351837785,0.3106736622149729,152.09389608724453,31.006126595632182
74.56167893159349,-2.277947243984515,2427.5270762627174,178.7518293688006,84.23407675306584,0.3106736622149729,150.56995314802478,30.69545293341721
74.56167893159349,-2.277947243984515,2427.5270762627174,178.7518293688006,83.38152998775382,0.3106736622149729,149.04601020880503,30.38477927120224
74.56167893159349,-2.277947243984515,2427.5270762627174,178.7518293688006,82.52898322244181,0.3106736622149729,147.52206726958525,30.074105608987267
74.56167893159349,-2.277947243984515,2427.5270762627174,178.7518293688006,81.6764364571298,0.3106736622149729,145.9981243303655,29.763431946772297
74.56167893159349,-2.277947243984515,2427.5270762627174,178.7518293688006,80.82388969181778,0.3106736622149729,144.47418139114575,29.452758284557326
74.56167893159349,-2.277947243984515,2427.5270762627174,178.7518293688006,79.97134292650577,0.3106736622149729,142.950238451926,29.142084622342356
74.56167893159349,-2.277947243984515,2427.5270762627174,178.7518293688006,79.11879616119376,0.3106736622149729,141.42629551270622,28.83141096012738
74.56167893159349,-2.277947243984515,2427.5270762627174,178.7518293688006,78.26624939588174,0.3106736622149729,139.90235257348647,28.520737297912408
74.56167893159349,-2.277947243984515,2427.5270762627174,178.7518293688006,77.41370263056973,0.3106736622149729,138.3784096342667,28.210063635697434
74.56167893159349,-2.277947243984515,2427.5270762627174,178.7518293688006,76.56115586525772,0.3106736622149729,136.85446669504694,27.899389973482464
74.56167893159349,-2.277947243984515,2427.5270762627174,178.7518293688006,75.7086090999457,0.3106736622149729,135.3305237558272,27.588716311267493
74.56167893159349,-2.277947243984515,2427.5270762627174,178.7518293688006,74.85606233463369,0.3106736622149729,133.80658081660744,27.278042649052523
74.56167893159349,-2.277947243984515,2427.5270762627174,178.7518293688006,74.00351556932168,0.3106736622149729,132.28263787738766,26.967368986837545
74.56167893159349,-2.277947243984515,2427.5270762627174,178.7518293688006,73.15096880400966,0.3106736622149729,130.7586949381679,26.656695324622575
74.56167893159349,-2.277947243984515,2427.5270762627174,178.7518293688006,72.29842203869765,0.3106736622149729,129.23475199894816,26.346021662407605
74.56167893159349,-2.277947243984515,2427.5270762627174,178.7518293688006,71.44587527338564,0.3106736622149729,127.71080905972839,26.035348000192634
74.56167893159349,-2.277947243984515,2427.5270762627174,178.7518293688006,70.59332850807363,0.3106736622149729,126.18686612050864,25.724674337977664
74.56167893159349,-2.277947243984515,2427.5270762627174,178.7518293688006,69.74078174276161,0.3106736622149729,124.66292318128889,25.414000675762694
74.56167893159349,-2.277947243984515,2427.5270762627174,178.7518293688006,68.8882349774496,0.3106736622149729,123.13898024206912,25.10332701354772
74.56167893159349,-2.277947243984515,2427.5270762627174,178.7518293688006,68.03568821213759,0.3106736622149729,121.61503730284937,24.79265335133275
74.56167893159349,-2.277947243984515,2427.5270762627174,178.7518293688006,67.18314144682557,0.3106736622149729,120.09109436362961,24.481979689117775
74.56167893159349,-2.277947243984515,2427.5270762627174,178.7518293688006,66.33059468151356,0.3106736622149729,118.56715142440983,24.1713060269028
74.56167893159349,-2.277947243984515,2427.5270762627174,178.7518293688006,65.47804791620155,0.3106736622149729,117.04320848519008,23.86063236468783
74.56167893159349,-2.277947243984515,2427.5270762627174,178.7518293688006,64.62550115088953,0.3106736622149729,115.51926554597033,23.54995870247286
74.56167893159349,-2.277947243984515,2427.5270762627174,178.7518293688006,63.77295438557752,0.3106736622149729,113.99532260675056,23.239285040257887
74.56167893159349,-2.277947243984515,2427.5270762627174,178.7518293688006,62.92040762026551,0.3106736622149729,112.47137966753081,22.928611378042916
74.56167893159349,-2.277947243984515,2427.5270762627174,178.7518293688006,62.067860854953494,0.3106736622149729,110.94743672831105,22.617937715827942
74.56167893159349,-2.277947243984515,2427.5270762627174,178.7518293688006,61.21531408964148,0.3106736622149729,109.4234937890913,22.307264053612972
74.56167893159349,-2.277947243984515,2427.5270762627174,178.7518293688006,60.36276732432947,0.3106736622149729,107.89955084987153,21.996590391397998
74.56167893159349,-2.277947243984515,2427.5270762627174,178.7518293688006,59.510220559017455,0.3106736622149729,106.37560791065178,21.685916729183027
74.56167893159349,-2.277947243984515,2427.5270762627174,178.7518293688006,58.65767379370544,0.3106736622149729,104.85166497143202,21.375243066968057
74.56167893159349,-2.277947243984515,2427.5270762627174,178.7518293688006,57.80512702839343,0.3106736622149729,103.32772203221226,21.064569404753087
74.56167893159349,-2.277947243984515,2427.5270762627174,178.7518293688006,56.952580263081416,0.3106736622149729,101.80377909299251,20.753895742538116
74.56167893159349,-2.277947243984515,2427.5270762627174,178.7518293688006,56.1000334977694,0.3106736622149729,100.27983615377273,20.44322208032314
74.56167893159349,-2.277947243984515,2427.5270762627174,178.7518293688006,55.24748673245739,0.3106736622149729,98.75589321455297,20.132548418108165
74.56167893159349,-2.277947243984515,2427.5270762627174,178.7518293688006,54.394939967145376,0.3106736622149729,97.23195027533322,19.821874755893194
74.56167893159349,-2.277947243984515,2427.5270762627174,178.7518293688006,53.54239320183336,0.3106736622149729,95.70800733611345,19.511201093678224
74.56167893159349,-2.277947243984515,2427.5270762627174,178.7518293688006,52.68984643652135,0.3106736622149729,94.1840643968937,19.200527431463254
74.56167893159349,-2.277947243984515,2427.5270762627174,178.7518293688006,51.83729967120934,0.3106736622149729,92.66012145767395,18.889853769248283
74.56167893159349,-2.277947243984515,2427.5270762627174,178.7518293688006,50.984752905897324,0.3106736622149729,91.13617851845419,18.57918010703331
74.56167893159349,-2.277947243984515,2427.5270762627174,178.7518293688006,50.13220614058531,0.3106736622149729,89.61223557923444,18.26850644481834
74.56167893159349,-2.277947243984515,2427.5270762627174,178.7518293688006,49.2796593752733,0.3106736622149729,88.08829264001467,17.957832782603365
74.56167893159349,-2.277947243984515,2427.5270762627174,178.7518293688006,48.427112609961284,0.3106736622149729,86.56434970079492,17.647159120388395
74.56167893159349,-2.277947243984515,2427.5270762627174,178.7518293688006,47.57456584464927,0.3106736622149729,85.04040676157516,17.33648545817342
74.56167893159349,-2.277947243984515,2427.5270762627174,178.7518293688006,46.72201907933726,0.3106736622149729,83.51646382235539,17.02581179595845
74.56167893159349,-2.277947243984515,2427.5270762627174,178.7518293688006,45.869472314025245,0.3106736622149729,81.99252088313564,16.71513813374348
74.56167893159349,-2.277947243984515,2427.5270762627174,178.7518293688006,45.01692554871323,0.3106736622149729,80.46857794391588,16.404464471528506
74.56167893159349,-2.277947243984515,2427.5270762627174,178.7518293688006,44.16437878340122,0.3106736622149729,78.94463500469612,16.093790809313536
74.56167893159349,-2.277947243984515,2427.5270762627174,178.7518293688006,43.311832018089206,0.3106736622149729,77.42069206547637,15.783117147098565
74.56167893159349,-2.277947243984515,2427.5270762627174,178.7518293688006,42.45928525277719,0.3106736622149729,75.8967491262566,15.47244348488359
74.56167893159349,-2.277947243984515,2427.5270762627174,178.7518293688006,41.60673848746518,0.3106736622149729,74.37280618703684,15.161769822668619
74.56167893159349,-2.277947243984515,2427.5270762627174,178.7518293688006,40.754191722153166,0.3106736622149729,72.84886324781708,14.851096160453645
74.56167893159349,-2.277947243984515,2427.5270762627174,178.7518293688006,39.90164495684115,0.3106736622149729,71.32492030859733,14.540422498238675
74.56167893159349,-2.277947243984515,2427.5270762627174,178.7518293688006,39.04909819152914,0.3106736622149729,69.80097736937758,14.229748836023706
74.56167893159349,-2.277947243984515,2427.5270762627174,178.7518293688006,38.19655142621713,0.3106736622149729,68.27703443015781,13.919075173808732
74.56167893159349,-2.277947243984515,2427.5270762627174,178.7518293688006,37.344004660905114,0.3106736622149729,66.75309149093805,13.608401511593758
74.56167893159349,-2.277947243984515,2427.5270762627174,178.7518293688006,36.4914578955931,0.3106736622149729,65.2291485517183,13.297727849378788
74.56167893159349,-2.277947243984515,2427.5270762627174,178.7518293688006,35.63891113028109,0.3106736622149729,63.70520561249853,12.987054187163816
74.56167893159349,-2.277947243984515,2427.5270762627174,178.7518293688006,34.786364364969074,0.3106736622149729,62.18126267327877,12.676380524948843
74.56167893159349,-2.277947243984515,2427.5270762627174,178.7518293688006,33.93381759965706,0.3106736622149729,60.65731973405902,12.365706862733873
74.56167893159349,-2.277947243984515,2427.5270762627174,178.7518293688006,33.08127083434505,0.3106736622149729,59.133376794839265,12.055033200518903
74.56167893159349,-2.277947243984515,2427.5270762627174,178.7518293688006,32.228724069033035,0.3106736622149729,57.60943385561949,11.744359538303927
74.56167893159349,-2.277947243984515,2427.5270762627174,178.7518293688006,31.37617730372102,0.3106736622149729,56.08549091639974,11.433685876088957
74.56167893159349,-2.277947243984515,2427.5270762627174,178.7518293688006,30.523630538409,0.3106736622149729,54.56154797717997,11.123012213873983
74.56167893159349,-2.277947243984515,2427.5270762627174,178.7518293688006,29.671083773096985,0.3106736622149729,53.037605037960205,10.812338551659009
74.56167893159349,-2.277947243984515,2427.5270762627174,178.7518293688006,28.81853700778497,0.3106736622149729,51.51366209874044,10.501664889444037
74.56167893159349,-2.277947243984515,2427.5270762627174,178.7518293688006,27.96599024247295,0.3106736622149729,49.98971915952067,10.19099122722906
74.56167893159349,-2.277947243984515,2427.5270762627174,178.7518293688006,27.113443477160935,0.3106736622149729,48.46577622030092,9.88031756501409
74.56167893159349,-2.277947243984515,2427.5270762627174,178.7518293688006,26.26089671184892,0.3106736622149729,46.941833281081145,9.569643902799116
74.56167893159349,-2.277947243984515,2427.5270762627174,178.7518293688006,25.4083499465369,0.3106736622149729,45.41789034186138,9.258970240584144
74.56167893159349,-2.277947243984515,2427.5270762627174,178.7518293688006,24.555803181224885,0.3106736622149729,43.893947402641615,8.94829657836917
74.56167893159349,-2.277947243984515,2427.5270762627174,178.7518293688006,23.70325641591287,0.3106736622149729,42.37000446342185,8.637622916154196
74.56167893159349,-2.277947243984515,2427.5270762627174,178.7518293688006,22.85070965060085,0.3106736622149729,40.846061524202085,8.326949253939224
74.56167893159349,-2.277947243984515,2427.5270762627174,178.7518293688006,21.998162885288835,0.3106736622149729,39.32211858498232,8.01627559172425
74.56167893159349,-2.277947243984515,2427.5270762627174,178.7518293688006,21.14561611997682,0.3106736622149729,37.798175645762555,7.705601929509277
74.56167893159349,-2.277947243984515,2427.5270762627174,178.7518293688006,20.2930693546648,0.3106736622149729,36.27423270654279,7.394928267294304
74.56167893159349,-2.277947243984515,2427.5270762627174,178.7518293688006,19.440522589352785,0.3106736622149729,34.750289767323025,7.084254605079331
74.56167893159349,-2.277947243984515,2427.5270762627174,178.7518293688006,18.587975824040768,0.3106736622149729,33.22634682810326,6.773580942864358
74.56167893159349,-2.277947243984515,2427.5270762627174,178.7518293688006,17.73542905872875,0.3106736622149729,31.7024038888835,6.462907280649386
74.56167893159349,-2.277947243984515,2427.5270762627174,178.7518293688006,16.882882293416735,0.3106736622149729,30.17846094966373,6.152233618434412
74.56167893159349,-2.277947243984515,2427.5270762627174,178.7518293688006,16.030335528104718,0.3106736622149729,28.65451801044397,5.84155995621944
74.56167893159349,-2.277947243984515,2427.5270762627174,178.7518293688006,15.177788762792702,0.3106736622149729,27.1305750712242,5.530886294004466
74.56167893159349,-2.277947243984515,2427.5270762627174,178.7518293688006,14.325241997480685,0.3106736622149729,25.606632132004435,5.220212631789493
74.56167893159349,-2.277947243984515,2427.5270762627174,178.7518293688006,13.472695232168668,0.3106736622149729,24.082689192784674,4.90953896957452
53.65542148887265,-2.292067580688699,2449.5477329710884,184.8561027129702,71.13690397170863,0.8942570248145442,131.5009082727687,48.15984993856593
53.65542148887265,-2.292067580688699,2449.5477329710884,184.8561027129702,69.81599711295789,0.8942570248145442,129.05913133321374,47.26559291375138
53.65542148887265,-2.292067580688699,2449.5477329710884,184.8561027129702,68.49509025420714,0.8942570248145442,126.6173543936588,46.37133588893683
53.65542148887265,-2.292067580688699,2449.5477329710884,184.8561027129702,67.1741833954564,0.8942570248145442,124.17557745410386,45.477078864122284
53.65542148887265,-2.292067580688699,2449.5477329710884,184.8561027129702,65.85327653670565,0.8942570248145442,121.7338005145489,44.582821839307734
53.65542148887265,-2.292067580688699,2449.5477329710884,184.8561027129702,64.5323696779549,0.8942570248145442,119.29202357499395,43.688564814493176
53.65542148887265,-2.292067580688699,2449.5477329710884,184.8561027129702,63.211462819204165,0.8942570248145442,116.85024663543902,42.79430778967864
53.65542148887265,-2.292067580688699,2449.5477329710884,184.8561027129702,61.890555960453426,0.8942570248145442,114.4084696958841,41.9000507648641
53.65542148887265,-2.292067580688699,2449.5477329710884,184.8561027129702,60.56964910170269,0.8942570248145442,111.96669275632914,41.00579374004955
53.65542148887265,-2.292067580688699,2449.5477329710884,184.8561027129702,59.24874224295195,0.8942570248145442,109.52491581677421,40.111536715235005
53.65542148887265,-2.292067580688699,2449.5477329710884,184.8561027129702,57.92783538420121,0.8942570248145442,107.08313887721928,39.21727969042046
53.65542148887265,-2.292067580688699,2449.5477329710884,184.8561027129702,56.60692852545047,0.8942570248145442,104.64136193766436,38.32302266560592
53.65542148887265,-2.292067580688699,2449.5477329710884,184.8561027129702,55.28602166669973,0.8942570248145442,102.19958499810943,37.428765640791376
53.65542148887265,-2.292067580688699,2449.5477329710884,184.8561027129702,53.96511480794899,0.8942570248145442,99.75780805855447,36.534508615976826
53.65542148887265,-2.292067580688699,2449.5477329710884,184.8561027129702,52.644207949198254,0.8942570248145442,97.31603111899955,35.64025159116228
53.65542148887265,-2.292067580688699,2449.5477329710884,184.8561027129702,51.323301090447515,0.8942570248145442,94.8742541794446,34.74599456634774
53.65542148887265,-2.292067580688699,2449.5477329710884,184.8561027129702,50.002394231696776,0.8942570248145442,92.43247723988968,33.8517375415332
53.65542148887265,-2.292067580688699,2449.5477329710884,184.8561027129702,48.68148737294604,0.8942570248145442,89.99070030033474,32.95748051671865
53.65542148887265,-2.292067580688699,2449.5477329710884,184.8561027129702,47.3605805141953,0.8942570248145442,87.54892336077981,32.06322349190411
53.65542148887265,-2.292067580688699,2449.5477329710884,184.8561027129702,46.03967365544456,0.8942570248145442,85.10714642122487,31.16896646708956
100.34809303848486,-6.451209124405544,2086.097769664627,94.49993111427841,41.0192848125544,0.41811705432702023,38.763195891433575,11.111806761820148
100.34809303848486,-6.451209124405544,2086.097769664627,94.49993111427841,39.47580381940429,0.41811705432702023,37.30460741614474,10.693689707493128
100.34809303848486,-6.451209124405544,2086.097769664627,94.49993111427841,37.93232282625418,0.41811705432702023,35.846018940855906,10.27557265316611
100.34809303848486,-6.451209124405544,2086.097769664627,94.49993111427841,36.38884183310407,0.41811705432702023,34.38743046556707,9.85745559883909
100.34809303848486,-6.451209124405544,2086.097769664627,94.49993111427841,34.845360839953955,0.41811705432702023,32.92884199027823,9.439338544512069
100.34809303848486,-6.451209124405544,2086.097769664627,94.49993111427841,33.30187984680384,0.41811705432702023,31.4702535149894,9.021221490185052
100.34809303848486,-6.451209124405544,2086.097769664627,94.49993111427841,31.758398853653727,0.41811705432702023,30.011665039700553,8.603104435858029
100.34809303848486,-6.451209124405544,2086.097769664627,94.49993111427841,30.21491786050361,0.41811705432702023,28.553076564411715,8.184987381531009
100.34809303848486,-6.451209124405544,2086.097769664627,94.49993111427841,28.671436867353496,0.41811705432702023,27.094488089122876,7.766870327203989
100.34809303848486,-6.451209124405544,2086.097769664627,94.49993111427841,27.12795587420338,0.41811705432702023,25.635899613834038,7.348753272876969
100.34809303848486,-6.451209124405544,2086.097769664627,94.49993111427841,25.584474881053264,0.41811705432702023,24.1773111385452,6.9306362185499495
100.34809303848486,-6.451209124405544,2086.097769664627,94.49993111427841,24.04099388790315,0.41811705432702023,22.718722663256358,6.512519164222928
100.34809303848486,-6.451209124405544,2086.097769664627,94.49993111427841,22.497512894753033,0.41811705432702023,21.26013418796752,6.094402109895908
100.34809303848486,-6.451209124405544,2086.097769664627,94.49993111427841,20.954031901602917,0.41811705432702023,19.80154571267868,5.676285055568888
100.34809303848486,-6.451209124405544,2086.097769664627,94.49993111427841,19.4105509084528,0.41811705432702023,18.34295723738984,5.258168001241867
100.34809303848486,-6.451209124405544,2086.097769664627,94.49993111427841,17.867069915302686,0.41811705432702023,16.884368762101,4.840050946914847
100.34809303848486,-6.451209124405544,2086.097769664627,94.49993111427841,16.32358892215257,0.41811705432702023,15.425780286812161,4.421933892587826
100.34809303848486,-6.451209124405544,2086.097769664627,94.49993111427841,14.780107929002455,0.41811705432702023,13.96719181152332,4.003816838260805
100.34809303848486,-6.451209124405544,2086.097769664627,94.49993111427841,13.236626935852339,0.41811705432702023,12.508603336234481,3.5856997839337854
100.34809303848486,-6.451209124405544,2086.097769664627,94.49993111427841,11.693145942702223,0.41811705432702023,11.050014860945643,3.167582729606765
100.34809303848486,-6.451209124405544,2086.097769664627,94.49993111427841,10.149664949552108,0.41811705432702023,9.591426385656803,2.749465675279745
100.34809303848486,-6.451209124405544,2086.097769664627,94.49993111427841,8.606183956401992,0.41811705432702023,8.132837910367963,2.331348620952724
100.34809303848486,-6.451209124405544,2086.097769664627,94.49993111427841,7.062702963251877,0.41811705432702023,6.6742494350791235,1.9132315666257038
100.34809303848486,-6.451209124405544,2086.097769664627,94.49993111427841,5.519221970101762,0.41811705432702023,5.215660959790285,1.4951145122986838
100.34809303848486,-6.451209124405544,2086.097769664627,94.49993111427841,3.9757409769516476,0.41811705432702023,3.757072484501447,1.0769974579716637
100.34809303848486,-6.451209124405544,2086.097769664627,94.49993111427841,2.432259983801533,0.41811705432702023,2.2984840092126078,0.6588804036446434
100.34809303848486,-6.451209124405544,2086.097769664627,94.49993111427841,0.8887789906514179,0.41811705432702023,0.8398955339237688,0.24076334931762317
76.18666921437736,3.5968955980049166,2175.799177133116,169.09355828276225,37.58407091552191,0.6348889101198113,63.55224285857274,15.868897410743813
76.18666921437736,3.5968955980049166,2175.799177133116,169.09355828276225,36.080393047816614,0.6348889101198113,61.00962044695948,15.234008500624
76.18666921437736,3.5968955980049166,2175.799177133116,169.09355828276225,34.576715180111314,0.6348889101198113,58.46699803534623,14.599119590504191
76.18666921437736,3.5968955980049166,2175.799177133116,169.09355828276225,33.073037312406015,0.6348889101198113,55.92437562373297,13.964230680384379
76.18666921437736,3.5968955980049166,2175.799177133116,169.09355828276225,31.569359444700716,0.6348889101198113,53.38175321211972,13.32934177026457
76.18666921437736,3.5968955980049166,2175.799177133116,169.09355828276225,30.065681576995416,0.6348889101198113,50.83913080050646,12.694452860144757
76.18666921437736,3.5968955980049166,2175.799177133116,169.09355828276225,28.562003709290117,0.6348889101198113,48.2965083888932,12.059563950024947
76.18666921437736,3.5968955980049166,2175.799177133116,169.09355828276225,27.058325841584818,0.6348889101198113,45.75388597727994,11.424675039905134
76.18666921437736,3.5968955980049166,2175.799177133116,169.09355828276225,25.55464797387952,0.6348889101198113,43.211263565666684,10.789786129785323
76.18666921437736,3.5968955980049166,2175.799177133116,169.09355828276225,24.05097010617422,0.6348889101198113,40.668641154053425,10.15489721966551
76.18666921437736,3.5968955980049166,2175.799177133116,169.09355828276225,22.54729223846892,0.6348889101198113,38.126018742440166,9.5200083095457
76.18666921437736,3.5968955980049166,2175.799177133116,169.09355828276225,21.04361437076362,0.6348889101198113,35.583396330826915,8.88511939942589
76.18666921437736,3.5968955980049166,2175.799177133116,169.09355828276225,19.53993650305832,0.6348889101198113,33.040773919213656,8.250230489306078
76.18666921437736,3.5968955980049166,2175.799177133116,169.09355828276225,18.036258635353022,0.6348889101198113,30.4981515076004,7.615341579186267
76.18666921437736,3.5968955980049166,2175.799177133116,169.09355828276225,16.532580767647723,0.6348889101198113,27.955529095987142,6.980452669066455
76.18666921437736,3.5968955980049166,2175.799177133116,169.09355828276225,15.028902899942423,0.6348889101198113,25.412906684373887,6.3455637589466445
76.18666921437736,3.5968955980049166,2175.799177133116,169.09355828276225,13.525225032237124,0.6348889101198113,22.870284272760628,5.710674848826833
76.18666921437736,3.5968955980049166,2175.799177133116,169.09355828276225,12.021547164531825,0.6348889101198113,20.327661861147373,5.075785938707022
76.18666921437736,3.5968955980049166,2175.799177133116,169.09355828276225,10.517869296826525,0.6348889101198113,17.785039449534114,4.4408970285872105
76.18666921437736,3.5968955980049166,2175.799177133116,169.09355828276225,9.014191429121226,0.6348889101198113,15.24241703792086,3.8060081184674006
76.18666921437736,3.5968955980049166,2175.799177133116,169.09355828276225,7.510513561415927,0.6348889101198113,12.699794626307602,3.1711192083475885
76.18666921437736,3.5968955980049166,2175.799177133116,169.09355828276225,6.006835693710627,0.6348889101198113,10.157172214694345,2.5362302982277773
76.18666921437736,3.5968955980049166,2175.799177133116,169.09355828276225,4.503157826005328,0.6348889101198113,7.614549803081089,1.9013413881079666
76.18666921437736,3.5968955980049166,2175.799177133116,169.09355828276225,2.9994799583000287,0.6348889101198113,5.071927391467831,1.2664524779881552
76.18666921437736,3.5968955980049166,2175.799177133116,169.09355828276225,1.4958020905947291,0.6348889101198113,2.5293049798545746,0.6315635678683441
58.92016787341631,8.107639528385274,2161.881388581587,78.1177843846367,14.828142905215884,0.9820027978902718,11.583416702942351,2.411259013291911
58.92016787341631,8.107639528385274,2161.881388581587,78.1177843846367,8.7892736920079,0.9820027978902718,6.86598587169833,1.429256215401639
58.92016787341631,8.107639528385274,2161.881388581587,78.1177843846367,2.750404478799916,0.9820027978902718,2.1485550404543092,0.4472534175113672
80.2440925901119,-5.7454420995154205,1318.6726798219736,91.09018201446638,58.35181954721321,1.3374015431685318,53.152778634309485,13.128236663660656
80.2440925901119,-5.7454420995154205,1318.6726798219736,91.09018201446638,52.40739490676236,1.3374015431685318,47.73799140961002,11.790835120492124
80.2440925901119,-5.7454420995154205,1318.6726798219736,91.09018201446638,46.462970266311515,1.3374015431685318,42.32320418491055,10.453433577323592
80.2440925901119,-5.7454420995154205,1318.6726798219736,91.09018201446638,40.51854562586067,1.3374015431685318,36.90841696021109,9.116032034155063
80.2440925901119,-5.7454420995154205,1318.6726798219736,91.09018201446638,34.57412098540982,1.3374015431685318,31.493629735511618,7.778630490986529
80.2440925901119,-5.7454420995154205,1318.6726798219736,91.09018201446638,28.629696344958973,1.3374015431685318,26.078842510812155,6.441228947817998
80.2440925901119,-5.7454420995154205,1318.6726798219736,91.09018201446638,22.685271704508125,1.3374015431685318,20.664055286112692,5.103827404649468
80.2440925901119,-5.7454420995154205,1318.6726798219736,91.09018201446638,16.740847064057277,1.3374015431685318,15.249268061413224,3.766425861480935
80.2440925901119,-5.7454420995154205,1318.6726798219736,91.09018201446638,10.79642242360643,1.3374015431685318,9.834480836713759,2.4290243183124036
80.2440925901119,-5.7454420995154205,1318.6726798219736,91.09018201446638,4.851997783155581,1.3374015431685318,4.419693612014292,1.091622775143872
108.77041827582998,-7.658659671447882,2430.052905746197,165.0073680753924,43.404598409046095,1.8128403045971664,71.6207854584606,16.8542093265805
108.77041827582998,-7.658659671447882,2430.052905746197,165.0073680753924,38.735995813925896,1.8128403045971664,63.917247190353294,15.041369021983334
108.77041827582998,-7.658659671447882,2430.052905746197,165.0073680753924,34.0673932188057,1.8128403045971664,56.21370892224599,13.228528717386169
108.77041827582998,-7.658659671447882,2430.052905746197,165.0073680753924,29.3987906236855,1.8128403045971664,48.51017065413868,11.415688412789004
108.77041827582998,-7.658659671447882,2430.052905746197,165.0073680753924,24.7301880285653,1.8128403045971664,40.806632386031374,9.602848108191838
108.77041827582998,-7.658659671447882,2430.052905746197,165.0073680753924,20.061585433445103,1.8128403045971664,33.103094117924066,7.790007803594672
108.77041827582998,-7.658659671447882,2430.052905746197,165.0073680753924,15.392982838324903,1.8128403045971664,25.39955584981676,5.977167498997506
108.77041827582998,-7.658659671447882,2430.052905746197,165.0073680753924,10.724380243204703,1.8128403045971664,17.696017581709448,4.1643271944003395
108.77041827582998,-7.658659671447882,2430.052905746197,165.0073680753924,6.0557776480845025,1.8128403045971664,9.992479313602136,2.351486889803173
108.77041827582998,-7.658659671447882,2430.052905746197,165.0073680753924,1.3871750529643023,1.8128403045971664,2.2889410454948256,0.5386465852060065
109.18969087767766,0.26652337384785785,1385.8891866686865,161.84170107479557,30.69468156596617,0.9099140906473139,49.67679478585135,27.018874540409303
109.18969087767766,0.26652337384785785,1385.8891866686865,161.84170107479557,29.660977396570303,0.9099140906473139,48.00383037401999,26.10896044976199
109.18969087767766,0.26652337384785785,1385.8891866686865,161.84170107479557,28.627273227174435,0.9099140906473139,46.330865962188625,25.19904635911467
109.18969087767766,0.26652337384785785,1385.8891866686865,161.84170107479557,27.593569057778566,0.9099140906473139,44.65790155035727,24.289132268467363
109.18969087767766,0.26652337384785785,1385.8891866686865,161.84170107479557,26.559864888382698,0.9099140906473139,42.984937138525915,23.37921817782005
109.18969087767766,0.26652337384785785,1385.8891866686865,161.84170107479557,25.52616071898683,0.9099140906473139,41.31197272669455,22.469304087172734
109.18969087767766,0.26652337384785785,1385.8891866686865,161.84170107479557,24.492456549590962,0.9099140906473139,39.6390083148632,21.559389996525425
109.18969087767766,0.26652337384785785,1385.8891866686865,161.84170107479557,23.458752380195094,0.9099140906473139,37.96604390303183,20.649475905878106
109.18969087767766,0.26652337384785785,1385.8891866686865,161.84170107479557,22.425048210799226,0.9099140906473139,36.29307949120047,19.739561815230793
109.18969087767766,0.26652337384785785,1385.8891866686865,161.84170107479557,21.391344041403357,0.9099140906473139,34.620115079369114,18.82964772458348
109.18969087767766,0.26652337384785785,1385.8891866686865,161.84170107479557,20.35763987200749,0.9099140906473139,32.947150667537755,17.91973363393617
109.18969087767766,0.26652337384785785,1385.8891866686865,161.84170107479557,19.32393570261162,0.9099140906473139,31.274186255706397,17.009819543288852
109.18969087767766,0.26652337384785785,1385.8891866686865,161.84170107479557,18.290231533215753,0.9099140906473139,29.601221843875038,16.09990545264154
109.18969087767766,0.26652337384785785,1385.8891866686865,161.84170107479557,17.256527363819885,0.9099140906473139,27.928257432043676,15.189991361994226
109.18969087767766,0.26652337384785785,1385.8891866686865,161.84170107479557,16.222823194424016,0.9099140906473139,26.255293020212317,14.280077271346912
109.18969087767766,0.26652337384785785,1385.8891866686865,161.84170107479557,15.189119025028148,0.9099140906473139,24.582328608380955,13.370163180699597
109.18969087767766,0.26652337384785785,1385.8891866686865,161.84170107479557,14.15541485563228,0.9099140906473139,22.9093641965496,12.460249090052287
109.18969087767766,0.26652337384785785,1385.8891866686865,161.84170107479557,13.121710686236412,0.9099140906473139,21.23639978471824,11.550334999404972
109.18969087767766,0.26652337384785785,1385.8891866686865,161.84170107479557,12.088006516840544,0.9099140906473139,19.56343537288688,10.640420908757658
109.18969087767766,0.26652337384785785,1385.8891866686865,161.84170107479557,11.054302347444676,0.9099140906473139,17.89047096105552,9.730506818110344
109.18969087767766,0.26652337384785785,1385.8891866686865,161.84170107479557,10.020598178048807,0.9099140906473139,16.21750654922416,8.820592727463032
109.18969087767766,0.26652337384785785,1385.8891866686865,161.84170107479557,8.98689400865294,0.9099140906473139,14.544542137392801,7.9106786368157165
109.18969087767766,0.26652337384785785,1385.8891866686865,161.84170107479557,7.953189839257071,0.9099140906473139,12.871577725561444,7.000764546168405
109.18969087767766,0.26652337384785785,1385.8891866686865,161.84170107479557,6.919485669861203,0.9099140906473139,11.198613313730084,6.090850455521091
109.18969087767766,0.26652337384785785,1385.8891866686865,161.84170107479557,5.885781500465335,0.9099140906473139,9.525648901898725,5.180936364873777
109.18969087767766,0.26652337384785785,1385.8891866686865,161.84170107479557,4.8520773310694665,0.9099140906473139,7.852684490067365,4.271022274226463
109.18969087767766,0.26652337384785785,1385.8891866686865,161.84170107479557,3.8183731616735983,0.9099140906473139,6.179720078236005,3.3611081835791494
109.18969087767766,0.26652337384785785,1385.8891866686865,161.84170107479557,2.78466899227773,0.9099140906473139,4.506755666404646,2.451194092931836
109.18969087767766,0.26652337384785785,1385.8891866686865,161.84170107479557,1.7509648228818617,0.9099140906473139,2.833791254573286,1.541280002284522
109.18969087767766,0.26652337384785785,1385.8891866686865,161.84170107479557,0.7172606534859933,0.9099140906473139,1.1608268427419266,0.6313659116372083
90.81811955831998,-2.4402481975549106,1503.196494151886,133.00886675628516,56.95931999373433,0.7568176629859998,75.7609460357522,27.386753602982154
90.81811955831998,-2.4402481975549106,1503.196494151886,133.00886675628516,55.385280950339435,0.7568176629859998,73.66733454183117,26.62993593999615
90.81811955831998,-2.4402481975549106,1503.196494151886,133.00886675628516,53.81124190694454,0.7568176629859998,71.57372304791015,25.873118277010153
90.81811955831998,-2.4402481975549106,1503.196494151886,133.00886675628516,52.23720286354964,0.7568176629859998,69.4801115539891,25.116300614024144
90.81811955831998,-2.4402481975549106,1503.196494151886,133.00886675628516,50.66316382015474,0.7568176629859998,67.38650006006809,24.35948295103815
90.81811955831998,-2.4402481975549106,1503.196494151886,133.00886675628516,49.089124776759846,0.7568176629859998,65.29288856614707,23.60266528805215
90.81811955831998,-2.4402481975549106,1503.196494151886,133.00886675628516,47.51508573336495,0.7568176629859998,63.19927707222604,22.84584762506615
90.81811955831998,-2.4402481975549106,1503.196494151886,133.00886675628516,45.94104668997005,0.7568176629859998,61.105665578305015,22.089029962080147
90.81811955831998,-2.4402481975549106,1503.196494151886,133.00886675628516,44.36700764657515,0.7568176629859998,59.01205408438399,21.33221229909415
90.81811955831998,-2.4402481975549106,1503.196494151886,133.00886675628516,42.792968603180256,0.7568176629859998,56.918442590462966,20.575394636108147
90.81811955831998,-2.4402481975549106,1503.196494151886,133.00886675628516,41.21892955978536,0.7568176629859998,54.82483109654195,19.81857697312215
90.81811955831998,-2.4402481975549106,1503.196494151886,133.00886675628516,39.64489051639046,0.7568176629859998,52.731219602620925,19.06175931013615
90.81811955831998,-2.4402481975549106,1503.196494151886,133.00886675628516,38.070851472995564,0.7568176629859998,50.637608108699894,18.304941647150144
90.81811955831998,-2.4402481975549106,1503.196494151886,133.00886675628516,36.496812429600666,0.7568176629859998,48.54399661477887,17.548123984164146
90.81811955831998,-2.4402481975549106,1503.196494151886,133.00886675628516,34.92277338620577,0.7568176629859998,46.450385120857845,16.791306321178144
90.81811955831998,-2.4402481975549106,1503.196494151886,133.00886675628516,33.34873434281087,0.7568176629859998,44.35677362693682,16.034488658192146
90.81811955831998,-2.4402481975549106,1503.196494151886,133.00886675628516,31.774695299415974,0.7568176629859998,42.2631621330158,15.277670995206146
90.81811955831998,-2.4402481975549106,1503.196494151886,133.00886675628516,30.200656256021077,0.7568176629859998,40.169550639094766,14.520853332220142
90.81811955831998,-2.4402481975549106,1503.196494151886,133.00886675628516,28.62661721262618,0.7568176629859998,38.07593914517375,13.764035669234145
90.81811955831998,-2.4402481975549106,1503.196494151886,133.00886675628516,27.052578169231282,0.7568176629859998,35.982327651252724,13.007218006248145
90.81811955831998,-2.4402481975549106,1503.196494151886,133.00886675628516,25.478539125836384,0.7568176629859998,33.8887161573317,12.250400343262143
90.81811955831998,-2.4402481975549106,1503.196494151886,133.00886675628516,23.904500082441487,0.7568176629859998,31.795104663410676,11.493582680276143
90.81811955831998,-2.4402481975549106,1503.196494151886,133.00886675628516,22.33046103904659,0.7568176629859998,29.70149316948965,10.736765017290143
90.81811955831998,-2.4402481975549106,1503.196494151886,133.00886675628516,20.756421995651692,0.7568176629859998,27.607881675568624,9.979947354304143
90.81811955831998,-2.4402481975549106,1503.196494151886,133.00886675628516,19.182382952256795,0.7568176629859998,25.514270181647596,9.22312969131814
90.81811955831998,-2.4402481975549106,1503.196494151886,133.00886675628516,17.608343908861897,0.7568176629859998,23.420658687726576,8.46631202833214
90.81811955831998,-2.4402481975549106,1503.196494151886,133.00886675628516,16.034304865467,0.7568176629859998,21.32704719380555,7.709494365346141
90.81811955831998,-2.4402481975549106,1503.196494151886,133.00886675628516,14.460265822072104,0.7568176629859998,19.233435699884527,6.952676702360141
90.81811955831998,-2.4402481975549106,1503.196494151886,133.00886675628516,12.886226778677209,0.7568176629859998,17.139824205963507,6.195859039374142
90.81811955831998,-2.4402481975549106,1503.196494151886,133.00886675628516,11.312187735282313,0.7568176629859998,15.046212712042482,5.439041376388142
90.81811955831998,-2.4402481975549106,1503.196494151886,133.00886675628516,9.738148691887417,0.7568176629859998,12.952601218121462,4.682223713402142
90.81811955831998,-2.4402481975549106,1503.196494151886,133.00886675628516,8.164109648492522,0.7568176629859998,10.85898972420044,3.925406050416143
90.81811955831998,-2.4402481975549106,1503.196494151886,133.00886675628516,6.590070605097626,0.7568176629859998,8.765378230279415,3.168588387430143
90.81811955831998,-2.4402481975549106,1503.196494151886,133.00886675628516,5.0160315617027305,0.7568176629859998,6.671766736358394,2.4117707244441435
90.81811955831998,-2.4402481975549106,1503.196494151886,133.00886675628516,3.4419925183078344,0.7568176629859998,4.578155242437371,1.6549530614581438
90.81811955831998,-2.4402481975549106,1503.196494151886,133.00886675628516,1.8679534749129383,0.7568176629859998,2.4845437485163484,0.898135398472144
90.81811955831998,-2.4402481975549106,1503.196494151886,133.00886675628516,0.2939144315180422,0.7568176629859998,0.3909322545953257,0.14131773548614418
102.27903518766931,3.6207885419381802,2116.6096735856577,79.79586470884607,78.32169050613383,0.4261626466152888,62.49747019395569,27.465951274381606
102.27903518766931,3.6207885419381802,2116.6096735856577,79.79586470884607,77.10644845680383,0.4261626466152888,61.527757292387314,27.039788627766317
102.27903518766931,3.6207885419381802,2116.6096735856577,79.79586470884607,75.89120640747383,0.4261626466152888,60.558044390818935,26.613625981151028
102.27903518766931,3.6207885419381802,2116.6096735856577,79.79586470884607,74.67596435814383,0.4261626466152888,59.588331489250564,26.187463334535742
102.27903518766931,3.6207885419381802,2116.6096735856577,79.79586470884607,73.46072230881383,0.4261626466152888,58.618618587682185,25.761300687920453
102.27903518766931,3.6207885419381802,2116.6096735856577,79.79586470884607,72.24548025948383,0.4261626466152888,57.64890568611381,25.335138041305164
102.27903518766931,3.6207885419381802,2116.6096735856577,79.79586470884607,71.03023821015383,0.4261626466152888,56.679192784545435,24.90897539468988
102.27903518766931,3.6207885419381802,2116.6096735856577,79.79586470884607,69.81499616082382,0.4261626466152888,55.70947988297706,24.48281274807459
102.27903518766931,3.6207885419381802,2116.6096735856577,79.79586470884607,68.59975411149382,0.4261626466152888,54.739766981408685,24.056650101459304
102.27903518766931,3.6207885419381802,2116.6096735856577,79.79586470884607,67.38451206216382,0.4261626466152888,53.77005407984031,23.630487454844015
102.27903518766931,3.6207885419381802,2116.6096735856577,79.79586470884607,66.16927001283382,0.4261626466152888,52.80034117827193,23.204324808228726
102.27903518766931,3.6207885419381802,2116.6096735856577,79.79586470884607,64.95402796350382,0.4261626466152888,51.83062827670356,22.77816216161344
102.27903518766931,3.6207885419381802,2116.6096735856577,79.79586470884607,63.73878591417382,0.4261626466152888,50.86091537513517,22.35199951499815
102.27903518766931,3.6207885419381802,2116.6096735856577,79.79586470884607,62.523543864843816,0.4261626466152888,49.89120247356679,21.92583686838286
102.27903518766931,3.6207885419381802,2116.6096735856577,79.79586470884607,61.308301815513815,0.4261626466152888,48.92148957199842,21.499674221767574
102.27903518766931,3.6207885419381802,2116.6096735856577,79.79586470884607,60.09305976618381,0.4261626466152888,47.95177667043004,21.073511575152285
102.27903518766931,3.6207885419381802,2116.6096735856577,79.79586470884607,58.87781771685381,0.4261626466152888,46.982063768861664,20.647348928536996
102.27903518766931,3.6207885419381802,2116.6096735856577,79.79586470884607,57.66257566752381,0.4261626466152888,46.01235086729329,20.22118628192171
102.27903518766931,3.6207885419381802,2116.6096735856577,79.79586470884607,56.44733361819381,0.4261626466152888,45.042637965724914,19.79502363530642
102.27903518766931,3.6207885419381802,2116.6096735856577,79.79586470884607,55.23209156886381,0.4261626466152888,44.072925064156536,19.368860988691132
102.27903518766931,3.6207885419381802,2116.6096735856577,79.79586470884607,54.01684951953381,0.4261626466152888,43.103212162588164,18.942698342075847
102.27903518766931,3.6207885419381802,2116.6096735856577,79.79586470884607,52.801607470203805,0.4261626466152888,42.133499261019786,18.516535695460558
102.27903518766931,3.6207885419381802,2116.6096735856577,79.79586470884607,51.586365420873804,0.4261626466152888,41.16378635945141,18.09037304884527
102.27903518766931,3.6207885419381802,2116.6096735856577,79.79586470884607,50.3711233715438,0.4261626466152888,40.194073457883036,17.664210402229983
102.27903518766931,3.6207885419381802,2116.6096735856577,79.79586470884607,49.1558813222138,0.4261626466152888,39.22436055631466,17.238047755614694
102.27903518766931,3.6207885419381802,2116.6096735856577,79.79586470884607,47.9406392728838,0.4261626466152888,38.254647654746286,16.81188510899941
102.27903518766931,3.6207885419381802,2116.6096735856577,79.79586470884607,46.7253972235538,0.4261626466152888,37.28493475317791,16.38572246238412
102.27903518766931,3.6207885419381802,2116.6096735856577,79.79586470884607,45.5101551742238,0.4261626466152888,36.31522185160953,15.95955981576883
102.27903518766931,3.6207885419381802,2116.6096735856577,79.79586470884607,44.294913124893796,0.4261626466152888,35.34550895004116,15.533397169153544
102.27903518766931,3.6207885419381802,2116.6096735856577,79.79586470884607,43.079671075563795,0.4261626466152888,34.37579604847278,15.107234522538256
102.27903518766931,3.6207885419381802,2116.6096735856577,79.79586470884607,41.86442902623379,0.4261626466152888,33.4060831469044,14.681071875922967
102.27903518766931,3.6207885419381802,2116.6096735856577,79.79586470884607,40.64918697690379,0.4261626466152888,32.43637024533602,14.254909229307678
102.27903518766931,3.6207885419381802,2116.6096735856577,79.79586470884607,39.43394492757379,0.4261626466152888,31.466657343767647,13.828746582692391
102.27903518766931,3.6207885419381802,2116.6096735856577,79.79586470884607,38.21870287824379,0.4261626466152888,30.496944442199272,13.402583936077104
102.27903518766931,3.6207885419381802,2116.6096735856577,79.79586470884607,37.00346082891379,0.4261626466152888,29.527231540630893,12.976421289461815
102.27903518766931,3.6207885419381802,2116.6096735856577,79.79586470884607,35.78821877958379,0.4261626466152888,28.55751863906252,12.550258642846527
102.27903518766931,3.6207885419381802,2116.6096735856577,79.79586470884607,34.572976730253785,0.4261626466152888,27.587805737494143,12.12409599623124
102.27903518766931,3.6207885419381802,2116.6096735856577,79.79586470884607,33.357734680923784,0.4261626466152888,26.61809283592577,11.697933349615953
102.27903518766931,3.6207885419381802,2116.6096735856577,79.79586470884607,32.14249263159378,0.4261626466152888,25.64837993435739,11.271770703000664
102.27903518766931,3.6207885419381802,2116.6096735856577,79.79586470884607,30.927250582263778,0.4261626466152888,24.67866703278901,10.845608056385375
102.27903518766931,3.6207885419381802,2116.6096735856577,79.79586470884607,29.712008532933773,0.4261626466152888,23.70895413122063,10.419445409770084
102.27903518766931,3.6207885419381802,2116.6096735856577,79.79586470884607,28.496766483603768,0.4261626466152888,22.739241229652254,9.993282763154797
102.27903518766931,3.6207885419381802,2116.6096735856577,79.79586470884607,27.281524434273763,0.4261626466152888,21.769528328083876,9.567120116539508
102.27903518766931,3.6207885419381802,2116.6096735856577,79.79586470884607,26.066282384943758,0.4261626466152888,20.799815426515494,9.140957469924217
102.27903518766931,3.6207885419381802,2116.6096735856577,79.79586470884607,24.851040335613753,0.4261626466152888,19.830102524947115,8.714794823308928
102.27903518766931,3.6207885419381802,2116.6096735856577,79.79586470884607,23.635798286283748,0.4261626466152888,18.860389623378737,8.288632176693639
102.27903518766931,3.6207885419381802,2116.6096735856577,79.79586470884607,22.420556236953743,0.4261626466152888,17.890676721810358,7.862469530078351
102.27903518766931,3.6207885419381802,2116.6096735856577,79.79586470884607,21.20531418762374,0.4261626466152888,16.92096382024198,7.436306883463062
102.27903518766931,3.6207885419381802,2116.6096735856577,79.79586470884607,19.990072138293733,0.4261626466152888,15.9512509186736,7.010144236847772
102.27903518766931,3.6207885419381802,2116.6096735856577,79.79586470884607,18.77483008896373,0.4261626466152888,14.98153801710522,6.583981590232483
102.27903518766931,3.6207885419381802,2116.6096735856577,79.79586470884607,17.559588039633724,0.4261626466152888,14.01182511553684,6.157818943617193
102.27903518766931,3.6207885419381802,2116.6096735856577,79.79586470884607,16.34434599030372,0.4261626466152888,13.042112213968462,5.731656297001904
102.27903518766931,3.6207885419381802,2116.6096735856577,79.79586470884607,15.129103940973716,0.4261626466152888,12.072399312400083,5.305493650386616
102.27903518766931,3.6207885419381802,2116.6096735856577,79.79586470884607,13.913861891643712,0.4261626466152888,11.102686410831707,4.879331003771328
102.27903518766931,3.6207885419381802,2116.6096735856577,79.79586470884607,12.69861984231371,0.4261626466152888,10.13297350926333,4.45316835715604
102.27903518766931,3.6207885419381802,2116.6096735856577,79.79586470884607,11.483377792983706,0.4261626466152888,9.163260607694951,4.027005710540751
102.27903518766931,3.6207885419381802,2116.6096735856577,79.79586470884607,10.268135743653703,0.4261626466152888,8.193547706126575,3.6008430639254625
102.27903518766931,3.6207885419381802,2116.6096735856577,79.79586470884607,9.0528936943237,0.4261626466152888,7.223834804558196,3.1746804173101735
102.27903518766931,3.6207885419381802,2116.6096735856577,79.79586470884607,7.837651644993696,0.4261626466152888,6.254121902989818,2.7485177706948845
102.27903518766931,3.6207885419381802,2116.6096735856577,79.79586470884607,6.622409595663692,0.4261626466152888,5.284409001421439,2.3223551240795954
102.27903518766931,3.6207885419381802,2116.6096735856577,79.79586470884607,5.407167546333688,0.4261626466152888,4.3146960998530615,1.896192477464307
102.27903518766931,3.6207885419381802,2116.6096735856577,79.79586470884607,4.191925497003684,0.4261626466152888,3.3449831982846825,1.470029830849018
102.27903518766931,3.6207885419381802,2116.6096735856577,79.79586470884607,2.97668344767368,0.4261626466152888,2.3752702967163044,1.0438671842337293
102.27903518766931,3.6207885419381802,2116.6096735856577,79.79586470884607,1.761441398343676,0.4261626466152888,1.405557395147926,0.6177045376184406
102.27903518766931,3.6207885419381802,2116.6096735856577,79.79586470884607,0.5461993490136723,0.4261626466152888,0.4358444935795479,0.1915418910031518
116.98788267076391,7.822862273961421,1508.758412680211,104.03566285952397,22.188861687135017,0.48744951112818297,23.084329337193868,8.557387611118441
116.98788267076391,7.822862273961421,1508.758412680211,104.03566285952397,20.924930418223944,0.48744951112818297,21.76939006349344,8.069938099990258
116.98788267076391,7.822862273961421,1508.758412680211,104.03566285952397,19.66099914931287,0.48744951112818297,20.454450789793015,7.582488588862077
116.98788267076391,7.822862273961421,1508.758412680211,104.03566285952397,18.3970678804018,0.48744951112818297,19.139511516092586,7.095039077733894
116.98788267076391,7.822862273961421,1508.758412680211,104.03566285952397,17.133136611490727,0.48744951112818297,17.82457224239216,6.607589566605712
116.98788267076391,7.822862273961421,1508.758412680211,104.03566285952397,15.869205342579653,0.48744951112818297,16.509632968691733,6.1201400554775285
116.98788267076391,7.822862273961421,1508.758412680211,104.03566285952397,14.605274073668578,0.48744951112818297,15.194693694991305,5.632690544349345
116.98788267076391,7.822862273961421,1508.758412680211,104.03566285952397,13.341342804757504,0.48744951112818297,13.879754421290878,5.145241033221163
116.98788267076391,7.822862273961421,1508.758412680211,104.03566285952397,12.07741153584643,0.48744951112818297,12.564815147590448,4.657791522092979
116.98788267076391,7.822862273961421,1508.758412680211,104.03566285952397,10.813480266935356,0.48744951112818297,11.24987587389002,4.170342010964796
116.98788267076391,7.822862273961421,1508.758412680211,104.03566285952397,9.549548998024282,0.48744951112818297,9.934936600189591,3.682892499836613
116.98788267076391,7.822862273961421,1508.758412680211,104.03566285952397,8.285617729113207,0.48744951112818297,8.619997326489163,3.1954429887084297
116.98788267076391,7.822862273961421,1508.758412680211,104.03566285952397,7.021686460202134,0.48744951112818297,7.305058052788735,2.7079934775802466
116.98788267076391,7.822862273961421,1508.758412680211,104.03566285952397,5.757755191291061,0.48744951112818297,5.9901187790883075,2.220543966452064
116.98788267076391,7.822862273961421,1508.758412680211,104.03566285952397,4.493823922379987,0.48744951112818297,4.67517950538788,1.733094455323881
116.98788267076391,7.822862273961421,1508.758412680211,104.03566285952397,3.229892653468914,0.48744951112818297,3.360240231687452,1.2456449441956978
116.98788267076391,7.822862273961421,1508.758412680211,104.03566285952397,1.9659613845578405,0.48744951112818297,2.0453009579870245,0.7581954330675149
116.98788267076391,7.822862273961421,1508.758412680211,104.03566285952397,0.702030115646767,0.48744951112818297,0.7303616842865968,0.270745921939332
49.449394683942984,3.9385011172762963,1886.0114418121898,198.87436737908806,97.94340766951247,0.4120782890328582,194.78433239226413,23.42307307311497
49.449394683942984,3.9385011172762963,1886.0114418121898,198.87436737908806,96.22030533667528,0.4120782890328582,191.35752352853987,23.010994784082115
49.449394683942984,3.9385011172762963,1886.0114418121898,198.87436737908806,94.4972030038381,0.4120782890328582,187.9307146648156,22.598916495049256
49.449394683942984,3.9385011172762963,1886.0114418121898,198.87436737908806,92.77410067100091,0.4120782890328582,184.50390580109135,22.1868382060164
49.449394683942984,3.9385011172762963,1886.0114418121898,198.87436737908806,91.05099833816372,0.4120782890328582,181.0770969373671,21.774759916983545
49.449394683942984,3.9385011172762963,1886.0114418121898,198.87436737908806,89.32789600532654,0.4120782890328582,177.65028807364283,21.362681627950685
49.449394683942984,3.9385011172762963,1886.0114418121898,198.87436737908806,87.60479367248935,0.4120782890328582,174.22347920991854,20.950603338917826
49.449394683942984,3.9385011172762963,1886.0114418121898,198.87436737908806,85.88169133965216,0.4120782890328582,170.7966703461943,20.538525049884974
49.449394683942984,3.9385011172762963,1886.0114418121898,198.87436737908806,84.15858900681498,0.4120782890328582,167.36986148247004,20.126446760852115
49.449394683942984,3.9385011172762963,1886.0114418121898,198.87436737908806,82.43548667397779,0.4120782890328582,163.94305261874575,19.714368471819256
49.449394683942984,3.9385011172762963,1886.0114418121898,198.87436737908806,80.7123843411406,0.4120782890328582,160.51624375502152,19.302290182786404
49.449394683942984,3.9385011172762963,1886.0114418121898,198.87436737908806,78.98928200830342,0.4120782890328582,157.08943489129726,18.89021189375355
49.449394683942984,3.9385011172762963,1886.0114418121898,198.87436737908806,77.26617967546623,0.4120782890328582,153.66262602757297,18.478133604720686
49.449394683942984,3.9385011172762963,1886.0114418121898,198.87436737908806,75.54307734262905,0.4120782890328582,150.23581716384874,18.066055315687834
49.449394683942984,3.9385011172762963,1886.0114418121898,198.87436737908806,73.81997500979186,0.4120782890328582,146.80900830012445,17.653977026654974
49.449394683942984,3.9385011172762963,1886.0114418121898,198.87436737908806,72.09687267695467,0.4120782890328582,143.38219943640019,17.241898737622115
49.449394683942984,3.9385011172762963,1886.0114418121898,198.87436737908806,70.37377034411749,0.4120782890328582,139.95539057267595,16.829820448589263
49.449394683942984,3.9385011172762963,1886.0114418121898,198.87436737908806,68.6506680112803,0.4120782890328582,136.52858170895166,16.417742159556404
49.449394683942984,3.9385011172762963,1886.0114418121898,198.87436737908806,66.92756567844312,0.4120782890328582,133.1017728452274,16.005663870523545
49.449394683942984,3.9385011172762963,1886.0114418121898,198.87436737908806,65.20446334560593,0.4120782890328582,129.67496398150317,15.593585581490693
49.449394683942984,3.9385011172762963,1886.0114418121898,198.87436737908806,63.48136101276874,0.4120782890328582,126.24815511777886,15.181507292457832
49.449394683942984,3.9385011172762963,1886.0114418121898,198.87436737908806,61.758258679931544,0.4120782890328582,122.82134625405459,14.769429003424973
49.449394683942984,3.9385011172762963,1886.0114418121898,198.87436737908806,60.03515634709435,0.4120782890328582,119.39453739033033,14.357350714392116
49.449394683942984,3.9385011172762963,1886.0114418121898,198.87436737908806,58.31205401425716,0.4120782890328582,115.96772852660604,13.945272425359256
49.449394683942984,3.9385011172762963,1886.0114418121898,198.87436737908806,56.588951681419964,0.4120782890328582,112.54091966288176,13.533194136326397
49.449394683942984,3.9385011172762963,1886.0114418121898,198.87436737908806,54.86584934858277,0.4120782890328582,109.1141107991575,13.121115847293542
49.449394683942984,3.9385011172762963,1886.0114418121898,198.87436737908806,53.14274701574558,0.4120782890328582,105.68730193543321,12.70903755826068
49.449394683942984,3.9385011172762963,1886.0114418121898,198.87436737908806,51.419644682908384,0.4120782890328582,102.26049307170894,12.296959269227822
49.449394683942984,3.9385011172762963,1886.0114418121898,198.87436737908806,49.69654235007119,0.4120782890328582,98.83368420798466,11.884880980194964
49.449394683942984,3.9385011172762963,1886.0114418121898,198.87436737908806,47.973440017234,0.4120782890328582,95.40687534426038,11.472802691162105
49.449394683942984,3.9385011172762963,1886.0114418121898,198.87436737908806,46.250337684396804,0.4120782890328582,91.98006648053611,11.060724402129248
49.449394683942984,3.9385011172762963,1886.0114418121898,198.87436737908806,44.52723535155961,0.4120782890328582,88.55325761681183,10.648646113096389
49.449394683942984,3.9385011172762963,1886.0114418121898,198.87436737908806,42.80413301872242,0.4120782890328582,85.12644875308756,10.23656782406353
49.449394683942984,3.9385011172762963,1886.0114418121898,198.87436737908806,41.081030685885224,0.4120782890328582,81.69963988936327,9.82448953503067
49.449394683942984,3.9385011172762963,1886.0114418121898,198.87436737908806,39.35792835304803,0.4120782890328582,78.27283102563901,9.412411245997813
49.449394683942984,3.9385011172762963,1886.0114418121898,198.87436737908806,37.63482602021084,0.4120782890328582,74.84602216191473,9.000332956964955
49.449394683942984,3.9385011172762963,1886.0114418121898,198.87436737908806,35.911723687373645,0.4120782890328582,71.41921329819044,8.588254667932095
49.449394683942984,3.9385011172762963,1886.0114418121898,198.87436737908806,34.18862135453645,0.4120782890328582,67.99240443446618,8.176176378899237
49.449394683942984,3.9385011172762963,1886.0114418121898,198.87436737908806,32.46551902169926,0.4120782890328582,64.56559557074189,7.764098089866378
49.449394683942984,3.9385011172762963,1886.0114418121898,198.87436737908806,30.742416688862065,0.4120782890328582,61.138786707017616,7.35201980083352
49.449394683942984,3.9385011172762963,1886.0114418121898,198.87436737908806,29.01931435602487,0.4120782890328582,57.71197784329335,6.9399415118006615
49.449394683942984,3.9385011172762963,1886.0114418121898,198.87436737908806,27.296212023187678,0.4120782890328582,54.285168979569065,6.527863222767802
49.449394683942984,3.9385011172762963,1886.0114418121898,198.87436737908806,25.573109690350485,0.4120782890328582,50.858360115844796,6.115784933734945
49.449394683942984,3.9385011172762963,1886.0114418121898,198.87436737908806,23.85000735751329,0.4120782890328582,47.431551252120514,5.703706644702086
49.449394683942984,3.9385011172762963,1886.0114418121898,198.87436737908806,22.1269050246761,0.4120782890328582,44.00474238839624,5.291628355669228
49.449394683942984,3.9385011172762963,1886.0114418121898,198.87436737908806,20.403802691838905,0.4120782890328582,40.57793352467196,4.879550066636369
49.449394683942984,3.9385011172762963,1886.0114418121898,198.87436737908806,18.68070035900171,0.4120782890328582,37.15112466094769,4.46747177760351
49.449394683942984,3.9385011172762963,1886.0114418121898,198.87436737908806,16.95759802616452,0.4120782890328582,33.72431579722341,4.055393488570652
49.449394683942984,3.9385011172762963,1886.0114418121898,198.87436737908806,15.234495693327327,0.4120782890328582,30.297506933499136,3.6433151995377937
49.449394683942984,3.9385011172762963,1886.0114418121898,198.87436737908806,13.511393360490136,0.4120782890328582,26.87069806977486,3.2312369105049354
49.449394683942984,3.9385011172762963,1886.0114418121898,198.87436737908806,11.788291027652944,0.4120782890328582,23.443889206050592,2.8191586214720776
49.449394683942984,3.9385011172762963,1886.0114418121898,198.87436737908806,10.065188694815753,0.4120782890328582,20.017080342326317,2.4070803324392194
49.449394683942984,3.9385011172762963,1886.0114418121898,198.87436737908806,8.342086361978561,0.4120782890328582,16.590271478602045,1.9950020434063613
49.449394683942984,3.9385011172762963,1886.0114418121898,198.87436737908806,6.6189840291413695,0.4120782890328582,13.163462614877773,1.5829237543735033
49.449394683942984,3.9385011172762963,1886.0114418121898,198.87436737908806,4.895881696304178,0.4120782890328582,9.736653751153499,1.170845465340645
49.449394683942984,3.9385011172762963,1886.0114418121898,198.87436737908806,3.1727793634669865,0.4120782890328582,6.309844887429226,0.758767176307787
49.449394683942984,3.9385011172762963,1886.0114418121898,198.87436737908806,1.4496770306297948,0.4120782890328582,2.883036023704953,0.34668888727492886
47.73811829811327,-0.7260319012003569,1699.4623807929859,157.93611293488308,34.64193029583303,0.19890882624213863,54.71211815485033,16.898527934600803
47.73811829811327,-0.7260319012003569,1699.4623807929859,157.93611293488308,34.234167813765154,0.19890882624213863,54.068113940665526,16.699619108358664
47.73811829811327,-0.7260319012003569,1699.4623807929859,157.93611293488308,33.82640533169728,0.19890882624213863,53.42410972648073,16.500710282116525
47.73811829811327,-0.7260319012003569,1699.4623807929859,157.93611293488308,33.41864284962941,0.19890882624213863,52.78010551229593,16.301801455874386
47.73811829811327,-0.7260319012003569,1699.4623807929859,157.93611293488308,33.01088036756153,0.19890882624213863,52.136101298111136,16.10289262963225
47.73811829811327,-0.7260319012003569,1699.4623807929859,157.93611293488308,32.60311788549366,0.19890882624213863,51.49209708392633,15.90398380339011
47.73811829811327,-0.7260319012003569,1699.4623807929859,157.93611293488308,32.195355403425786,0.19890882624213863,50.84809286974153,15.705074977147971
47.73811829811327,-0.7260319012003569,1699.4623807929859,157.93611293488308,31.787592921357913,0.19890882624213863,50.20408865555673,15.506166150905834
47.73811829811327,-0.7260319012003569,1699.4623807929859,157.93611293488308,31.37983043929004,0.19890882624213863,49.560084441371934,15.307257324663695
47.73811829811327,-0.7260319012003569,1699.4623807929859,157.93611293488308,30.972067957222166,0.19890882624213863,48.91608022718714,15.108348498421558
47.73811829811327,-0.7260319012003569,1699.4623807929859,157.93611293488308,30.564305475154292,0.19890882624213863,48.272076013002334,14.909439672179419
47.73811829811327,-0.7260319012003569,1699.4623807929859,157.93611293488308,30.15654299308642,0.19890882624213863,47.62807179881754,14.71053084593728
47.73811829811327,-0.7260319012003569,1699.4623807929859,157.93611293488308,29.748780511018545,0.19890882624213863,46.98406758463274,14.511622019695142
47.73811829811327,-0.7260319012003569,1699.4623807929859,157.93611293488308,29.34101802895067,0.19890882624213863,46.340063370447936,14.312713193453003
47.73811829811327,-0.7260319012003569,1699.4623807929859,157.93611293488308,28.933255546882798,0.19890882624213863,45.69605915626314,14.113804367210866
47.73811829811327,-0.7260319012003569,1699.4623807929859,157.93611293488308,28.525493064814924,0.19890882624213863,45.052054942078335,13.914895540968725
47.73811829811327,-0.7260319012003569,1699.4623807929859,157.93611293488308,28.11773058274705,0.19890882624213863,44.408050727893546,13.71598671472659
47.73811829811327,-0.7260319012003569,1699.4623807929859,157.93611293488308,27.709968100679177,0.19890882624213863,43.76404651370874,13.517077888484451
47.73811829811327,-0.7260319012003569,1699.4623807929859,157.93611293488308,27.302205618611303,0.19890882624213863,43.120042299523945,13.318169062242314
47.73811829811327,-0.7260319012003569,1699.4623807929859,157.93611293488308,26.89444313654343,0.19890882624213863,42.47603808533914,13.119260236000173
47.73811829811327,-0.7260319012003569,1699.4623807929859,157.93611293488308,26.486680654475556,0.19890882624213863,41.83203387115435,12.920351409758037
47.73811829811327,-0.7260319012003569,1699.4623807929859,157.93611293488308,26.078918172407683,0.19890882624213863,41.18802965696955,12.721442583515898
47.73811829811327,-0.7260319012003569,1699.4623807929859,157.93611293488308,25.67115569033981,0.19890882624213863,40.54402544278474,12.522533757273758
47.73811829811327,-0.7260319012003569,1699.4623807929859,157.93611293488308,25.263393208271935,0.19890882624213863,39.90002122859995,12.32362493103162
47.73811829811327,-0.7260319012003569,1699.4623807929859,157.93611293488308,24.855630726204062,0.19890882624213863,39.25601701441515,12.124716104789483
47.73811829811327,-0.7260319012003569,1699.4623807929859,157.93611293488308,24.44786824413619,0.19890882624213863,38.61201280023035,11.925807278547346
47.73811829811327,-0.7260319012003569,1699.4623807929859,157.93611293488308,24.040105762068315,0.19890882624213863,37.96800858604555,11.726898452305205
47.73811829811327,-0.7260319012003569,1699.4623807929859,157.93611293488308,23.63234328000044,0.19890882624213863,37.32400437186075,11.527989626063068
47.73811829811327,-0.7260319012003569,1699.4623807929859,157.93611293488308,23.224580797932568,0.19890882624213863,36.68000015767595,11.329080799820927
47.73811829811327,-0.7260319012003569,1699.4623807929859,157.93611293488308,22.816818315864694,0.19890882624213863,36.03599594349115,11.13017197357879
47.73811829811327,-0.7260319012003569,1699.4623807929859,157.93611293488308,22.40905583379682,0.19890882624213863,35.391991729306355,10.931263147336653
47.73811829811327,-0.7260319012003569,1699.4623807929859,157.93611293488308,22.001293351728947,0.19890882624213863,34.74798751512155,10.732354321094512
47.73811829811327,-0.7260319012003569,1699.4623807929859,157.93611293488308,21.593530869661073,0.19890882624213863,34.103983300936754,10.533445494852375
47.73811829811327,-0.7260319012003569,1699.4623807929859,157.93611293488308,21.1857683875932,0.19890882624213863,33.45997908675195,10.334536668610236
47.73811829811327,-0.7260319012003569,1699.4623807929859,157.93611293488308,20.778005905525326,0.19890882624213863,32.81597487256715,10.135627842368098
47.73811829811327,-0.7260319012003569,1699.4623807929859,157.93611293488308,20.370243423457453,0.19890882624213863,32.17197065838236,9.93671901612596
47.73811829811327,-0.7260319012003569,1699.4623807929859,157.93611293488308,19.96248094138958,0.19890882624213863,31.527966444197556,9.737810189883822
47.73811829811327,-0.7260319012003569,1699.4623807929859,157.93611293488308,19.554718459321705,0.19890882624213863,30.883962230012756,9.538901363641683
47.73811829811327,-0.7260319012003569,1699.4623807929859,157.93611293488308,19.146955977253832,0.19890882624213863,30.23995801582796,9.339992537399544
47.73811829811327,-0.7260319012003569,1699.4623807929859,157.93611293488308,18.73919349518596,0.19890882624213863,29.59595380164316,9.141083711157407
47.73811829811327,-0.7260319012003569,1699.4623807929859,157.93611293488308,18.331431013118085,0.19890882624213863,28.951949587458362,8.942174884915268
47.73811829811327,-0.7260319012003569,1699.4623807929859,157.93611293488308,17.92366853105021,0.19890882624213863,28.30794537327356,8.74326605867313
47.73811829811327,-0.7260319012003569,1699.4623807929859,157.93611293488308,17.515906048982337,0.19890882624213863,27.663941159088765,8.544357232430992
47.73811829811327,-0.7260319012003569,1699.4623807929859,157.93611293488308,17.108143566914464,0.19890882624213863,27.01993694490396,8.345448406188853
47.73811829811327,-0.7260319012003569,1699.4623807929859,157.93611293488308,16.70038108484659,0.19890882624213863,26.375932730719164,8.146539579946715
47.73811829811327,-0.7260319012003569,1699.4623807929859,157.93611293488308,16.292618602778717,0.19890882624213863,25.731928516534364,7.947630753704576
47.73811829811327,-0.7260319012003569,1699.4623807929859,157.93611293488308,15.884856120710843,0.19890882624213863,25.087924302349567,7.748721927462438
47.73811829811327,-0.7260319012003569,1699.4623807929859,157.93611293488308,15.47709363864297,0.19890882624213863,24.443920088164766,7.5498131012203
47.73811829811327,-0.7260319012003569,1699.4623807929859,157.93611293488308,15.069331156575096,0.19890882624213863,23.79991587397997,7.350904274978162
47.73811829811327,-0.7260319012003569,1699.4623807929859,157.93611293488308,14.661568674507222,0.19890882624213863,23.155911659795166,7.151995448736022
47.73811829811327,-0.7260319012003569,1699.4623807929859,157.93611293488308,14.253806192439349,0.19890882624213863,22.51190744561037,6.953086622493885
47.73811829811327,-0.7260319012003569,1699.4623807929859,157.93611293488308,13.846043710371475,0.19890882624213863,21.86790323142557,6.754177796251746
47.73811829811327,-0.7260319012003569,1699.4623807929859,157.93611293488308,13.438281228303602,0.19890882624213863,21.22389901724077,6.5552689700096085
47.73811829811327,-0.7260319012003569,1699.4623807929859,157.93611293488308,13.030518746235728,0.19890882624213863,20.57989480305597,6.3563601437674695
47.73811829811327,-0.7260319012003569,1699.4623807929859,157.93611293488308,12.622756264167855,0.19890882624213863,19.935890588871175,6.157451317525332
47.73811829811327,-0.7260319012003569,1699.4623807929859,157.93611293488308,12.214993782099981,0.19890882624213863,19.291886374686374,5.958542491283193
47.73811829811327,-0.7260319012003569,1699.4623807929859,157.93611293488308,11.807231300032107,0.19890882624213863,18.647882160501574,5.759633665041054
47.73811829811327,-0.7260319012003569,1699.4623807929859,157.93611293488308,11.399468817964234,0.19890882624213863,18.003877946316774,5.560724838798916
47.73811829811327,-0.7260319012003569,1699.4623807929859,157.93611293488308,10.99170633589636,0.19890882624213863,17.359873732131977,5.361816012556778
47.73811829811327,-0.7260319012003569,1699.4623807929859,157.93611293488308,10.583943853828487,0.19890882624213863,16.715869517947176,5.16290718631464
47.73811829811327,-0.7260319012003569,1699.4623807929859,157.93611293488308,10.176181371760613,0.19890882624213863,16.071865303762376,4.963998360072501
47.73811829811327,-0.7260319012003569,1699.4623807929859,157.93611293488308,9.76841888969274,0.19890882624213863,15.427861089577577,4.765089533830363
47.73811829811327,-0.7260319012003569,1699.4623807929859,157.93611293488308,9.360656407624866,0.19890882624213863,14.783856875392779,4.566180707588225
47.73811829811327,-0.7260319012003569,1699.4623807929859,157.93611293488308,8.952893925556992,0.19890882624213863,14.13985266120798,4.3672718813460865
47.73811829811327,-0.7260319012003569,1699.4623807929859,157.93611293488308,8.545131443489119,0.19890882624213863,13.49584844702318,4.1683630551039474
47.73811829811327,-0.7260319012003569,1699.4623807929859,157.93611293488308,8.137368961421245,0.19890882624213863,12.851844232838381,3.9694542288618093
47.73811829811327,-0.7260319012003569,1699.4623807929859,157.93611293488308,7.729606479353371,0.19890882624213863,12.207840018653581,3.7705454026196707
47.73811829811327,-0.7260319012003569,1699.4623807929859,157.93611293488308,7.321843997285496,0.19890882624213863,11.563835804468779,3.5716365763775313
47.73811829811327,-0.7260319012003569,1699.4623807929859,157.93611293488308,6.914081515217622,0.19890882624213863,10.91983159028398,3.372727750135393
47.73811829811327,-0.7260319012003569,1699.4623807929859,157.93611293488308,6.506319033149747,0.19890882624213863,10.275827376099178,3.1738189238932537
47.73811829811327,-0.7260319012003569,1699.4623807929859,157.93611293488308,6.098556551081873,0.19890882624213863,9.631823161914378,2.974910097651115
47.73811829811327,-0.7260319012003569,1699.4623807929859,157.93611293488308,5.690794069013998,0.19890882624213863,8.987818947729577,2.7760012714089766
47.73811829811327,-0.7260319012003569,1699.4623807929859,157.93611293488308,5.283031586946124,0.19890882624213863,8.343814733544777,2.5770924451668376
47.73811829811327,-0.7260319012003569,1699.4623807929859,157.93611293488308,4.8752691048782495,0.19890882624213863,7.699810519359976,2.3781836189246985
47.73811829811327,-0.7260319012003569,1699.4623807929859,157.93611293488308,4.467506622810375,0.19890882624213863,7.055806305175175,2.17927479268256
47.73811829811327,-0.7260319012003569,1699.4623807929859,157.93611293488308,4.059744140742501,0.19890882624213863,6.411802090990375,1.9803659664404212
47.73811829811327,-0.7260319012003569,1699.4623807929859,157.93611293488308,3.6519816586746265,0.19890882624213863,5.767797876805575,1.7814571401982826
47.73811829811327,-0.7260319012003569,1699.4623807929859,157.93611293488308,3.2442191766067525,0.19890882624213863,5.123793662620774,1.5825483139561438
47.73811829811327,-0.7260319012003569,1699.4623807929859,157.93611293488308,2.8364566945388785,0.19890882624213863,4.479789448435975,1.3836394877140055
47.73811829811327,-0.7260319012003569,1699.4623807929859,157.93611293488308,2.4286942124710045,0.19890882624213863,3.835785234251175,1.184730661471867
47.73811829811327,-0.7260319012003569,1699.4623807929859,157.93611293488308,2.0209317304031305,0.19890882624213863,3.191781020066375,0.9858218352297282
47.73811829811327,-0.7260319012003569,1699.4623807929859,157.93611293488308,1.6131692483352564,0.19890882624213863,2.5477768058815755,0.7869130089875898
47.73811829811327,-0.7260319012003569,1699.4623807929859,157.93611293488308,1.2054067662673824,0.19890882624213863,1.9037725916967752,0.5880041827454511
47.73811829811327,-0.7260319012003569,1699.4623807929859,157.93611293488308,0.7976442841995083,0.19890882624213863,1.2597683775119752,0.38909535650331245
61.12067208721862,-4.580847149697402,1659.3578964338687,133.38497789613953,66.8941906401971,0.2546694670300776,89.22680139922834,12.824768046578205
61.12067208721862,-4.580847149697402,1659.3578964338687,133.38497789613953,65.56583071853031,0.2546694670300776,87.45496881133191,12.570098579548127
61.12067208721862,-4.580847149697402,1659.3578964338687,133.38497789613953,64.23747079686352,0.2546694670300776,85.68313622343548,12.31542911251805
61.12067208721862,-4.580847149697402,1659.3578964338687,133.38497789613953,62.909110875196724,0.2546694670300776,83.91130363553907,12.060759645487973
61.12067208721862,-4.580847149697402,1659.3578964338687,133.38497789613953,61.58075095352993,0.2546694670300776,82.13947104764263,11.806090178457893
61.12067208721862,-4.580847149697402,1659.3578964338687,133.38497789613953,60.252391031863134,0.2546694670300776,80.36763845974619,11.551420711427815
61.12067208721862,-4.580847149697402,1659.3578964338687,133.38497789613953,58.92403111019634,0.2546694670300776,78.59580587184976,11.296751244397736
61.12067208721862,-4.580847149697402,1659.3578964338687,133.38497789613953,57.59567118852954,0.2546694670300776,76.82397328395334,11.04208177736766
61.12067208721862,-4.580847149697402,1659.3578964338687,133.38497789613953,56.26731126686275,0.2546694670300776,75.05214069605691,10.787412310337581
61.12067208721862,-4.580847149697402,1659.3578964338687,133.38497789613953,54.93895134519595,0.2546694670300776,73.28030810816047,10.532742843307503
61.12067208721862,-4.580847149697402,1659.3578964338687,133.38497789613953,53.61059142352916,0.2546694670300776,71.50847552026404,10.278073376277424
61.12067208721862,-4.580847149697402,1659.3578964338687,133.38497789613953,52.28223150186236,0.2546694670300776,69.73664293236762,10.023403909247348
61.12067208721862,-4.580847149697402,1659.3578964338687,133.38497789613953,50.95387158019557,0.2546694670300776,67.96481034447118,9.768734442217267
61.12067208721862,-4.580847149697402,1659.3578964338687,133.38497789613953,49.62551165852877,0.2546694670300776,66.19297775657475,9.514064975187189
61.12067208721862,-4.580847149697402,1659.3578964338687,133.38497789613953,48.29715173686198,0.2546694670300776,64.42114516867832,9.259395508157112
61.12067208721862,-4.580847149697402,1659.3578964338687,133.38497789613953,46.96879181519518,0.2546694670300776,62.64931258078189,9.004726041127034
61.12067208721862,-4.580847149697402,1659.3578964338687,133.38497789613953,45.64043189352839,0.2546694670300776,60.877479992885455,8.750056574096956
61.12067208721862,-4.580847149697402,1659.3578964338687,133.38497789613953,44.31207197186159,0.2546694670300776,59.10564740498903,8.495387107066877
61.12067208721862,-4.580847149697402,1659.3578964338687,133.38497789613953,42.9837120501948,0.2546694670300776,57.33381481709259,8.240717640036799
61.12067208721862,-4.580847149697402,1659.3578964338687,133.38497789613953,41.655352128528,0.2546694670300776,55.56198222919616,7.98604817300672
61.12067208721862,-4.580847149697402,1659.3578964338687,133.38497789613953,40.326992206861206,0.2546694670300776,53.790149641299735,7.731378705976643
61.12067208721862,-4.580847149697402,1659.3578964338687,133.38497789613953,38.99863228519441,0.2546694670300776,52.0183170534033,7.476709238946564
61.12067208721862,-4.580847149697402,1659.3578964338687,133.38497789613953,37.670272363527616,0.2546694670300776,50.246484465506875,7.222039771916487
61.12067208721862,-4.580847149697402,1659.3578964338687,133.38497789613953,36.34191244186082,0.2546694670300776,48.474651877610434,6.9673703048864075
61.12067208721862,-4.580847149697402,1659.3578964338687,133.38497789613953,35.013552520194025,0.2546694670300776,46.70281928971401,6.71270083785633
61.12067208721862,-4.580847149697402,1659.3578964338687,133.38497789613953,33.68519259852723,0.2546694670300776,44.930986701817574,6.458031370826252
61.12067208721862,-4.580847149697402,1659.3578964338687,133.38497789613953,32.356832676860435,0.2546694670300776,43.15915411392115,6.203361903796174
61.12067208721862,-4.580847149697402,1659.3578964338687,133.38497789613953,31.028472755193643,0.2546694670300776,41.387321526024714,5.948692436766095
61.12067208721862,-4.580847149697402,1659.3578964338687,133.38497789613953,29.700112833526852,0.2546694670300776,39.615488938128294,5.694022969736018
61.12067208721862,-4.580847149697402,1659.3578964338687,133.38497789613953,28.37175291186006,0.2546694670300776,37.84365635023187,5.4393535027059405
61.12067208721862,-4.580847149697402,1659.3578964338687,133.38497789613953,27.04339299019327,0.2546694670300776,36.07182376233544,5.184684035675863
61.12067208721862,-4.580847149697402,1659.3578964338687,133.38497789613953,25.715033068526477,0.2546694670300776,34.299991174439015,4.9300145686457855
61.12067208721862,-4.580847149697402,1659.3578964338687,133.38497789613953,24.386673146859685,0.2546694670300776,32.52815858654259,4.675345101615708
61.12067208721862,-4.580847149697402,1659.3578964338687,133.38497789613953,23.058313225192894,0.2546694670300776,30.75632599864616,4.42067563458563
61.12067208721862,-4.580847149697402,1659.3578964338687,133.38497789613953,21.729953303526102,0.2546694670300776,28.984493410749735,4.166006167555553
61.12067208721862,-4.580847149697402,1659.3578964338687,133.38497789613953,20.40159338185931,0.2546694670300776,27.212660822853305,3.9113367005254753
61.12067208721862,-4.580847149697402,1659.3578964338687,133.38497789613953,19.07323346019252,0.2546694670300776,25.44082823495688,3.656667233495398
61.12067208721862,-4.580847149697402,1659.3578964338687,133.38497789613953,17.744873538525727,0.2546694670300776,23.668995647060452,3.4019977664653203
61.12067208721862,-4.580847149697402,1659.3578964338687,133.38497789613953,16.416513616858936,0.2546694670300776,21.897163059164026,3.1473282994352427
61.12067208721862,-4.580847149697402,1659.3578964338687,133.38497789613953,15.088153695192144,0.2546694670300776,20.125330471267603,2.8926588324051656
61.12067208721862,-4.580847149697402,1659.3578964338687,133.38497789613953,13.759793773525352,0.2546694670300776,18.353497883371176,2.637989365375088
61.12067208721862,-4.580847149697402,1659.3578964338687,133.38497789613953,12.43143385185856,0.2546694670300776,16.581665295474746,2.3833198983450097
61.12067208721862,-4.580847149697402,1659.3578964338687,133.38497789613953,11.10307393019177,0.2546694670300776,14.809832707578321,2.1286504313149326
61.12067208721862,-4.580847149697402,1659.3578964338687,133.38497789613953,9.774714008524978,0.2546694670300776,13.038000119681895,1.873980964284855
61.12067208721862,-4.580847149697402,1659.3578964338687,133.38497789613953,8.446354086858186,0.2546694670300776,11.26616753178547,1.6193114972547777
61.12067208721862,-4.580847149697402,1659.3578964338687,133.38497789613953,7.117994165191394,0.2546694670300776,9.494334943889042,1.3646420302247
61.12067208721862,-4.580847149697402,1659.3578964338687,133.38497789613953,5.789634243524603,0.2546694670300776,7.722502355992616,1.1099725631946225
61.12067208721862,-4.580847149697402,1659.3578964338687,133.38497789613953,4.461274321857811,0.2546694670300776,5.95066976809619,0.8553030961645449
61.12067208721862,-4.580847149697402,1659.3578964338687,133.38497789613953,3.1329144001910194,0.2546694670300776,4.178837180199764,0.6006336291344675
61.12067208721862,-4.580847149697402,1659.3578964338687,133.38497789613953,1.8045544785242276,0.2546694670300776,2.4070045923033367,0.34596416210438985
61.12067208721862,-4.580847149697402,1659.3578964338687,133.38497789613953,0.4761945568574357,0.2546694670300776,0.6351720044069102,0.0912946950743123
106.60638895004084,-9.47266051005496,1373.1406627908746,52.19206073586611,17.816413306145307,0.8883865745836736,9.298753253696288,2.7284335957221653
106.60638895004084,-9.47266051005496,1373.1406627908746,52.19206073586611,12.015333003795462,0.8883865745836736,6.271049898957493,1.8400470211384916
106.60638895004084,-9.47266051005496,1373.1406627908746,52.19206073586611,6.214252701445616,0.8883865745836736,3.243346544218696,0.9516604465548179
106.60638895004084,-9.47266051005496,1373.1406627908746,52.19206073586611,0.41317239909577097,0.8883865745836736,0.21564318947989988,0.06327387197114419
76.90814691657476,-9.263562647280173,1689.4023769414646,169.68853292509326,21.774424226719066,1.2818024486095794,36.948701023205665,8.441047452599777
76.90814691657476,-9.263562647280173,1689.4023769414646,169.68853292509326,18.467902086238027,1.2818024486095794,31.33791211218,7.1592450039902
76.90814691657476,-9.263562647280173,1689.4023769414646,169.68853292509326,15.161379945756988,1.2818024486095794,25.72712320115433,5.87744255538062
76.90814691657476,-9.263562647280173,1689.4023769414646,169.68853292509326,11.854857805275948,1.2818024486095794,20.116334290128666,4.59564010677104
76.90814691657476,-9.263562647280173,1689.4023769414646,169.68853292509326,8.548335664794909,1.2818024486095794,14.505545379103,3.3138376581614613
76.90814691657476,-9.263562647280173,1689.4023769414646,169.68853292509326,5.241813524313869,1.2818024486095794,8.89475646807733,2.0320352095518817
76.90814691657476,-9.263562647280173,1689.4023769414646,169.68853292509326,1.9352913838328298,1.2818024486095794,3.2839675570516644,0.7502327609423026
96.89874151805105,6.992947813548229,1374.0077544408232,42.18751437231957,83.59248947114234,1.614979025300851,35.2655935098179,11.260548774906994
96.89874151805105,6.992947813548229,1374.0077544408232,42.18751437231957,71.60372055169044,1.614979025300851,30.207829898859945,9.64556974960614
96.89874151805105,6.992947813548229,1374.0077544408232,42.18751437231957,59.614951632238544,1.614979025300851,25.150066287901996,8.030590724305291
96.89874151805105,6.992947813548229,1374.0077544408232,42.18751437231957,47.626182712786644,1.614979025300851,20.092302676944044,6.41561169900444
96.89874151805105,6.992947813548229,1374.0077544408232,42.18751437231957,35.637413793334744,1.614979025300851,15.034539065986092,4.800632673703588
96.89874151805105,6.992947813548229,1374.0077544408232,42.18751437231957,23.648644873882848,1.614979025300851,9.976775455028141,3.1856536484027376
96.89874151805105,6.992947813548229,1374.0077544408232,42.18751437231957,11.659875954430952,1.614979025300851,4.919011844070191,1.5706746231018869
47.97376759984115,0.5446367834712786,1521.552532266157,112.08706164961497,46.51498222010325,0.39978139666534296,52.13727679735457,8.697623108315184
48.03389123089542,0.10381367754897108,1521.552532266157,112.08706164961497,44.37684776224155,0.4002824269241285,49.740704709419475,8.307836888460853
49.212323659379166,-0.19303426757520592,1521.552532266157,112.08706164961497,42.23676827647737,0.41010269716149306,47.34195249686021,8.093817404816253
41.77075228532121,4.322815193484834,1521.552532266157,112.08706164961497,40.108971263268295,0.3480896023776767,44.95696734688588,6.561488606355547
46.5843171904044,3.3549390419514435,1521.552532266157,112.08706164961497,37.97322935833312,0.38820264325337,42.563077001224535,6.902195427129029
36.467050967563594,4.26203146448717,1521.552532266157,112.08706164961497,35.854186217471884,0.3038920913963633,40.18790380954546,5.141850783893827
35.28284253822248,4.890513479765401,1521.552532266157,112.08706164961497,33.73709763792596,0.2940236878185207,37.81492142821287,4.685446778010611
32.46346378848903,4.64950211626019,1521.552532266157,112.08706164961497,31.62466250324745,0.27052886490407524,35.447154956497634,4.0500102983185915
30.697808500867833,4.806923508271394,1521.552532266157,112.08706164961497,29.515141620347478,0.25581507084056526,33.082654983970045,3.579209907653956
39.895135409378135,4.935371341100893,1521.552532266157,112.08706164961497,27.39044035286799,0.3324594617448178,30.70113976442016,4.285878300185999
38.83842002365362,4.000467603254426,1521.552532266157,112.08706164961497,25.267483216711216,0.3236535001971135,28.321579490421218,3.8521311829522005
48.45483894320409,3.73969931135292,1521.552532266157,112.08706164961497,23.12865397565607,0.4037903245267007,25.924228640419745,4.366466717131972
50.16279087896765,3.2339227469952316,1521.552532266157,112.08706164961497,20.98700572343756,0.4180232573247304,23.523718043637675,4.096404012617947
42.47358360854718,3.386001477802493,1521.552532266157,112.08706164961497,18.858048672112275,0.3539465300712265,21.137432641024883,3.1352163197718736
35.99236761771408,3.4459562595761937,1521.552532266157,112.08706164961497,16.739789006262406,0.299936396814284,18.76313762346481,2.370281641535804
33.62805893889252,4.030119371303648,1521.552532266157,112.08706164961497,14.625431682404534,0.280233824490771,16.39321662637909,1.9384333049772713
37.28787914266534,3.4667741283952456,1521.552532266157,112.08706164961497,12.505033747101857,0.3107323261888778,14.016524885419216,1.8325419774343967
27.770135990952866,3.6393767688418213,1521.552532266157,112.08706164961497,10.400345050234355,0.2314177999246072,11.65744116822886,1.143553901137111
22.228608443954844,-6.1482685263249355,1521.552532266157,112.08706164961497,8.304802762987629,0.1852384036996237,9.30860939282887,0.7341147044459176
20.0,-6.062991520680673,1521.552532266157,112.08706164961497,6.212938841595778,0.16666666666666666,6.963900589632334,0.4950082060039795
24.095355320127442,5.046367161526498,1521.552532266157,112.08706164961497,4.114315448743608,0.20079462766772868,4.61161529349288,0.39365445055641324
20.0,5.632311183608309,1521.552532266157,112.08706164961497,2.022451527351757,0.16666666666666666,2.2669064902963436,0.1611363201552558
54.632488190603745,0.43110663046848385,2015.7571021838812,179.7883382698142,19.0025293374783,0.45527073492169784,34.16433172508617,6.8379977983601705
56.820653127111875,0.8206782041150686,2015.7571021838812,179.7883382698142,17.729944774290455,0.47350544272593226,31.876373085852567,6.596988202360843
47.54444960257655,-0.2167397189192879,2015.7571021838812,179.7883382698142,16.488751676921986,0.3962037466881379,29.644852641374165,5.263407608741646
40.942999394073034,0.5959786442867667,2015.7571021838812,179.7883382698142,15.26989845146668,0.34119166161727527,27.453496681380035,4.274478597237809
36.873777311515596,0.9646610301601632,2015.7571021838812,179.7883382698142,14.064815821447123,0.3072814775959633,25.286898646089703,3.586357715287305
45.03979157094203,0.807447934350541,2015.7571021838812,179.7883382698142,12.832098700999744,0.3753315964245169,23.070617019669854,3.9070537847119904
54.05509181094621,-0.870027181034212,2015.7571021838812,179.7883382698142,11.568873033754425,0.45045909842455173,20.799484583931722,4.125394418193917
51.108326719829236,-0.538861608389962,2015.7571021838812,179.7883382698142,10.315619471518538,0.42590272266524365,18.54628083008057,3.505635691998465
57.91801660199076,-0.906109285704374,2015.7571021838812,179.7883382698142,9.039321336509854,0.482650138349923,16.251645621779826,3.418346837611111
54.9385437963145,7.968735599321142,2015.7571021838812,179.7883382698142,7.7731059922130985,0.4578211983026208,13.975138095351284,2.810495636399629
61.1857563159295,6.748972253806317,2015.7571021838812,179.7883382698142,6.485749546628822,0.5098813026327459,11.660621334225967,2.568800924350019
60.9494242751976,7.366387209453746,2015.7571021838812,179.7883382698142,5.199192868876185,0.50791186895998,9.347542462395174,2.052557662463145
56.11757090087536,7.298696889470463,2015.7571021838812,179.7883382698142,3.9289875960537097,0.4676464241739613,7.063861509772085,1.4465197391564897
66.52381968110679,7.24308570416445,2015.7571021838812,179.7883382698142,2.6235666876505226,0.5543651640092232,4.716866951127281,1.1141341215896257
67.98989578819572,6.38605452820086,2015.7571021838812,179.7883382698142,1.3131844523550826,0.566582464901631,2.3609525053067633,0.5677940862179746
56.72591616243072,-0.7445730327295303,1697.2841643172108,59.17264032282341,56.24905719655889,0.472715968020256,33.284052299899,4.899019949288936
64.06901990324926,0.4174893954859529,1697.2841643172108,59.17264032282341,50.745665386388794,0.5339084991937438,30.027550058511338,4.923062536991598
54.140092253239445,-0.47377486017831427,1697.2841643172108,59.17264032282341,45.34478066623663,0.45116743544366206,26.83170396880537,3.7879142888583885
52.270499641620304,7.098929649921757,1697.2841643172108,59.17264032282341,39.96319777855737,0.4355874970135025,23.647279283004313,3.234637402476974
48.66071303983774,6.8857302495066754,1697.2841643172108,59.17264032282341,34.61888263349623,0.4055059419986478,20.484906904499102,2.6267467827397177
51.06155108573404,7.83010911492584,1697.2841643172108,59.17264032282341,29.24978103310333,0.4255129257144503,17.307867725931654,2.3181084714418616
50.79963207712941,7.694175083987196,1697.2841643172108,59.17264032282341,23.883383506739253,0.42333026730941176,14.132428619363347,1.8840496020821969
44.975915398464466,6.224057964267956,1697.2841643172108,59.17264032282341,18.577110524622228,0.3747992949872039,10.992566793108084,1.3121616530082663
51.90788853957363,7.747273809387144,1697.2841643172108,59.17264032282341,13.199271264672891,0.4325657378297802,7.810357310678675,1.061681511371992
58.63412292474025,7.571386041111127,1697.2841643172108,59.17264032282341,7.751989791233234,0.48861769103950203,4.587057037028431,0.6953485644578622
53.99159232648617,-2.2052681097843996,1697.2841643172108,59.17264032282341,2.3526381969024985,0.4499299360540514,1.3921181383504735,0.1960461983253874
45.29373249157327,-0.13239897549045643,1857.6085008373777,174.512484481792,29.123666416792425,0.7548955415262212,50.82443383613375,7.323844286709321
38.356350404153105,0.6235044337314197,1857.6085008373777,174.512484481792,26.161055984923344,0.6392725067358851,45.65430876596226,5.645036437608419
43.86889528649621,-0.44419580550226434,1857.6085008373777,174.512484481792,23.16723875172082,0.7311482547749368,40.4297239314565,5.657889196915148
37.264548508825854,0.31512062555604614,1857.6085008373777,174.512484481792,20.210809066779007,0.6210758084804309,35.270385036307324,4.245811982313538
34.09521937444139,0.6302367689607358,1857.6085008373777,174.512484481792,17.272321117780937,0.5682536562406899,30.14235671031274,3.3401735168894993
36.772926321248924,-0.24948019111466735,1857.6085008373777,174.512484481792,14.318674531438095,0.6128821053541488,24.98787466967421,2.9711270919431474
37.31688318742744,0.6960955822615438,1857.6085008373777,174.512484481792,11.36194857717733,0.6219480531237908,19.828018747575776,2.389988760062422
44.038771458385014,-0.9779367714750684,1857.6085008373777,174.512484481792,8.367169666190666,0.7339795243064169,14.601755665276194,2.050679330234222
48.34975318719842,0.3567576457102837,1857.6085008373777,174.512484481792,5.3479860649503035,0.8058292197866402,9.332903351684797,1.427393629316959
52.975955376089686,-0.0593618917964287,1857.6085008373777,174.512484481792,2.302613294148801,0.8829325896014948,4.018347667627106,0.6675873437058927
71.14317657913551,-1.7789913128893153,2005.6092722592405,129.9188555946891,92.58162311399416,1.1857196096522586,120.28098524068938,24.449335810631435
74.88595095468392,-1.786246769924922,2005.6092722592405,129.9188555946891,88.0693968949966,1.2480991825780654,114.41875257512423,24.36033499650384
77.50780105420397,-1.1686463856701979,2005.6092722592405,129.9188555946891,83.54155309325581,1.2917966842367328,108.53622972478755,23.834457637510425
76.47810158502256,-1.0822523494204845,2005.6092722592405,129.9188555946891,79.01984290558532,1.2746350264170425,102.66167559565757,22.2750807480037
73.54036405338226,-1.9968132373435485,2005.6092722592405,129.9188555946891,74.5156319483196,1.2256727342230378,96.80985626640734,20.276976193827544
68.34768990823333,-0.598074779131142,2005.6092722592405,129.9188555946891,70.04235220948442,1.1391281651372223,90.99822242216358,17.83640210595492
70.12151181398137,-2.0697691510749827,2005.6092722592405,129.9188555946891,65.55850634011806,1.1686918635663561,85.17286118205308,17.08749479341194
77.20186010440501,-2.1639701710134145,2005.6092722592405,129.9188555946891,61.032484937796255,1.2866976684067502,79.29270597218589,17.35085831150673
80.63828266230152,-2.135856203319861,2005.6092722592405,129.9188555946891,56.48599378640358,1.3439713777050253,73.38595669858273,16.697615009521353
79.3886252984151,-1.9677578144868662,2005.6092722592405,129.9188555946891,51.946946472965166,1.3231437549735852,67.48887837406204,15.142666085933373
88.38598695536344,-0.961262220155201,2005.6092722592405,129.9188555946891,47.35430454701484,1.4730997825893906,61.5221705423055,15.188995105131093
86.74050188137501,-0.9973599605115093,2005.6092722592405,129.9188555946891,42.77146428718587,1.44567503135625,55.56819692300303,13.49242706898054
87.7245481475119,0.812849614790986,2005.6092722592405,129.9188555946891,38.182762355864945,1.4620758024585316,49.606607887179486,12.165988060912092
86.81848196063724,3.9831787544164783,2005.6092722592405,129.9188555946891,33.5994575918523,1.446974699343954,43.65203078935739,10.607534857561197
82.07241890320411,4.240881319887524,2005.6092722592405,129.9188555946891,29.04442371659778,1.367873648386735,37.734182906676295,8.722021157810357
87.69020734720074,3.990213738445955,2005.6092722592405,129.9188555946891,24.455926343230196,1.461503455786679,31.772859630204767,7.789569864973763
94.73330589886429,5.321608040236543,2005.6092722592405,129.9188555946891,19.825475322543333,1.578888431647738,25.757030655255797,6.76007876961371
88.75356997019098,5.55043050242628,2005.6092722592405,129.9188555946891,15.230643813691175,1.4792261661698496,19.787478142450883,4.9032411337435695
94.7162270736277,-7.028863786207461,2005.6092722592405,129.9188555946891,10.600294526496377,1.5786037845604617,13.77178133849056,3.613909884349237
102.35660623823892,-6.9611015237635465,2005.6092722592405,129.9188555946891,5.924433768674501,1.7059434373039821,7.696956552727222,2.161473455022284
93.64763982564843,-6.3125202186316764,2005.6092722592405,129.9188555946891,1.3004497385043985,1.5607939970941405,1.6895294178490414,0.43895786234055006
80.14460773764074,0.30333583741285186,2135.159709079906,182.44128848284834,27.87895520398574,0.6678717311470062,50.86272508970768,18.98172947158796
75.44969250418984,0.6385102097429223,2135.159709079906,182.44128848284834,26.90457336849816,0.6287474375349154,49.08505031430131,17.360936901033785
83.41800919323828,-0.5113201184270677,2135.159709079906,182.44128848284834,25.919094096379425,0.6951500766103189,47.2871292325165,18.283144817476575
74.91722953355836,3.3454766133571394,2135.159709079906,182.44128848284834,24.94545381953034,0.6243102461129862,45.510807366245054,15.995335016204399
83.79854060229341,2.887759993490863,2135.159709079906,182.44128848284834,23.959444583133962,0.6983211716857785,43.71191941080361,16.968793796885407
85.26336923005165,3.6597386191989156,2135.159709079906,182.44128848284834,22.97139528689729,0.7105280769170971,41.90930954390372,16.51923783506446
89.7971968591906,4.192713810475138,2135.159709079906,182.44128848284834,21.977031750555167,0.7483099738265884,40.095179895997525,16.538852696209194
84.40055610395406,3.04140321514792,2135.159709079906,182.44128848284834,20.990184090042206,0.7033379675329505,38.29476230879483,14.959951780560447
81.19099812706936,2.2409757413683637,2135.159709079906,182.44128848284834,20.0078063656089,0.6765916510589114,36.50249973057022,13.779948797987414
84.66680714367659,2.0520534616459534,2135.159709079906,182.44128848284834,19.020587898543365,0.7055567261973049,34.70140563911524,13.593854020919013
75.89780256332249,3.639484746928605,2135.159709079906,182.44128848284834,18.045581982314637,0.6324816880276873,32.922592282763546,11.706082972053347
71.0542439152462,2.0437225316798804,2135.159709079906,182.44128848284834,17.077321667103522,0.5921186992937184,31.156085687824305,10.443267511940782
76.88629000284133,3.4252091845476067,2135.159709079906,182.44128848284834,16.10093908913445,0.6407190833570111,29.374760732055474,10.565713857610515
84.43213630725946,3.5215037791058235,2135.159709079906,182.44128848284834,15.114047447023035,0.7036011358938288,27.57426290425787,10.775510195756713
74.80679842013093,3.208248813543416,2135.159709079906,182.44128848284834,14.140560967058686,0.6233899868344244,25.798221627004583,9.055168506715075
83.17314512274146,-5.515184099451136,2135.159709079906,182.44128848284834,13.155422715962537,0.6931095426895122,24.000922708367373,9.255704985977744
80.01474974195914,-5.53147899456972,2135.159709079906,182.44128848284834,12.174683147042579,0.6667895811829928,22.21164880216867,8.277377740139599
72.8327181752148,-4.689994215985592,2135.159709079906,182.44128848284834,11.203945959215789,0.6069393181267899,20.440623368915308,7.005104374376952
73.1564220132813,-2.202545302550353,2135.159709079906,182.44128848284834,10.23275795059831,0.6096368501106775,18.668775452402663,6.423335409410733
82.52315010121056,-0.8415186820708038,2135.159709079906,182.44128848284834,9.248524944467126,0.687692917510088,16.87312807434346,6.462031919378355
91.04618973763868,-0.8582645844796339,2135.159709079906,182.44128848284834,8.252421941702892,0.7587182478136557,15.055824921484048,6.285758700106794
96.88985528186986,-1.0142063402249821,2135.159709079906,182.44128848284834,7.248180493818888,0.8074154606822488,13.223673884485656,5.827575634182389
97.39462959945486,-1.1915435612089313,2135.159709079906,182.44128848284834,6.243236049151368,0.8116219133287905,11.39024029109743,5.042216228432359
99.97804210399057,-1.820008968965427,2135.159709079906,182.44128848284834,5.234693698215813,0.8331503508665881,9.550242631155394,4.324346803386054
92.11280842240465,-4.694700331277331,2135.159709079906,182.44128848284834,4.237105220698792,0.7676067368533721,7.730229359016911,3.260292781508688
94.215729567769,-3.137877843774734,2135.159709079906,182.44128848284834,3.2365880149369373,0.7851310797314084,5.904872877332392,2.539832226951249
85.56620546769796,-3.3264551657685066,2135.159709079906,182.44128848284834,2.2481169601171134,0.7130517122308163,4.101493548639103,1.6217203729843568
88.39388964939101,6.7903548402475655,2135.159709079906,182.44128848284834,1.255707803030046,0.7366157470782584,2.290929495427683,0.9320491803561872
84.8044331341395,7.013888031295554,2135.159709079906,182.44128848284834,0.2682976649042901,0.7067036094511625,0.48948571682078157,0.19202449000076208
71.47191704341297,-0.1343679955810615,1257.9329704832828,106.50274986974492,39.93481902733581,0.5955993086951081,42.53168041961876,11.65089966289927
62.43058615546775,-0.1089167225162182,1257.9329704832828,106.50274986974492,37.91078303483729,0.5202548846288979,40.376026429254445,9.744525357789456
57.5264955783403,6.460779683157411,1257.9329704832828,106.50274986974492,35.89621216245985,0.47938746315283587,38.23045305209756,8.54186582428338
63.97098212745924,4.982348885463271,1257.9329704832828,106.50274986974492,33.8692031349654,0.533091517728827,36.071632697708004,8.907402314731007
72.59723588972975,6.4012542455528445,1257.9329704832828,106.50274986974492,31.825545041396264,0.6049769657477478,33.89508063012127,9.421204913384805
81.57236781802237,6.460682088412824,1257.9329704832828,106.50274986974492,29.7645645308636,0.6797697318168531,31.70007971212447,9.817196206072452
81.97352482143253,5.3723863961604215,1257.9329704832828,106.50274986974492,27.70280976888411,0.6831127068452711,29.5042541950459,9.178657771243842
83.70566396987405,2.9198479074005266,1257.9329704832828,106.50274986974492,25.637711898768952,0.6975471997489504,27.304868175871725,8.659886972794846
77.32069509479103,2.773289821435176,1257.9329704832828,106.50274986974492,23.584937311925508,0.6443391257899252,25.118606792256163,7.403003713497965
86.814511651628,2.000411511318881,1257.9329704832828,106.50274986974492,21.513839222955664,0.7234542637635666,22.912830375003544,7.514988690619067
95.47326662581763,1.2808351063498613,1257.9329704832828,106.50274986974492,19.426029339078926,0.7956105552151469,20.689255436622492,7.4027592777709135
94.05665293919401,1.4521728655141042,1257.9329704832828,106.50274986974492,17.34095358470045,0.7838054411599501,18.468592421342084,6.518676238044826
96.91515639723582,1.2828917214930693,1257.9329704832828,106.50274986974492,15.250360787320547,0.8076263033102985,16.242053603553664,5.891435444649078
97.93563227919319,1.9552835629478214,1257.9329704832828,106.50274986974492,13.157798424605033,0.8161302689932766,14.013417144522336,5.13173598023474
88.04752398980982,-1.4351423596162411,1257.9329704832828,106.50274986974492,11.084320565174565,0.7337293665817485,11.805106206288562,3.9223430673662856
83.59685334832977,-2.843378755093164,1257.9329704832828,106.50274986974492,9.019432704558044,0.6966404445694148,9.605943853005423,3.0429263152291512
80.57289958231353,-1.8298076119399114,1257.9329704832828,106.50274986974492,6.960381213638579,0.6714408298526127,7.412997393942212,2.2697266963873197
72.83754514925864,-3.2291909691892764,1257.9329704832828,106.50274986974492,4.91625931215809,0.6069795429104887,5.235951358175772,1.4598291950993185
73.26454952669242,-3.0505252492835018,1257.9329704832828,106.50274986974492,2.8713132726114132,0.6105379127224368,3.0580275927061207,0.8572576382607223
69.08046801166971,-1.4484684471677056,1257.9329704832828,106.50274986974492,0.8344427026167929,0.5756705667639143,0.8887044243743023,0.23583437780668126
61.01911302825386,-0.7495588809663372,1309.9349915264092,137.09551288642226,70.81860935438003,1.0169852171375644,97.0891357134191,18.669573196206947
54.43002572100546,0.38242361877308073,1309.9349915264092,137.09551288642226,66.99519504611195,0.9071670953500909,91.84740625772612,15.895697298869049
57.08971086638059,0.8815465993790019,1309.9349915264092,137.09551288642226,63.157944208948585,0.9514951811063432,86.58670754177848,15.660816066906374
62.401862412420144,-0.30498583514963795,1309.9349915264092,137.09551288642226,59.2930578682029,1.0400310402070023,81.28812179045592,15.955610389262622
60.557912270320244,0.33861721832375835,1309.9349915264092,137.09551288642226,55.43776434315835,1.0092985378386707,76.00268735901905,14.51335783620986
68.52498704310003,0.10375427284237126,1309.9349915264092,137.09551288642226,51.54102355865299,1.1420831173850003,70.66043059464704,15.105991420610282
73.52938927485862,-0.6637637432014083,1309.9349915264092,137.09551288642226,47.61824828047693,1.2254898212476435,65.2824817076498,14.876120714337915
72.44958973630641,6.227777674426376,1309.9349915264092,137.09551288642226,43.701090463278256,1.2074931622717735,59.91223410759069,13.471187626534265
71.26882211079047,8.048742928611,1309.9349915264092,137.09551288642226,39.79007537519076,1.1878137018465078,54.550407913511776,12.084636766581447
64.71234515314652,6.095547558161517,1309.9349915264092,137.09551288642226,35.91316916763502,1.0785390858857753,49.23534346413769,9.990893400989078
58.49173024324685,7.339297147202615,1309.9349915264092,137.09551288642226,32.06862457930962,0.9748621707207809,43.96464534262579,8.13164947139625
53.57472317733625,4.957084930047753,1309.9349915264092,137.09551288642226,28.249659827178014,0.8929120529556042,38.72901602873929,6.605052255982095
51.209243328168135,6.176640082332661,1309.9349915264092,137.09551288642226,24.443001054324114,0.8534873888028023,33.51025766025924,5.4803423130880935
44.9041583011923,5.779500192319595,1309.9349915264092,137.09551288642226,20.669143341142497,0.748402638353205,28.3364680727691,4.0989466441675555
37.093526576559995,4.76862545511784,1309.9349915264092,137.09551288642226,16.935919020878153,0.6182254429426666,23.218385043702046,2.804604047361972
29.912225206009616,5.639244595395219,1309.9349915264092,137.09551288642226,13.24005411666804,0.4985370867668269,18.151520097685914,1.7859575982985023
33.05943546952281,5.182885760551743,1309.9349915264092,137.09551288642226,9.52781642268379,0.5509905911587135,13.062208791555111,1.414170545084852
38.436118395511286,4.849273185069902,1309.9349915264092,137.09551288642226,5.787607512333739,0.6406019732585214,7.934550202887045,0.9912689054847053
27.937824462699297,5.976704778283487,1309.9349915264092,137.09551288642226,2.1020140693840603,0.4656304077116549,2.8817669693668333,0.2655641983559656
42.72139609270044,0.6818174208058143,2367.0666364626427,159.2287192591383,34.94041902338449,0.35601163410583697,55.63518171471145,6.971350358807685
37.2127837798529,0.6168114777873819,2367.0666364626427,159.2287192591383,33.165360302093184,0.31010653149877415,52.80877844670166,5.794058937783937
44.242778601940245,-0.08175195342663821,2367.0666364626427,159.2287192591383,31.378468622527272,0.3686898216828354,49.96353371078075,6.474327533905394
39.661249197427956,-0.7627124685168394,2367.0666364626427,159.2287192591383,29.599288619520085,0.3305104099785663,47.13056817867771,5.498529097773351
48.72966587575878,0.06314430537346238,2367.0666364626427,159.2287192591383,27.804844565985547,0.4060805489646565,44.2732978944129,6.29220316063481
38.515348245445765,-0.18450378999453543,2367.0666364626427,159.2287192591383,26.027593355032238,0.3209612353787147,41.443403553194415,4.70043202991264
32.674406363379234,0.9423018147365716,2367.0666364626427,159.2287192591383,24.260173676437628,0.27228671969482693,38.62916383503424,3.73749550804856
34.59574496071949,-0.8630990948679664,2367.0666364626427,159.2287192591383,22.489519981313975,0.28829787467266244,35.809774633774246,3.661744151822082
32.824707254930345,0.2255916710730208,2367.0666364626427,159.2287192591383,20.72184731474094,0.2735392271244195,32.99513208609614,3.2066107069774463
41.75901642757945,-0.8463939033711569,2367.0666364626427,159.2287192591383,18.93913632874836,0.3479918035631621,30.156544215008203,3.6969897312323936
37.9753762108528,-0.19358448773349557,2367.0666364626427,159.2287192591383,17.162794004176405,0.3164614684237733,27.328097081934267,3.057610527928611
44.93892401038609,0.22366204020644287,2367.0666364626427,159.2287192591383,15.374730565629207,0.37449103341988405,24.48098656919466,3.220075202003398
41.74079489208985,-0.7882513635737414,2367.0666364626427,159.2287192591383,13.592050250309166,0.3478399574340821,21.642447534625784,2.6521065722659656
39.09183267155552,0.3516458502081472,2367.0666364626427,159.2287192591383,11.813828694948391,0.3257652722629627,18.811008126434896,2.164260752365614
42.545233790533885,-2.3122932186667517,2367.0666364626427,159.2287192591383,10.029794339951131,0.3545436149211157,15.97031307182973,1.9932349016939648
35.365168248274856,-2.5920205196689605,2367.0666364626427,159.2287192591383,8.257845543780101,0.29470973540229045,13.14886169775888,1.373441196754264
34.43520035568367,-0.9171905217445275,2367.0666364626427,159.2287192591383,6.487462078956852,0.28696000296403057,10.329902780745263,1.0515474045010669
35.737644869380134,-1.6709963787687228,2367.0666364626427,159.2287192591383,4.714886326375846,0.29781370724483447,7.507453112012496,0.7921567098339287
40.253291036892385,-2.2349589446106375,2367.0666364626427,159.2287192591383,2.934709792565936,0.3354440919741032,4.672900816675254,0.552996314061012
47.51395376007306,-0.8430098640373431,2367.0666364626427,159.2287192591383,1.1423120379409843,0.39594961466727546,1.8188888279563915,0.25234243352818947
46.14161164436383,6.03360647095181,1720.2759586045736,165.32767727296763,54.11587974453282,0.19225671518484927,89.46852701746849,28.674784879015917
46.683330980924225,6.746490030611071,1720.2759586045736,165.32767727296763,53.75263443281621,0.19451387908718426,88.86798198080444,28.783945993058047
39.299565226267816,6.078413628618293,1720.2759586045736,165.32767727296763,53.39501708331459,0.16374818844278258,88.27674152334828,24.448862258638123
45.982784149608705,6.5747205194013185,1720.2759586045736,165.32767727296763,53.032305733701804,0.19159493395670293,87.67707927382803,28.013242831985615
42.19925871404912,5.298691666768897,1720.2759586045736,165.32767727296763,52.6724782158489,0.17583024464187133,87.08218479637284,25.738483776475135
35.71066707173267,5.347523957717737,1720.2759586045736,165.32767727296763,52.31759635171861,0.14879444613221945,86.49546685334323,21.935659606615342
31.09130281956217,7.090412151159333,1720.2759586045736,165.32767727296763,51.966235402028516,0.12954709508150905,85.91456995637635,19.159997275145162
27.713361379976597,5.753694380072028,1720.2759586045736,165.32767727296763,51.61744914490291,0.11547233908323581,85.33792973882329,17.08894048576417
23.658538415445094,6.258057824438386,1720.2759586045736,165.32767727296763,51.27175350456976,0.09857724339768789,84.76639916622656,14.620456653070296
22.503181722371504,6.189596143550749,1720.2759586045736,165.32767727296763,50.92693848586377,0.09376325717654793,84.1963245049116,13.848224037294093
31.59829427768276,5.354694478745046,1720.2759586045736,165.32767727296763,50.57519110344214,0.13165955949034483,83.61478872768546,18.93036797026523
25.662249381903827,5.455507004661913,1720.2759586045736,165.32767727296763,50.22796821942552,0.10692603909126594,83.04073319858058,15.467522276118446
27.49080297949931,-6.939092890749094,1720.2759586045736,165.32767727296763,49.87935159799939,0.11454501241458045,82.46437343578926,16.38886558148411
28.679805876957378,-7.745898133864473,1720.2759586045736,165.32767727296763,49.529828709554124,0.11949919115398908,81.88651536278532,16.933868036840288
28.811324259196628,-7.823436533987007,1720.2759586045736,165.32767727296763,49.18020557680123,0.12004718441331928,81.30849155819597,16.886597754204953
26.994873972894162,-7.566264816727759,1720.2759586045736,165.32767727296763,48.83196695622225,0.11247864155372567,80.73275673542531,15.772384172957288
23.524973982163086,-7.8346461783005035,1720.2759586045736,165.32767727296763,48.48637311971235,0.09802072492567952,80.16139447272495,13.75218230222968
20.0,-7.908710397193318,1720.2759586045736,165.32767727296763,48.14346604508515,0.08333333333333333,79.59447417103912,11.699832988627676
22.918126875780953,-7.450336837574254,1720.2759586045736,165.32767727296763,47.79833475203863,0.09549219531575397,79.02387662070316,13.22501902861139
20.0,-6.268561010145415,1720.2759586045736,165.32767727296763,47.45542767741143,0.08333333333333333,78.45695631901732,11.532625792037136
25.448259934755477,-7.041046401910697,1720.2759586045736,165.32767727296763,47.108367897773114,0.10603441639481448,77.88317044659262,14.392645274419825
28.806197208992437,-7.5773277167393385,1720.2759586045736,165.32767727296763,46.758748672896736,0.12002582170413516,77.30515310280475,16.052484623252603
22.590353449878627,-6.188223431172769,1720.2759586045736,165.32767727296763,46.41386721123942,0.09412647270782762,76.73496859290165,12.667464305937218
24.121473521991042,-7.316711253479301,1720.2759586045736,165.32767727296763,46.06781871825977,0.10050613967496268,76.1628546572203,13.379912690128622
22.1809592545361,-7.667238857469055,1720.2759586045736,165.32767727296763,45.723249299960685,0.09242066356056708,75.59318604135343,12.263923656682753
28.91265880972856,-7.334763841344758,1720.2759586045736,165.32767727296763,45.37354892924542,0.12046941170720232,75.01503454103494,15.630880617581132
34.31496987998719,-6.057763375911988,1720.2759586045736,165.32767727296763,45.01973087609178,0.14297904116661328,74.43007537198358,18.1926215942615
30.605619616919494,-7.386004962038985,1720.2759586045736,165.32767727296763,44.66874011781942,0.1275234150704979,73.84979050388911,16.229231546605707
23.358214719912915,-6.7136187040441495,1720.2759586045736,165.32767727296763,44.32327338648296,0.09732589466630381,73.2786383812197,12.486881790875882
31.61635257922528,-7.727613585069694,1720.2759586045736,165.32767727296763,43.97151223988703,0.13173480241343866,72.6970798480039,16.467362961480404
31.777758925950515,-7.919239485886241,1720.2759586045736,165.32767727296763,43.61962806815044,0.13240732885812714,72.11531792018057,16.413237372359383
34.81431187006173,-7.845781402689454,1720.2759586045736,165.32767727296763,43.26542941274777,0.14505963279192388,71.52972951027125,17.719060215130227
25.200325079411968,-7.949786108814252,1720.2759586045736,165.32767727296763,42.918558610935136,0.10500135449754987,70.95625607049631,12.991888517802971
25.02101164760319,-7.775268477511506,1720.2759586045736,165.32767727296763,42.57182448317913,0.10425421519834661,70.3830085907646,12.800274895867053
20.0,-6.48647702068507,1720.2759586045736,165.32767727296763,42.22891740855193,0.08333333333333333,69.81608828907878,10.262478412084498
20.65484399535562,-6.039479662931047,1720.2759586045736,165.32767727296763,41.885511206868834,0.08606184998064842,69.2483427922248,10.497028196289964
26.000787853499283,-7.116944929519299,1720.2759586045736,165.32767727296763,41.5380302862636,0.108336616056247,68.67386065722144,12.950609291058468
27.84021852369296,-7.008406921439054,1720.2759586045736,165.32767727296763,41.18914733766169,0.11600091051538734,68.09706058189646,13.695076281796188
30.49989882591055,-1.5681580255035406,1720.2759586045736,165.32767727296763,40.83823716057742,0.12708291177462727,67.51690893680858,14.78965965943672
22.7936652851428,1.6982757441399032,1720.2759586045736,165.32767727296763,40.493200733098504,0.09497360535476167,66.94646822551206,11.146026795131364
20.0,1.6355392801994963,1720.2759586045736,165.32767727296763,40.150293658471305,0.08333333333333333,66.37954792382622,9.757330928532657
20.0,2.2129133626068604,1720.2759586045736,165.32767727296763,39.80738658384411,0.08333333333333333,65.8126276221404,9.673997595199324
25.864623981736948,1.674351814872708,1720.2759586045736,165.32767727296763,39.460009448373825,0.10776926659057061,65.23831707269001,12.2419579289555
20.0,0.8376175433910196,1720.2759586045736,165.32767727296763,39.117102373746626,0.08333333333333333,64.67139677100418,9.506244613615818
29.804632907565264,0.9546254695368839,1720.2759586045736,165.32767727296763,38.766722133614294,0.12418597044818859,64.09212125836996,13.740166989553716
36.66851895241816,2.1827327283044995,1720.2759586045736,165.32767727296763,38.411110187521615,0.15278549563507568,63.504196287789725,16.502990330826666
25.997464189210575,-2.6635969433790025,1720.2759586045736,165.32767727296763,38.06363180023849,0.10832276745504406,62.92971834106897,11.86594069412467
20.0,-1.0642638885868445,1720.2759586045736,165.32767727296763,37.72072472561129,0.08333333333333333,62.362798039383144,9.166896689290292
20.0,-1.6459169771359061,1720.2759586045736,165.32767727296763,37.37781765098409,0.08333333333333333,61.79587773769731,9.083563355956958
20.0,-2.525719734827005,1720.2759586045736,165.32767727296763,37.03491057635689,0.08333333333333333,61.228957436011484,9.000230022623624
20.0,-2.723506049192954,1720.2759586045736,165.32767727296763,36.692003501729694,0.08333333333333333,60.66203713432565,8.91689668929029
29.93888303722129,-1.7621039578878726,1720.2759586045736,165.32767727296763,36.34152093513114,0.12474534598842205,60.08259244772159,12.934839089988476
27.17255602829437,-2.8946998682459606,1720.2759586045736,165.32767727296763,35.993146883943005,0.11321898345122654,59.5066337206705,11.697505848993211
29.804452531325857,-1.2663563603872996,1720.2759586045736,165.32767727296763,35.64276678129481,0.1241852188805244,58.9273584353356,12.63286573863154
29.21325742827888,-1.6046934164236981,1720.2759586045736,165.32767727296763,35.29283729203444,0.121721905951162,58.348828138648265,12.276505848909162
33.732921032107676,-1.6835642029165334,1720.2759586045736,165.32767727296763,34.93946288092362,0.140553837633782,57.76460243268173,13.897088862036556
39.39493024863055,-1.3384298816656202,1720.2759586045736,165.32767727296763,34.58177284347925,0.1641455427026273,57.17324180193814,15.869728750537938
40.6242152772597,-2.9010193689516184,1720.2759586045736,165.32767727296763,34.2231458356701,0.16926756365524875,56.580332099853734,16.15290647408511
37.69525359966462,-1.2707469789938108,1720.2759586045736,165.32767727296763,33.86675130464833,0.15706355666526925,55.99111329978756,14.92512356280025
30.519460001671245,-1.2243695912663337,1720.2759586045736,165.32767727296763,33.51582621788766,0.12716441667363018,55.41093700487798,12.145100624393672
24.278238381407427,-0.9674805477152035,1720.2759586045736,165.32767727296763,33.16965823754414,0.10115932658919762,54.8386255235133,9.693040607551549
29.51364002837051,-0.9615571482830407,1720.2759586045736,165.32767727296763,32.81949979438958,0.12297350011821045,54.25971670267068,11.526007271124099
31.169587376792943,-1.2753260152486763,1720.2759586045736,165.32767727296763,32.468079175616694,0.12987328073663726,53.678721156195174,11.999113701633423
33.24834042597368,-2.443116572372711,1720.2759586045736,165.32767727296763,32.115074115516194,0.13853475177489033,53.09510608967498,12.603371236544321
38.146054262608146,6.440240054255549,1720.2759586045736,165.32767727296763,31.7583359808128,0.1589418927608673,52.50531921762294,14.149678827924541
30.18887877924218,5.873532951227646,1720.2759586045736,165.32767727296763,31.407662865565122,0.1257869949135091,51.9255595013632,11.265977793381012
34.62585335896153,7.4631191469915965,1720.2759586045736,165.32767727296763,31.053607854667817,0.14427438899567302,51.34020857557814,12.654079624487903
26.80399043938922,7.415462097363108,1720.2759586045736,165.32767727296763,30.70551472696466,0.11168329349745508,50.76471429279968,9.851653883171307
36.03433698455578,6.786535366542111,1720.2759586045736,165.32767727296763,30.35038615917394,0.15014307076898242,50.177588480338535,12.83169136550059
31.55106926306407,7.078398943299291,1720.2759586045736,165.32767727296763,29.998674772016333,0.13146278859610028,49.59611221324632,11.212913723346453
27.679576723639986,7.570993278841784,1720.2759586045736,165.32767727296763,29.64991426581182,0.11533156968183328,49.01951456909296,9.804926568155105
20.0,6.897306495147317,1720.2759586045736,165.32767727296763,29.30700719118462,0.08333333333333333,48.45259426740712,7.122193678624326
20.0,5.833230074745974,1720.2759586045736,165.32767727296763,28.96410011655742,0.08333333333333333,47.885673965721296,7.038860345290993
26.553159151656843,5.150645239565702,1720.2759586045736,165.32767727296763,28.616198174362665,0.11063816313190351,47.31049576550316,9.10039070738404
32.1511087298673,5.376957020407037,1720.2759586045736,165.32767727296763,28.264029432576148,0.13396295304111377,46.72826336462608,10.751473365924447
41.303303115669905,4.824220790031121,1720.2759586045736,165.32767727296763,27.904884818870197,0.17209709631529127,46.13449791673506,13.371632114388634
39.92657959909329,4.206498518379073,1720.2759586045736,165.32767727296763,27.546789554261878,0.16636074832955536,45.54246733333364,12.79744519754069
46.560942170905605,4.853871425108277,1720.2759586045736,165.32767727296763,27.18363752822377,0.19400392571210667,44.94207652371511,14.522106493925921
37.65449316215542,6.188719801220139,1720.2759586045736,165.32767727296763,26.827274065116363,0.1568937215089809,44.35290908751013,11.811061743860323
34.879739821013956,5.897699491149473,1720.2759586045736,165.32767727296763,26.47302554003364,0.1453322492542248,43.767238229217114,10.860692632098317
35.02040069404157,6.44569404388897,1720.2759586045736,165.32767727296763,26.118669802167517,0.1459183362251732,43.181390118519566,10.755273400954051
38.935404599629834,6.738103058785816,1720.2759586045736,165.32767727296763,25.761330018655265,0.16223085249845764,42.590608554466506,11.695542235300158
41.878438751596924,6.406377007995948,1720.2759586045736,165.32767727296763,25.401747032209027,0.17449349479832052,41.99611835510618,12.326611048645162
36.680074508033336,6.112966718698658,1720.2759586045736,165.32767727296763,25.046126278384282,0.15283364378347222,41.40817882290711,10.763968920871502
47.060270819343565,4.832969270926849,1720.2759586045736,165.32767727296763,24.682593660266246,0.19608446174726485,40.80715878924295,13.313449333529354
51.420879100764694,4.469674782607338,1720.2759586045736,165.32767727296763,24.315737353469874,0.2142536629198529,40.200643778287116,14.20102557339902
56.816051834057454,3.937632197419841,1720.2759586045736,165.32767727296763,23.94476880512965,0.2367335493085727,39.58733009390298,15.280352288552542
57.24405386050869,4.0500907446684025,1720.2759586045736,165.32767727296763,23.573474030401318,0.23851689108545288,38.97347706700872,15.143417361391423
53.10346496441528,5.028589927839512,1720.2759586045736,165.32767727296763,23.205335243908436,0.22126443735173032,38.36484176215916,13.947227607327862
56.54533097461485,5.43651186047058,1720.2759586045736,165.32767727296763,22.8345730410589,0.23560554572756187,37.75186922398193,14.510519145280446
55.724815168929666,-7.639192954864194,1720.2759586045736,165.32767727296763,22.464436241574617,0.23218672987054026,37.139930650662066,14.091935729124762
64.42737836343471,-7.686950001247174,1720.2759586045736,165.32767727296763,22.08766628247237,0.26844740984764465,36.51702562861601,15.73739269775421
61.5456250749502,-6.924623717131748,1720.2759586045736,165.32767727296763,21.713092817565553,0.25644010447895915,35.89775201940469,14.86519551533917
54.82568168158626,-7.140978579441855,1720.2759586045736,165.32767727296763,21.343641344439273,0.22844034033994276,35.28694648023425,13.197264180757136
48.23160901786604,-8.081246171248576,1720.2759586045736,165.32767727296763,20.979215923469507,0.20096503757444184,34.6844503963527,11.569140553156267
57.11494104583174,-6.829659435094426,1720.2759586045736,165.32767727296763,20.60801955950698,0.23797892102429893,34.07076006969175,13.21207515845774
61.70841460095651,-6.347369327939566,1720.2759586045736,165.32767727296763,20.233322015189767,0.25711839417065213,33.45128132287325,13.884156286007157
61.76179948097588,-6.382307601584874,1720.2759586045736,165.32767727296763,19.858583780512433,0.2573408311707328,32.83173530362749,13.637317954360842
71.20597106826932,-7.624488019443373,1720.2759586045736,165.32767727296763,19.47664712667998,0.2966915461177888,32.200288305192196,15.129620294940807
79.58656144735995,-6.369238080703513,1720.2759586045736,165.32767727296763,19.088322723349492,0.33161067269733313,31.558280588881797,16.30052472794671
82.17556693054283,-7.490473985121801,1720.2759586045736,165.32767727296763,18.698024960419325,0.3423981955439285,30.913010362980994,16.403296699982292
82.83279242097294,-7.594557930726763,1720.2759586045736,165.32767727296763,18.307226255239662,0.34513663508738723,30.266911940894627,16.168156096146912
84.3264721894509,-6.598984224137219,1720.2759586045736,165.32767727296763,17.915289056020832,0.35136030078937874,29.618931273057413,16.060535626621103
83.50157173254152,-6.220950321056153,1720.2759586045736,165.32767727296763,17.523980602181645,0.34792321555225636,28.971990095352318,15.581057911138394
83.55417446529214,-6.114879717676153,1720.2759586045736,165.32767727296763,17.132632054140913,0.3481423936053839,28.324982630835095,15.241133669590466
92.37653377403103,-5.438986462672686,1720.2759586045736,165.32767727296763,16.73455903697609,0.38490222405846264,27.666857757706072,16.180873141931063
101.21054367095839,2.0565276551180407,1720.2759586045736,165.32767727296763,16.329752670520566,0.4217105986289933,26.997600794592056,17.011663710840526
99.38779414665574,1.7344375713355158,1720.2759586045736,165.32767727296763,15.92633561756591,0.41411580894439887,26.330640751219065,16.348707397179876
97.77211675650958,1.0943821703208687,1720.2759586045736,165.32767727296763,15.524150046162198,0.4073838198187899,25.665716687690296,15.724799681829792
91.89498029617282,1.3486124706168297,1720.2759586045736,165.32767727296763,15.126444072707582,0.3828957512340534,25.008198639401932,14.56314854013677
93.00487023062223,2.560009891027309,1720.2759586045736,165.32767727296763,14.727892132733789,0.38752029262759263,24.34928197431691,14.320234068964528
88.90158401922851,2.174913919570787,1720.2759586045736,165.32767727296763,14.33246774860648,0.37042326674678544,23.69553602466829,13.426282589271128
80.06858696859796,2.2200681617273004,1720.2759586045736,165.32767727296763,13.943775941770747,0.33361911236915814,23.052920888676443,11.968119911346497
75.29074499513371,-2.9844857968049334,1720.2759586045736,165.32767727296763,13.55872584229537,0.3137114374797238,22.416326502876554,11.046685561632927
68.190468925827,-2.5907384080352878,1720.2759586045736,165.32767727296763,13.179087627048432,0.2841269538576125,21.788679459568243,9.863427525756752
69.55692004690874,-1.9961323755484368,1720.2759586045736,165.32767727296763,12.798407892401553,0.2898205001954531,21.159310496427658,9.743731119603654
62.46418611065624,-1.4241357577029774,1720.2759586045736,165.32767727296763,12.42313429331214,0.26026744212773434,20.53887937163446,8.615946854708845
64.33451173735949,-2.4385812346490576,1720.2759586045736,165.32767727296763,12.046435117856063,0.2680604655723312,19.91609137454651,8.572285835958512
66.50580725585775,-2.543427277647881,1720.2759586045736,165.32767727296763,11.66808096450094,0.2771075302327406,19.29056724093868,8.545731743543762
65.675314681667,-2.780132307775449,1720.2759586045736,165.32767727296763,11.290359818879631,0.2736471445069458,18.66608964431413,8.179512216109504
62.03569138513444,-1.3500977783805521,1720.2759586045736,165.32767727296763,10.915412821717297,0.2584820474380602,18.046198482900902,7.524898922093757
59.60155251128697,-2.791279928145041,1720.2759586045736,165.32767727296763,10.542321143651376,0.24833980213036236,17.429374677455776,7.017250988767817
63.45178769720799,-1.2061751790904294,1720.2759586045736,165.32767727296763,10.1662947871483,0.26438244873836664,16.80769903631507,7.147876376054942
59.60850140118589,-1.9750058648647368,1720.2759586045736,165.32767727296763,9.793197812585838,0.24836875583827453,16.19086647429524,6.5192819085238956
65.99081766088408,-2.33636218971089,1720.2759586045736,165.32767727296763,9.415236188202776,0.27496174025368364,15.565991299719546,6.8494512675285115
75.30020574639764,5.619326273499408,1720.2759586045736,165.32767727296763,9.03017887767109,0.3137508572766568,14.929384992047753,7.357934226255178
80.0274356033863,6.0047391926161175,1720.2759586045736,165.32767727296763,8.641518436717782,0.3334476483474429,14.286821712540773,7.41391121207723
86.93308416138883,-4.23916397430215,1720.2759586045736,165.32767727296763,8.247594458100108,0.3622211840057868,13.635556348470912,7.583832393996215
83.21617945134076,-5.324729179983888,1720.2759586045736,165.32767727296763,7.856503532420456,0.3467340810472532,12.988974805019392,6.965432725968351
75.84227354087562,-4.994382274969203,1720.2759586045736,165.32767727296763,7.471033053707837,0.31600947308698174,12.351685415990833,6.124767911157668
75.79598449592305,-3.561871890943419,1720.2759586045736,165.32767727296763,7.085597856856075,0.31581660206634604,11.714454357643323,5.805773466042608
82.5847722200069,-4.490648462339957,1720.2759586045736,165.32767727296763,6.694988194553174,0.34410321758336204,11.068668475754153,5.897875044478281
75.90225911460911,-4.365855603777449,1720.2759586045736,165.32767727296763,6.309471994381663,0.31625941297753796,10.43130349649959,5.175994960143357
67.86561641356249,-3.5021932441869867,1720.2759586045736,165.32767727296763,5.9300813841814195,0.28277340172317705,9.80406581286379,4.419901917486076
68.05172421728523,-5.3438152572986635,1720.2759586045736,165.32767727296763,5.550548921202788,0.2835488509053551,9.176593607324332,4.146817260766492
63.06748657313516,-5.043692710283883,1720.2759586045736,165.32767727296763,5.174815481928849,0.2627811940547298,8.555402239434892,3.6191726612938866
61.8751858697129,-1.3045900798186723,1720.2759586045736,165.32767727296763,4.799990823286738,0.2578132744571371,7.93571333745556,3.301547331487992
68.43712705195946,0.22885208333363316,1720.2759586045736,165.32767727296763,4.420164603346798,0.2851546960498311,7.307755470355144,3.3184404545765314
63.46518932365022,-0.26063602806056796,1720.2759586045736,165.32767727296763,4.044128032022484,0.2644382888485426,6.68606294128775,2.843931623209391
61.37462336320804,-1.3219502011503586,1720.2759586045736,165.32767727296763,3.66968490591627,0.25572759734670014,6.067004818188057,2.5062276179780176
54.48622469748908,-0.8583090758388006,1720.2759586045736,165.32767727296763,3.3004921694757967,0.22702593623953782,5.4566270423705125,2.0295559767799465
57.160485288862574,0.36297926432741634,1720.2759586045736,165.32767727296763,2.9292610913460826,0.23816868870359406,4.842879323583261,1.879309988030104
66.01277317413795,-0.8053923038839133,1720.2759586045736,165.32767727296763,2.5512827323044327,0.2750532215589081,4.2179764819852235,1.8565574399740223
58.991199943066306,-1.331963991598746,1720.2759586045736,165.32767727296763,2.1786562695914795,0.24579666642944295,3.6019218062774767,1.4371133076871943
50.119062062237774,-0.30573348494053465,1720.2759586045736,165.32767727296763,1.812792217607503,0.20882942525932405,2.997047267155606,1.0347131806601493
60.95908305721661,-0.8304244349501697,1720.2759586045736,165.32767727296763,1.4386658194716277,0.2539961794050692,2.378512783052548,0.9767170223945135
52.24073192567183,0.2089901956457949,1720.2759586045736,165.32767727296763,1.0711846146389747,0.21766971635696597,1.7709646426880064,0.6344935418958153
59.46043287015621,-0.29683231981943003,1720.2759586045736,165.32767727296763,0.6982004990329798,0.24775180362565088,1.1543186677594943,0.4637742619325904
77.74769744347144,-0.04979931861655906,2060.2149991257506,75.06017034732814,91.69510461803952,1.2957949573911907,68.82650172646122,20.894427311061598
84.79253210209224,0.4145578238113343,2060.2149991257506,75.06017034732814,85.95809303651683,1.413208868368204,64.52029106052433,21.174218957212346
79.0400792196328,-0.7531002683792898,2060.2149991257506,75.06017034732814,80.2622526489133,1.3173346536605466,60.244983562877216,18.56306349900324
73.65533418218097,-6.417191527267578,2060.2149991257506,75.06017034732814,74.6049517133787,1.2275889030363494,55.99860384360395,16.188675815289947
69.09044801316229,-6.693559776022213,2060.2149991257506,75.06017034732814,68.98032237333976,1.1515074668860381,51.77674747956493,14.122060580183376
70.61894980762004,-6.9155262989491035,2060.2149991257506,75.06017034732814,63.3447533098348,1.1769824967936673,47.54667974045678,13.229483139901305
72.52265709113857,-6.832265927907262,2060.2149991257506,75.06017034732814,57.69555911921683,1.2087109515189762,43.306384957727566,12.344637448864072
81.8303616246343,-7.688476948240233,2060.2149991257506,75.06017034732814,51.979748249397645,1.3638393604105719,39.01608758211018,12.40279432286457
83.84883202726957,5.597119115821775,2060.2149991257506,75.06017034732814,46.249490875093315,1.397480533787826,34.714946635617025,11.27920771680648
80.10875967118545,6.552981849806804,2060.2149991257506,75.06017034732814,40.546001776408175,1.3351459945197575,30.43389800240267,9.49152894463188
78.32578440096268,7.067451879549742,2060.2149991257506,75.06017034732814,34.8552737071662,1.3054297400160446,26.162427819626423,7.995657205914412
75.33860108160563,5.534625955098764,2060.2149991257506,75.06017034732814,29.18592537040119,1.2556433513600938,21.907005300467194,6.464078579716867
81.19456105365846,5.721992398820058,2060.2149991257506,75.06017034732814,23.474665023487006,1.353242684227641,17.620123555094004,5.562155597562989
79.24789482668521,6.771565351133816,2060.2149991257506,75.06017034732814,17.777337267480434,1.3207982471114201,13.343699636189863,4.121278765547921
80.09415712317394,5.7513310270578035,2060.2149991257506,75.06017034732814,12.073952681487217,1.3349026187195656,9.062729450380099,2.8259625157307564
74.25837882809903,-2.7274301142009745,2060.2149991257506,75.06017034732814,6.4123356622633825,1.2376396471349838,4.813110071337367,1.4017480905910364
81.99358538394077,-2.9761267900688217,2060.2149991257506,75.06017034732814,0.6953565747840207,1.3665597563990128,0.5219358295542321,0.16621476078658715
70.95525313577738,4.542950757402094,1869.1648518838138,55.93275416640463,49.68740011532875,0.2956468880657391,27.79153135818468,7.984470352828536
64.475409320693,3.3227850948278084,1869.1648518838138,55.93275416640463,47.85835605129271,0.26864753883622083,26.768496638252184,7.029371144594793
69.53891031148932,3.571304461963017,1869.1648518838138,55.93275416640463,46.02089758778857,0.28974545963120546,25.740755512950617,7.256951048996801
75.99985854620306,4.278383119272853,1869.1648518838138,55.93275416640463,44.17270248189245,0.31666607727584606,24.70700908785422,7.568463076754914
73.35737785337221,4.18983033768568,1869.1648518838138,55.93275416640463,42.32889858440661,0.3056557410557176,23.67571878656288,7.017053647912931
66.64978323350371,3.3569482916082016,1869.1648518838138,55.93275416640463,40.496241200114746,0.2777074301395988,22.65066303709445,6.136502747534945
71.25596742416099,4.92989615286809,1869.1648518838138,55.93275416640463,38.65592937399019,0.29689986426733744,21.621325947492927,6.23641060245444
69.86991369911131,3.8245329576050056,1869.1648518838138,55.93275416640463,36.81792085732445,0.29112464041296376,20.593277162308702,5.831639991410779
76.9147482774826,4.843065520142204,1869.1648518838138,55.93275416640463,34.96820541052542,0.3204781178228442,19.558680368672587,6.058523581560032
73.05752483352018,4.616091991904281,1869.1648518838138,55.93275416640463,33.124899801298106,0.3044063534730007,18.527668773727925,5.4702974412899925
79.5452039788717,2.956428640732216,1869.1648518838138,55.93275416640463,31.27081312891921,0.3314383499119654,17.490627033234166,5.590001189403074
76.57072108709669,3.013668197653952,1869.1648518838138,55.93275416640463,29.421669377911897,0.3190446711962362,16.456350004799813,5.076309955679127
76.9137603995633,4.207987152319406,1869.1648518838138,55.93275416640463,27.571955572743715,0.3204740016648471,15.421754129373044,4.777006535515994
79.32675633043311,4.892805309089602,1869.1648518838138,55.93275416640463,25.718231911210513,0.33052815137680464,14.384915430843204,4.585688701444079
72.82301227487389,3.9151093037038267,1869.1648518838138,55.93275416640463,23.875316009095393,0.3034292178119745,13.354121809819574,3.9309815783449666
79.7104053602734,-0.8846871921910839,1869.1648518838138,55.93275416640463,22.02095480918736,0.3321266890011392,12.316926518517823,3.944078861109601
73.38739219832628,-0.2943618575641864,1869.1648518838138,55.93275416640463,20.177101034612782,0.3057808008263595,11.285608319597053,3.34612765816627
83.90744357853167,-4.609974116501765,1869.1648518838138,55.93275416640463,18.315765301429156,0.34961434824388193,10.24451197974401,3.440246826129856
80.89492932508564,-4.823612358974534,1869.1648518838138,55.93275416640463,16.45943568918397,0.33706220552119015,9.206215701208736,2.9886145533823285
90.1877539725457,-5.136603346078925,1869.1648518838138,55.93275416640463,14.587663493059988,0.37578230821894043,8.159281960195598,2.9286608008681805
86.05490671980766,-4.752559278753273,1869.1648518838138,55.93275416640463,12.72275915926849,0.3585621113325319,7.116189603737373,2.4461841304470098
88.95473861636148,-3.5295798914279657,1869.1648518838138,55.93275416640463,10.853035957264602,0.3706447442348395,6.070401921568309,2.1514525424087303
93.51437819008949,-3.92341480799632,1869.1648518838138,55.93275416640463,8.975735660109821,0.3896432424587062,5.020376161395542,1.862959672119562
88.51241528417941,-4.252133838585321,1869.1648518838138,55.93275416640463,7.106747499970803,0.36880173035074754,3.974999608385776,1.4023527976550312
81.63132706742078,-4.647201446641988,1869.1648518838138,55.93275416640463,5.249194160351478,0.3401305294475866,2.93601886542666,0.9611628106999172
90.8508294738392,-4.652100542445823,1869.1648518838138,55.93275416640463,3.376320081922045,0.37854512280766334,1.8884688112924086,0.6824214797830663
87.38929294152273,-4.994111563140879,1869.1648518838138,55.93275416640463,1.5091982984381986,0.36412205392301134,0.8441361741489993,0.2943205896184571
73.62425742270155,-0.09978028262994076,2175.7779937673645,77.75945694547801,72.28654320232518,1.2270709570450258,56.20962343878641,20.77318533314669
81.39576500791317,-0.22246317427680617,2175.7779937673645,77.75945694547801,67.95076794788278,1.3565960834652195,52.83814814655558,21.260729686600605
73.17235791613149,0.16243095497876658,2175.7779937673645,77.75945694547801,63.68463257968827,1.2195392986021916,49.52082445168856,18.20521512913002
78.27289210163123,0.199194520088108,2175.7779937673645,77.75945694547801,59.375303360512376,1.3045482016938539,46.16991345286458,17.97447845927083
78.84358178328523,0.3802462353640159,2175.7779937673645,77.75945694547801,55.061141258314926,1.314059696388087,42.815244430448224,16.7711886690185
85.49187112727697,0.7780243802219189,2175.7779937673645,77.75945694547801,50.6906781474855,1.4248645187879494,39.416796049464814,16.52624605083201
78.02964418948105,-0.46645587275215217,2175.7779937673645,77.75945694547801,46.383408872167806,1.300494069824684,36.06748685179835,14.00454541399869
71.0989943551855,-0.7871764741943108,2175.7779937673645,77.75945694547801,42.134831774033785,1.1849832392530917,32.76381637237939,11.751950897373971
78.29498095579915,0.49459511511971366,2175.7779937673645,77.75945694547801,37.825315495494976,1.3049163492633191,29.412759917210636,11.453460067413934
68.60975348009505,0.4223201750555323,2175.7779937673645,77.75945694547801,33.597818522599816,1.1434958913349176,26.12548122870084,9.087875800913512
59.64985671599062,0.028163841532370615,2175.7779937673645,77.75945694547801,29.446198395454957,0.9941642785998437,22.897203963393835,7.051309534299284
66.2235670255208,0.2820497152707093,2175.7779937673645,77.75945694547801,25.23890883189854,1.1037261170920132,19.625638446648594,6.6210899972198165
71.39146979275137,-0.9945837003590958,2175.7779937673645,77.75945694547801,20.987854906827085,1.1898578298791893,16.3200420000536,5.874440534846147
77.81773640086504,-0.007914547966833885,2175.7779937673645,77.75945694547801,16.68238017167134,1.2969622733477508,12.972128227071735,5.0253268322847635
67.27317625205406,0.9729748031434591,2175.7779937673645,77.75945694547801,12.466201997065431,1.1212196042009008,9.693650974644413,3.3151706332583206
63.822996184121514,0.37437999293735325,2175.7779937673645,77.75945694547801,8.279241656963382,1.063716603068692,6.437893351658521,2.1033795632072434
70.56233421295715,-0.3806622591974149,2175.7779937673645,77.75945694547801,4.035209262848197,1.176038903549286,3.137756809404384,1.118173151470794
63.10453914267292,-0.3925299075498012,2342.3704807800086,71.46675718244916,93.68151978751821,0.2629355797611372,66.95114427137369,12.467653622385999
55.36171358817931,-0.7906791193070377,2342.3704807800086,71.46675718244916,91.74881188577221,0.2306738066174138,65.56990060818687,10.950463684241472
54.63454964448512,-0.7172328915673196,2342.3704807800086,71.46675718244916,89.82014052379797,0.22764395685202132,64.19154172907731,10.60160512411606
47.39507122044873,-0.6056340360638675,2342.3704807800086,71.46675718244916,87.93165603142701,0.19747946341853637,62.84190310248635,9.195043073289128
40.08663111628388,0.8474627917535522,2342.3704807800086,71.46675718244916,86.08374121994554,0.16702762965118284,61.521258311226376,7.780858272328129
47.32083609558972,0.3116415346547856,2342.3704807800086,71.46675718244916,84.19566881213481,0.1971701503982905,60.171914188107465,8.792497900979594
47.4234070633981,0.36534230492551867,2342.3704807800086,71.46675718244916,82.30702702544525,0.19759752943082542,58.822163148367764,8.611302211803439
49.92353601726188,-0.9219871584743637,2342.3704807800086,71.46675718244916,80.40450684167025,0.20801473340525783,57.4624936682822,8.791140403075618
48.77740362694408,0.13899451703715182,2342.3704807800086,71.46675718244916,78.50834892188998,0.20323918177893366,56.107371091957056,8.414896476317148
55.51409089700202,-0.6727675917234475,2342.3704807800086,71.46675718244916,76.57479516265515,0.23130871207084175,54.72552292185258,9.160550701818462
58.684861596437855,0.9599108947165569,2342.3704807800086,71.46675718244916,74.62364022538283,0.2445202566518244,53.3310957605788,9.351892723451748
68.0133209972099,-0.5127704160356115,2342.3704807800086,71.46675718244916,72.62070233365156,0.28338883748837457,51.899661000979954,10.274855000188943
73.01323629191629,0.5613986083432574,2342.3704807800086,71.46675718244916,70.59000954961914,0.3042218178829845,50.44839071989398,10.575219057467933
80.62004709854902,0.2612705899661609,2342.3704807800086,71.46675718244916,68.51709080729557,0.33591686291062095,48.966942915728126,11.103207149330808
78.40250949219616,-0.3792582217837599,2342.3704807800086,71.46675718244916,66.45648177699918,0.3266771228841507,47.49429246356658,10.535629003232332
83.784816437009,0.8815017184689222,2342.3704807800086,71.46675718244916,64.365995170628,0.34910340182087085,46.00028947665966,10.748879139990112
76.75618289360703,0.4748628828542443,2342.3704807800086,71.46675718244916,62.31452501864116,0.3198174287233626,44.534170284468814,9.714628869583162
72.46336833766296,-2.887627256286901,2342.3704807800086,71.46675718244916,60.28688459148892,0.30193070140692896,43.08508142386274,8.977164346595533
75.62126703419783,-4.19773902763176,2342.3704807800086,71.46675718244916,58.24171443972052,0.31508861264249094,41.62346463753049,8.97299473340338
79.7426727959027,-1.7413517705471169,2342.3704807800086,71.46675718244916,56.1736660657617,0.3322611366495946,40.14549752769775,9.025091662172311
72.22582779557948,-2.5247958700079423,2342.3704807800086,71.46675718244916,54.14734424338056,0.3009409491482478,38.697351031161645,8.04173995980132
75.97925692086578,-1.802771276676485,2342.3704807800086,71.46675718244916,52.10018686379654,0.31658023717027406,37.23431403755175,8.056971915519185
67.82370574780705,6.092290855619185,2342.3704807800086,71.46675718244916,50.09830154006207,0.2825987739491961,35.80363151416734,7.0721926097883285
75.00234469815841,5.9758933540826416,2342.3704807800086,71.46675718244916,48.05656707105368,0.31250976957566,34.34447009889075,7.355582682240819
69.6664055162646,7.4839281072860615,2342.3704807800086,71.46675718244916,46.044452787306405,0.29027668965110254,32.90647726949171,6.64258061276928
78.45235099771277,7.143251403138269,2342.3704807800086,71.46675718244916,43.98356708319932,0.3268847958238032,31.433629087529695,6.976398214098678
70.3356393633293,7.481737306156792,2342.3704807800086,71.46675718244916,41.96773783384668,0.2930651640138721,29.99298129268205,6.101351081951625
64.33872681471291,5.753340833098353,2342.3704807800086,71.46675718244916,39.985197880835244,0.2680780283946371,28.57612427841833,5.406777803686414
60.44562087691816,6.309662052415338,2342.3704807800086,71.46675718244916,38.02426884113967,0.25185675365382565,27.174711883098965,4.883740674204353
52.67012502205698,7.515797506567379,2342.3704807800086,71.46675718244916,36.106502142667836,0.21945885425857073,25.804146213376224,4.131832927242206
56.087002992947525,5.886107865079359,2342.3704807800086,71.46675718244916,34.169768106851556,0.233695845803948,24.420025202729555,4.123092128801184
65.55117174810302,6.115985442986657,2342.3704807800086,71.46675718244916,32.18049778411106,0.27312988228376256,22.998358211474084,4.418431960266946
55.98019206795942,-5.9124124406826155,2342.3704807800086,71.46675718244916,30.244356663483323,0.23325080028316425,21.61466093808551,3.6435982484167826
65.41532310062689,-5.388058642999065,2342.3704807800086,71.46675718244916,28.25584044643417,0.27256384625261204,20.193532881713367,3.8729986133122165
63.47552865541207,-5.610204133338457,2342.3704807800086,71.46675718244916,26.278092168987985,0.2644813693975503,18.780100322590833,3.514130630912962
57.063029533759234,-5.799345294835411,2342.3704807800086,71.46675718244916,24.33594013908049,0.23776262305733015,17.39210724726283,2.9792605691684897
49.129034285639875,-6.004350675349074,2342.3704807800086,71.46675718244916,22.437830292020113,0.20470430952349947,16.03558969180804,2.4198391701338346
59.912130930163926,-5.441836093682811,2342.3704807800086,71.46675718244916,20.479862693697676,0.24963387887568303,14.63629374260391,2.611109380691206
57.56102764540701,-5.883120004671242,2342.3704807800086,71.46675718244916,18.534946240166924,0.23983761518919586,13.246325023357585,2.285639208733907
65.42880190532175,-5.865340768268501,2342.3704807800086,71.46675718244916,16.54635520129568,0.2726200079388406,11.82514349425553,2.268373636490158
67.25598463469349,-6.785325520536496,2342.3704807800086,71.46675718244916,14.547621338620605,0.2802332693112229,10.396713217894149,2.0396549858654693
58.86713541170255,5.449498052400823,2342.3704807800086,71.46675718244916,12.59545458618466,0.24527973088209395,9.001562945134246,1.582554209255943
53.91015158351324,5.616580454098218,2342.3704807800086,71.46675718244916,10.670804410366665,0.22462563159797183,7.626077877370821,1.2453879725536698
54.60803193318644,6.896039670847372,2342.3704807800086,71.46675718244916,8.742280250130417,0.22753346638827682,6.247824198569914,1.0314422657822804
61.62757054870752,5.790095725067444,2342.3704807800086,71.46675718244916,6.774790122113877,0.256781543952948,4.841722806191675,0.8841930349441416
66.1716320228165,4.993786233106995,2342.3704807800086,71.46675718244916,4.782075579404285,0.27571513342840204,3.417594342614059,0.6616555347899148
56.046368246962714,5.8873380384193155,2342.3704807800086,71.46675718244916,2.845567110009041,0.23352653436234463,2.033634536973797,0.34315131381966363
57.36672935997705,-0.800877763079467,2342.3704807800086,71.46675718244916,0.9017292203475835,0.23902803899990438,0.6444366323489994,0.11088299512781602
58.86799300660997,-0.5754449694289712,1790.1464829622178,88.26595866098381,90.53536150408597,0.2452833041942082,79.91190475876877,13.729908778685898
59.16930897936238,-0.48321470425925983,1790.1464829622178,88.26595866098381,88.91742058914309,0.2465387874140099,78.48381369962615,13.549068973759608
65.50090389125516,0.5638651595764177,1790.1464829622178,88.26595866098381,87.28820236042161,0.2729204328802298,77.04576861136563,14.622187226715567
58.77089664748112,0.8013012859052453,1790.1464829622178,88.26595866098381,85.67097106460983,0.24487873603117136,75.61830390435192,12.972169882684705
62.83669649694559,2.0126832303728044,1790.1464829622178,88.26595866098381,84.04649810199822,0.2618195687372733,74.1844472707143,13.545942834017163
64.2944601928243,1.088866125165934,1790.1464829622178,88.26595866098381,82.41942869112323,0.26789358413676795,72.74829885712586,13.57018699202021
60.228161361734585,1.9908479521806892,1790.1464829622178,88.26595866098381,80.79960183579291,0.2509506723405608,71.31854315462049,12.51782827208835
66.20641742780418,2.632489251407648,1790.1464829622178,88.26595866098381,79.16912700464543,0.27586007261585077,69.87938891418212,13.394626342723129
61.36428036730332,-1.9829000808820982,1790.1464829622178,88.26595866098381,77.54727658800175,0.2556845015304305,68.4478470958844,12.225317795014433
60.55483049064241,-2.3708363009582216,1790.1464829622178,88.26595866098381,75.92686789660647,0.25231179371101004,67.01757783019845,11.822476842774762
69.27444164118587,-3.330880019292754,1790.1464829622178,88.26595866098381,74.29092855419191,0.28864350683827444,65.57360028650405,13.107817379404848
67.54312699017336,-2.9577439497058258,1790.1464829622178,88.26595866098381,72.65807288640288,0.281429695792389,64.13234457777986,12.522931299230809
65.77183569832813,-3.0160205775335287,1790.1464829622178,88.26595866098381,71.0283720963294,0.27404931540970057,62.693873552115875,11.944080082815073
67.99730919905922,-3.288496409138518,1790.1464829622178,88.26595866098381,69.39470747671173,0.28332212166274673,61.25190381430502,12.034940047283927
67.74393281365937,-2.0207163193341624,1790.1464829622178,88.26595866098381,67.76149415017929,0.28226638672358073,59.81033241466222,11.711141344512061
61.539984352343275,-2.607606358293598,1790.1464829622178,88.26595866098381,66.13933078411306,0.25641660146809697,58.37851436855657,10.45469450106183
56.12093394142046,-2.652001505713196,1790.1464829622178,88.26595866098381,64.52681938294926,0.2338372247559186,56.95521572180168,9.357312051217278
55.30330707067956,-2.4271415815031765,1790.1464829622178,88.26595866098381,62.91576427122018,0.23043044612783148,55.533202482877236,8.998889934889327
48.44101178531019,3.790082051481275,1790.1464829622178,88.26595866098381,61.316931712931655,0.20183754910545912,54.12197759791993,7.740685008849761
46.32147288353366,3.446764128146562,1790.1464829622178,88.26595866098381,59.721874302231356,0.19300613701472358,52.71408488317225,7.2265036838340775
52.52277313938728,2.8163377747150475,1790.1464829622178,88.26595866098381,58.11577164782963,0.21884488808078034,51.29644297818505,7.9187588085613845
60.58363683618465,4.256032325323404,1790.1464829622178,88.26595866098381,56.49531164895148,0.25243182015076937,49.86612842545748,8.800719770560724
55.301240113030886,4.417268926140105,1790.1464829622178,88.26595866098381,54.88426021871661,0.23042183380429535,48.44411843603918,7.8498623006375
46.575832293385886,3.8133131895685057,1790.1464829622178,88.26595866098381,53.288749764049136,0.19406596788910785,47.03582583769072,6.481645275534066
49.64197932687732,4.419597386191933,1790.1464829622178,88.26595866098381,51.68777814159232,0.2068415805286555,45.622712887238905,6.677933309283128
40.295702963772925,4.422172257342959,1790.1464829622178,88.26595866098381,50.103453334460056,0.16789876234905385,44.22429340791983,5.309711598530282
46.255750299940765,0.33124589278068806,1790.1464829622178,88.26595866098381,48.508512983396045,0.19273229291641986,42.81650401698232,5.861759611899508
43.76870159743506,0.6355502321800226,1790.1464829622178,88.26595866098381,46.91800235801586,0.18236958998931274,41.41262456588569,5.379666577897711
38.122746621274324,0.878174852890282,1790.1464829622178,88.26595866098381,45.33754784120421,0.15884477758864302,40.01762123542107,4.556684565512749
37.01239444332123,-0.16014310546323518,1790.1464829622178,88.26595866098381,43.75907099196129,0.1542183101805051,38.62436351219511,4.275292340642015
36.82769804809979,-0.01016208665694407,1790.1464829622178,88.26595866098381,42.18092310867902,0.15344874186708246,37.23139615392799,4.101396105133729
39.0639823092624,-0.11885309034189495,1790.1464829622178,88.26595866098381,40.59879214061918,0.16276659295526,35.83491308769767,4.176725699852088
29.341085936662783,-4.551864581085938,1790.1464829622178,88.26595866098381,39.03397879233073,0.12225452473609492,34.453715584575825,3.049616448527079
37.3165902520724,-4.830346629511949,1790.1464829622178,88.26595866098381,37.45496013464409,0.15548579271696833,33.059979628932915,3.688185785119024
31.504876777034273,-4.686202473630194,1790.1464829622178,88.26595866098381,35.88629282087021,0.13127031990430946,31.6753803862289,3.0030619605645823
31.97977028229938,-4.928130757124941,1790.1464829622178,88.26595866098381,34.31677966601762,0.13324904284291408,30.290034553788008,2.9134372208415633
24.592401042048373,-5.125875440947702,1790.1464829622178,88.26595866098381,32.76042428295553,0.10246833767520155,28.916302554756435,2.1569021152509156
20.204269609072796,-5.3539858834894485,1790.1464829622178,88.26595866098381,31.211884677080715,0.08418445670446999,27.549469226386005,1.6967958354402062
28.453810527013772,-5.045120713973221,1790.1464829622178,88.26595866098381,29.648651670450544,0.11855754386255739,26.169666626978962,2.2485907769197473
20.0,-4.963421239672925,1790.1464829622178,88.26595866098381,28.10047589272787,0.08333333333333333,24.803154435014907,1.5125584304377777
20.0,-4.8210598897638794,1790.1464829622178,88.26595866098381,26.5523001150052,0.08333333333333333,23.436642243050848,1.4292250971044445
20.0,-7.990514191802779,1790.1464829622178,88.26595866098381,25.004124337282526,0.08333333333333333,22.070130051086785,1.3458917637711107
20.0,-7.406187736817973,1790.1464829622178,88.26595866098381,23.455948559559854,0.08333333333333333,20.703617859122726,1.2625584304377773
20.0,-7.939970576672429,1790.1464829622178,88.26595866098381,21.90777278183718,0.08333333333333333,19.33710566715867,1.179225097104444
20.0,-7.243837266596735,1790.1464829622178,88.26595866098381,20.35959700411451,0.08333333333333333,17.97059347519461,1.0958917637711107
22.78591713343787,-7.349040322568938,1790.1464829622178,88.26595866098381,18.806459180949552,0.09494132138932446,16.59970148625173,1.1496147081495092
30.151440932646764,-7.328592010431396,1790.1464829622178,88.26595866098381,17.24020249528893,0.1256310038860282,15.217230007561628,1.3828537598663233
39.38206072677367,-8.595418706156016,1790.1464829622178,88.26595866098381,15.65750499222956,0.16409191969489031,13.82024688378282,1.623348774380987
38.74893204849924,-8.475364916487498,1790.1464829622178,88.26595866098381,14.075935165666632,0.1614538835354135,12.424259114474191,1.4369358587400607
47.97012728720163,-8.468670427203834,1790.1464829622178,88.26595866098381,12.477941307944475,0.1998755303633401,11.013774516612093,1.5607288630778144
55.34768677833665,-8.69740970808125,1790.1464829622178,88.26595866098381,10.86680715074651,0.23061536157640272,9.591691507446747,1.5554587115258571
56.48110250115812,-8.694784749257156,1790.1464829622178,88.26595866098381,9.253654247099078,0.23533792708815882,8.167826632374846,1.3499872228967547
65.7351774139543,-7.704194822270752,1790.1464829622178,88.26595866098381,7.624018749733244,0.2738965725581429,6.7294132379452005,1.281386302670958
65.19244071273486,-8.295186761082771,1790.1464829622178,88.26595866098381,5.995349930141964,0.2716351696363953,5.291853090920428,0.9999257526845474
60.8970368432269,-7.210414557103121,1790.1464829622178,88.26595866098381,4.374331729062499,0.2537376535134454,3.861045835668604,0.6847132671814582
52.3198456771608,-7.210229981617653,1790.1464829622178,88.26595866098381,2.768590512291842,0.21799935698817,2.443722957071437,0.37587062294943446
46.35846196491699,-2.820299864277475,1790.1464829622178,88.26595866098381,1.1734672196955982,0.19316025818715413,1.0357720910367127,0.14210013243655734
74.87156293178874,0.7924724982922662,2310.7916081410244,40.78151456324031,87.66759384455376,0.31196484554911974,35.75217255095905,6.225322805490179
81.2385843046754,-3.035498489190428,2310.7916081410244,40.78151456324031,83.21231820929776,0.3384941012694808,33.93524366893463,6.322140575077524
75.2194943628499,-3.8034779598713206,2310.7916081410244,40.78151456324031,78.81570792716315,0.31341455984520794,32.142239406436985,5.618417104025679
78.62745629687865,-3.774352616200054,2310.7916081410244,40.78151456324031,74.38588177814228,0.32761440123699437,30.335689210347812,5.5013188552824905
72.9603030573004,-2.1760686097695867,2310.7916081410244,40.78151456324031,70.01129081404241,0.3040012627387516,28.55166475924123,4.8652596295521855
73.15966934011033,-1.9233395860591165,2310.7916081410244,40.78151456324031,65.63475671676218,0.304831955583793,26.766847868993718,4.571556121697006
67.20483004148512,-3.2953126189898807,2310.7916081410244,40.78151456324031,61.31626175058173,0.2800201251728547,25.005700215448037,3.975872943002517
61.25884708793073,-2.0573785190831724,2310.7916081410244,40.78151456324031,57.05571959670271,0.25524519619971137,23.268186596490867,3.418156144639244
64.22028926394005,-2.0102253839202504,2310.7916081410244,40.78151456324031,52.76631360249512,0.2675845385997502,21.518901866286598,3.2917027900833493
54.958878232199346,-2.747269762859162,2310.7916081410244,40.78151456324031,48.56717440174478,0.22899532596749728,19.806429301601867,2.6485561449023924
58.17300223111129,-1.2530719438241398,2310.7916081410244,40.78151456324031,44.336708584978645,0.24238750929629704,18.08118126844448,2.5403028483808248
61.90330791279297,-1.9102534247640361,2310.7916081410244,40.78151456324031,40.069885162298384,0.25793044963663736,16.341106052936382,2.4222337024455127
53.377569291944354,-2.2938709987497745,2310.7916081410244,40.78151456324031,35.886158266110805,0.22240653871643482,14.634918859481443,1.9077048874936968
63.14300221516188,-1.91686152477215,2310.7916081410244,40.78151456324031,31.607252102565404,0.2630958425631745,12.889916119247788,1.9434257974334468
67.57383632049854,-1.9313118254609851,2310.7916081410244,40.78151456324031,27.285160598723685,0.2815576513354106,11.127301743172005,1.777460224444028
73.28058302607678,-1.2053635409085313,2310.7916081410244,40.78151456324031,22.907448010317225,0.30533576260865325,9.342004246394222,1.5977437911688843
63.595935989448535,-1.024790049491322,2310.7916081410244,40.78151456324031,18.62412730569237,0.2649830666227022,7.595201189447349,1.15216177049395
57.23206738630484,-0.7863896633496124,2310.7916081410244,40.78151456324031,14.402832356194924,0.23846694744293684,5.873693174860721,0.8136364569651934
48.36149579919916,-1.6038332884570394,2310.7916081410244,40.78151456324031,10.267994864481917,0.20150623249666316,4.18744382101146,0.5003981328368122
48.25669553228515,4.830021496737017,2310.7916081410244,40.78151456324031,6.134178813671961,0.20106956471785478,2.5016110262328324,0.29836757340105724
49.17846384061679,5.5156308483397165,2310.7916081410244,40.78151456324031,1.9913787031740755,0.20491026600256998,0.8121143958442015,0.09849713452146554
60.10358467197994,0.8087622693310468,1975.7398871380822,93.95232562703244,59.8390187268416,1.0017264111996655,56.22014972626314,11.480017905678404
70.06084425374722,0.579523547469269,1975.7398871380822,93.95232562703244,54.541376073546324,1.1676807375624536,51.2428912500826,12.021745974431617
72.39325275888561,-0.6572033753504951,1975.7398871380822,93.95232562703244,49.22588561398574,1.2065542126480935,46.248864344842396,11.173700735754403
63.64586060739973,0.5694468303587166,1975.7398871380822,93.95232562703244,43.9773310106881,1.0607643434566623,41.3177252332396,8.888082183086976
71.01697245776688,0.7598591272767472,1975.7398871380822,93.95232562703244,38.672371975673,1.183616207629448,36.33359284628154,8.628388260070924
80.35889059801877,0.5266152304244212,1975.7398871380822,93.95232562703244,33.29592771637309,1.3393148433003128,31.28229842862819,8.294279278513258
81.08859830099854,0.9638106445738857,1975.7398871380822,93.95232562703244,27.913899666032982,1.3514766383499757,26.225757909434428,7.009436392942021
88.873641371734,-0.9476833153531603,1975.7398871380822,93.95232562703244,22.47229974387561,1.4812273561955667,21.11324823124879,6.117058514669048
91.84446040883904,0.8716312482222919,1975.7398871380822,93.95232562703244,17.007966838835205,1.530741006813984,15.979380386960148,4.764496002562815
86.14790462738108,-4.814699378625289,1975.7398871380822,93.95232562703244,11.587224507119764,1.4357984104563513,10.886466900064466,3.0691218122626647
77.397749076839,-4.14852149464446,1975.7398871380822,93.95232562703244,6.23343917745322,1.2899624846139834,5.856461073763861,1.5019098065963212
76.54214359465476,-3.062199549767593,1975.7398871380822,93.95232562703244,0.886201020313238,1.275702393244246,0.8326064683147774,0.21142293073285592
46.50237258176635,0.2087614381656162,1374.837138444153,91.22979510464886,95.99367366456933,0.3875197715147196,87.57483179761186,12.12776725187861
41.378398486850216,0.48462049106744876,1374.837138444153,91.22979510464886,92.95071149256164,0.34481998739041847,84.79874364297727,10.532915413683481
47.38954851048669,-0.38957093974228174,1374.837138444153,91.22979510464886,89.87920281265538,0.39491290425405573,81.99661256767729,11.556033439524015
56.323576577119276,-0.1835249613074026,1374.837138444153,91.22979510464886,86.76526709270397,0.4693631381426606,79.15577539067515,13.078117760585346
50.985355897135335,-0.5156331088124646,1374.837138444153,91.22979510464886,83.67668218885369,0.42487796580946113,76.33806571125943,11.510895643427101
44.858629228199796,-0.4200252147117163,1374.837138444153,91.22979510464886,80.61719265786209,0.3738219102349983,73.5468996808876,9.850163777935027
48.09331214872473,0.30988220913464315,1374.837138444153,91.22979510464886,77.54234185636867,0.4007776012393727,70.7417195949115,10.106907869671238
43.50143241883154,-5.10179232154299,1374.837138444153,91.22979510464886,74.48929755287699,0.36251193682359617,67.9564335323819,8.844699534048633
51.281932145143294,-5.412279268122195,1374.837138444153,91.22979510464886,71.39930423030933,0.4273494345428608,65.13743895545608,9.874601367818395
52.71865473039207,-6.22181175814506,1374.837138444153,91.22979510464886,68.3024880182003,0.4393221227532672,62.31221987038146,9.689562431297702
56.13072379438755,-0.732407128561144,1374.837138444153,91.22979510464886,65.18946814188344,0.46775603161989626,59.4722182156506,9.795236822431196
56.54742005835562,-2.4195005246802914,1374.837138444153,91.22979510464886,62.07446940575708,0.47122850048629683,56.63041125117013,9.390456181350718
60.54002511308599,-1.9121650237299557,1374.837138444153,91.22979510464886,58.94051008284074,0.5045002092757166,53.77130658221051,9.488157505484141
69.15179547003962,-2.2982794012916243,1374.837138444153,91.22979510464886,55.76565409796307,0.5762649622503301,50.87489197233893,10.121968589030637
64.66862153269675,-3.0719775540282925,1374.837138444153,91.22979510464886,52.61208837529976,0.5389051794391395,47.99790042506275,8.990751872649613
71.50278565446862,-2.254376954599315,1374.837138444153,91.22979510464886,49.42606771151617,0.5958565471205719,45.09130030150121,9.243771196812302
76.75663977825084,-2.716402451494462,1374.837138444153,91.22979510464886,46.21509688218143,0.639638664818757,42.16193819302908,9.206238373181531
73.86566846863965,-2.5738381890130544,1374.837138444153,91.22979510464886,43.01785506227082,0.6155472372386638,39.24510103172449,8.28198907902887
83.3514471829792,-3.2991579001331486,1374.837138444153,91.22979510464886,39.77556597920287,0.6945953931914933,36.28716734454119,8.521117082069743
82.04470972870382,-3.414040126458337,1374.837138444153,91.22979510464886,36.53948249588091,0.6837059144058651,33.33489501329119,7.719905997640755
73.12819986376715,-3.2679895396506966,1374.837138444153,91.22979510464886,33.34574285995692,0.609401665531393,30.421252887261776,6.362745105663624
67.9195385815225,-2.5352968775875313,1374.837138444153,91.22979510464886,30.1767387721144,0.5659961548460208,27.5301769510651,5.389680050061944
68.25778353801253,-2.8642329222978824,1374.837138444153,91.22979510464886,27.006128383932655,0.5688148628167711,24.637635590360176,4.844962114922022
64.04804299738281,-2.6793890658381336,1374.837138444153,91.22979510464886,23.855509742940967,0.5337336916448567,21.76333265965459,4.041266408924074
55.27824352024702,-8.585502842671712,1374.837138444153,91.22979510464886,20.746538232541358,0.4606520293353918,18.92702432085512,3.0739860132317767
47.577393215014304,-8.313769275714385,1374.837138444153,91.22979510464886,17.674137491994383,0.3964782767917859,16.1240794204604,2.280760932038935
41.42477345097833,-7.019138072542294,1374.837138444153,91.22979510464886,14.630955088704066,0.3452064454248194,13.347790349277917,1.6596770518523118
42.52944188612775,-7.144606299804125,1374.837138444153,91.22979510464886,11.582526696528879,0.35441201571773123,10.56671537318455,1.3465911300911828
40.38892685105961,-8.476824170523093,1374.837138444153,91.22979510464886,8.5442634523063,0.33657439042549675,7.7949140407404345,0.9465210983818778
38.15488278814978,-7.536781297026281,1374.837138444153,91.22979510464886,5.5166095184880275,0.3179573565679148,5.032791560440184,0.5793418330026132
34.1909432337455,-8.759604885558618,1374.837138444153,91.22979510464886,2.507780041113918,0.2849245269478792,2.2878425931835062,0.2374770811296707
68.07177929649674,0.6223252077582644,2221.551029517655,113.99309073042367,33.20382779591043,0.2836324137354031,37.85006954536581,7.98110466281221
57.79214426706219,0.2932422673151107,2221.551029517655,113.99309073042367,32.05540328639309,0.24080060111275914,36.540944952261285,6.72134765176642
65.3271469419852,5.735824043753793,2221.551029517655,113.99309073042367,30.883835840652157,0.272196445591605,35.20543901086972,7.17540451693216
58.61336098625025,5.202881273773091,2221.551029517655,113.99309073042367,29.732889053840722,0.24422233744270938,33.89343919592086,6.3090976462697235
59.83591373086765,-4.838035377249659,2221.551029517655,113.99309073042367,28.578187330047935,0.24931630721194856,32.57715901225198,6.170431709875437
52.42627547722692,-5.5566802527929084,2221.551029517655,113.99309073042367,27.44624349937635,0.21844281448844552,31.28682125433709,5.2965832002298825
53.50348525799991,-5.5687566106688475,2221.551029517655,113.99309073042367,26.310991136733197,0.22293118857499963,29.992711998570005,5.166728314964036
59.26653590248403,-6.237221985153578,2221.551029517655,113.99309073042367,25.158038194638028,0.24694389959368346,28.678425305208368,5.388445469960846
51.81343542826973,-5.669642677823145,2221.551029517655,113.99309073042367,24.027976635118847,0.2158893142844572,27.39023320635603,4.59035470740717
57.37165794422994,-5.687155301996725,2221.551029517655,113.99309073042367,22.88084360333178,0.23904857476762473,26.082580808632336,4.768089577489095
50.29977507396306,-5.312419427063105,2221.551029517655,113.99309073042367,21.755431085963636,0.20958239614151275,24.799688296617326,4.0514525169407625
49.42703060505814,-6.122066593396756,2221.551029517655,113.99309073042367,20.63269910773459,0.20594596085440892,23.51985141401521,3.784715430894618
52.838278042149874,-5.947542450427422,2221.551029517655,113.99309073042367,19.499489856266848,0.22015949184229114,22.22807116382403,3.7883539799726185
52.34275005409727,-5.7969379828997685,2221.551029517655,113.99309073042367,18.367802564792918,0.21809479189207195,20.93802584286948,3.539778265660107
54.26064850090885,0.8755035862803267,2221.551029517655,113.99309073042367,17.23022465809922,0.22608603542045355,19.641265627562877,3.4243924389103766
63.255264517537775,2.2725596159425034,2221.551029517655,113.99309073042367,16.065020772516185,0.2635636021564074,18.313013705075782,3.6338316374590742
66.41888086232288,1.5960656018421016,2221.551029517655,113.99309073042367,14.890100185498268,0.27674533692634534,16.973685414306022,3.5072717579676835
73.17813973600086,1.6943123854792534,2221.551029517655,113.99309073042367,13.694419274459117,0.3049089155666702,15.610691788538807,3.4921946915266187
81.09209395958398,1.7730084134639572,2221.551029517655,113.99309073042367,12.47443151898017,0.3378837248315999,14.219990039535633,3.454876795165072
79.31867852038059,0.7036793613072092,2221.551029517655,113.99309073042367,11.25989061497269,0.33049449383491913,12.835497324872279,3.0639823139369864
74.2398375915911,1.456159944190596,2221.551029517655,113.99309073042367,10.060948815142826,0.30933265663162957,11.468786511187247,2.595772393342704
73.72652969793165,1.396784781009746,2221.551029517655,113.99309073042367,8.86358358434134,0.3071938737413819,10.103872877265163,2.2740250898063397
72.87321802912855,0.7921555045450661,2221.551029517655,113.99309073042367,7.66883920695981,0.3036384084547023,8.74194683516,1.9489977735653305
78.47704244225824,2.217649651758881,2221.551029517655,113.99309073042367,6.456883296073075,0.32698767684274266,7.360400834050151,1.7420776198722303
70.92347939080427,1.203524988353842,2221.551029517655,113.99309073042367,5.268127327575536,0.29551449746168446,6.005301164317425,1.3096110901048021
66.18499013103157,-6.2960121998954595,2221.551029517655,113.99309073042367,4.09392511034607,0.2757707922126315,4.666791765472392,0.9614910910346972
59.066441709050316,-6.297283125846948,2221.551029517655,113.99309073042367,2.9415867356713945,0.24611017378770964,3.3532056365080005,0.6282481245424921
52.439163121915,-5.739141966211896,2221.551029517655,113.99309073042367,1.809603322009338,0.21849651300797918,2.0628227567188655,0.34929135092851843
44.45938570580611,-4.991549064420555,2221.551029517655,113.99309073042367,0.7021289215204372,0.1852474404408588,0.8003784585533372,0.11744522989763247
59.52988194953763,0.3196054028006332,1266.1101594838617,75.3797220622424,23.778420264164954,0.4960823495794803,17.924107105919465,6.931503595026836
58.538797179020214,0.45372713203561266,1266.1101594838617,75.3797220622424,22.07939345651372,0.48782330982516847,16.643385420548977,6.339418981727839
62.80414463746315,0.8295036628508055,1266.1101594838617,75.3797220622424,20.36841809587575,0.5233678719788596,15.353656949146625,6.230467065545195
53.67652275085561,-4.183471721303626,1266.1101594838617,75.3797220622424,18.683012017650903,0.4473043562571301,14.083202531760595,4.958444597696927
54.947674999563965,-5.546706941248167,1266.1101594838617,75.3797220622424,16.994045050155982,0.45789729166303306,12.81006392593984,4.607270214649356
54.71211824456494,-4.346736103268783,1266.1101594838617,75.3797220622424,15.3057379497401,0.45593431870470785,11.537422726089245,4.133377868675994
45.183763082441985,-5.69724486879641,1266.1101594838617,75.3797220622424,13.644122709164549,0.37653135902034984,10.284901775999534,3.0918349452203104
53.32233497815491,-5.193953229614736,1266.1101594838617,75.3797220622424,11.959708820066284,0.44435279148462425,9.015195268019454,3.1550024812397575
51.59361214273338,-4.30185852872932,1266.1101594838617,75.3797220622424,10.280137616493564,0.42994676785611147,7.749139162928878,2.6315716368115654
55.82202205553737,-5.672047318364273,1266.1101594838617,75.3797220622424,8.588721333385113,0.46518351712947803,6.474154269806217,2.3621219905525135
63.83795709232582,-5.444881718463909,1266.1101594838617,75.3797220622424,6.874849945397525,0.5319829757693818,5.182242781036877,2.133942580262641
62.413506362629626,-5.228258690618581,1266.1101594838617,75.3797220622424,5.164968882978157,0.5201125530219135,3.893339188590241,1.5710830484334875
63.724484654756345,-5.1481282553043854,1266.1101594838617,75.3797220622424,3.451415366265077,0.5310373721229695,2.60166731030414,1.0696079978417938
58.270038698787516,-4.089251602496849,1266.1101594838617,75.3797220622424,1.7531414339593991,0.4855836558232293,1.3215131402766058,0.5012717974899447
65.67253847744506,-5.412662061261774,1266.1101594838617,75.3797220622424,0.03413081801860263,0.5472711539787088,0.025727715759992408,0.010866024904130826
48.73198766119136,0.6412547868380736,1277.1397000483068,145.21092892553798,47.984292239636055,0.20304994858829734,69.67843649952036,13.142165141264986
40.59973387935662,-0.48283155689445234,1277.1397000483068,145.21092892553798,47.25349738724417,0.16916555783065257,68.61724250582208,10.93831493037918
45.82793225368449,-0.5286257713385811,1277.1397000483068,145.21092892553798,46.5159037544375,0.19094971772368535,67.5461759399279,12.042130377093612
53.54469352160906,0.9528264447681123,1277.1397000483068,145.21092892553798,45.768275199155156,0.22310288967337108,66.46053756988982,13.657897869405705
48.35337681986442,-0.8929106982146502,1277.1397000483068,145.21092892553798,45.02739746314012,0.20147240341610176,65.3847021272199,12.244635714477448
52.97629701249974,-0.044245845754538715,1277.1397000483068,145.21092892553798,44.28050805407551,0.2207345708854156,64.30013707827071,13.086594648792294
47.027639274276915,-0.6183810171073858,1277.1397000483068,145.21092892553798,43.541354315088654,0.1959484969761538,63.22680506770005,11.542744742172617
48.637486565460605,0.9112427595627122,1277.1397000483068,145.21092892553798,42.800107121062325,0.2026561940227525,62.150433131619934,11.70150373967221
39.10442685020412,-0.5153787872251046,1277.1397000483068,145.21092892553798,42.07125677486856,0.1629351118758505,61.09206277343497,9.405065066057372
38.32852097788914,-0.01730181946242948,1277.1397000483068,145.21092892553798,41.34341542130872,0.15970217074120474,60.03515758282652,9.071527959142733
45.94969579152429,0.1599239610702221,1277.1397000483068,145.21092892553798,40.60566344646967,0.19145706579801788,58.96386108699623,10.537743636591395
36.98482830466081,-0.6671714313781203,1277.1397000483068,145.21092892553798,39.879569438893306,0.15410345126942004,57.909493233721925,8.463889278173982
43.53416966792942,-0.1659025433581982,1277.1397000483068,145.21092892553798,39.14495862866291,0.1813923736163726,56.84275805219895,9.665794270766252
39.97083894236459,-0.7469110825731837,1277.1397000483068,145.21092892553798,38.414981595005976,0.16654516225985244,55.782751620682625,8.764425520209274
41.5827961854245,0.4095916722643733,1277.1397000483068,145.21092892553798,37.68290836251554,0.17326165077260208,54.719701279368046,8.918510633958237
49.553068976544544,-0.02381547947004825,1277.1397000483068,145.21092892553798,36.94047053964943,0.20647112073560225,53.64160042008964,10.273103171627298
57.29136945061083,-0.024803123900878132,1277.1397000483068,145.21092892553798,36.18796978459523,0.23871403937754512,52.54888708350374,11.47982428739369
58.003105831731396,-0.7862332498259372,1277.1397000483068,145.21092892553798,35.434543483297,0.24167960763221416,51.454829752619254,11.36648209773599
64.26865818115311,-0.8553029802050289,1277.1397000483068,145.21092892553798,34.67296942027454,0.2677860757548046,50.34894098124838,12.191773415933453
69.35009050963434,-0.7992650098098921,1277.1397000483068,145.21092892553798,33.90478743228054,0.28895871045680976,49.233456780643635,12.753597204651667
71.45330596210293,0.7755070188279727,1277.1397000483068,145.21092892553798,33.13387041034129,0.2977221081754289,48.11400101184055,12.796040909517773
80.3390173791959,-0.9957181613090496,1277.1397000483068,145.21092892553798,32.351398356165596,0.33474590574664953,46.97776607338928,13.840108521592894
77.02851375784574,-0.2674939880030516,1277.1397000483068,145.21092892553798,31.573231300685897,0.3209521406576906,45.84778246353471,13.022263152979093
79.29900155261308,-0.2699493919223539,1277.1397000483068,145.21092892553798,30.792111689307237,0.33041250646922116,44.71351141983221,13.02502030999726
87.18538308547942,-0.07043158812499839,1277.1397000483068,145.21092892553798,30.00073658024655,0.3632724295228309,43.564348272679695,13.77152293545902
96.32671014415477,-0.6432034961428379,1277.1397000483068,145.21092892553798,29.1974740348413,0.40136129226731154,42.3979232687858,14.588923604863218
95.59307111009974,0.5537206537965629,1277.1397000483068,145.21092892553798,28.395165518020875,0.39830446295874894,41.232883618662164,14.096723286824473
101.33856756654228,-0.49156434186662357,1277.1397000483068,145.21092892553798,27.585385523267817,0.4222440315272595,40.05699456602808,14.383862864048984
108.00308575312998,-0.6116946067629019,1277.1397000483068,145.21092892553798,26.766938949231275,0.45001285730470825,38.86852069311037,14.717474615889172
99.8880303124774,0.7366479273007358,1277.1397000483068,145.21092892553798,25.959045241793223,0.41620012630198916,37.6953707358086,13.373241812434644
108.49184198357354,0.08337364806745673,1277.1397000483068,145.21092892553798,25.13996308623333,0.4520493415982231,36.505973929056765,13.874681170617222
110.63340442246965,-0.8975873016193419,1277.1397000483068,145.21092892553798,24.318096030077836,0.46097251842695686,35.3125331422804,13.639643889330793
115.2506626561935,0.29541814958045953,1277.1397000483068,145.21092892553798,23.49022466371798,0.4802110944008062,34.110373440880714,13.625627062189729
114.81245258499867,-0.6564217810444664,1277.1397000483068,145.21092892553798,22.66292314835388,0.4783852191041611,32.909041225405446,13.1047837511751
110.38144727787058,-0.6086674087493151,1277.1397000483068,145.21092892553798,21.841383738775164,0.4599226969911274,31.716076217266814,12.227469550495293
120.0,-0.4614591513895847,1277.1397000483068,145.21092892553798,21.007336305746765,0.5,30.504948192086673,12.59361007171365
120.0,-0.6920517405123419,1277.1397000483068,145.21092892553798,20.173288872718366,0.5,29.29382016690653,12.093610071713652
120.0,-0.5253645915922178,1277.1397000483068,145.21092892553798,19.339241439689967,0.5,28.082692141726387,11.593610071713652
115.7641500733568,0.6513428919589561,1277.1397000483068,145.21092892553798,18.510702331223733,0.4823506253056533,26.879562805811197,10.776375856102943
120.0,-1.1891709614051345,1277.1397000483068,145.21092892553798,17.676654898195334,0.5,25.668434780631056,10.59691223676089
113.36690750647612,-1.1057229505814086,1277.1397000483068,145.21092892553798,16.851233178291324,0.4723621146103172,24.469832233605292,9.643414930751893
110.53961853281656,-0.6268755422811776,1277.1397000483068,145.21092892553798,16.029488081867292,0.4605817438867357,23.276568545687898,8.984403565638562
107.35705456126719,-2.1006215733527585,1277.1397000483068,145.21092892553798,15.211881610653961,0.4473210606719466,22.089314593883707,8.322579696312527
114.46441759485216,-2.1419204005393366,1277.1397000483068,145.21092892553798,14.385032682071241,0.476935073311884,20.888639583877882,8.297436665458681
116.62446748642708,-0.491993504733123,1277.1397000483068,145.21092892553798,13.555374811698957,0.48593528119344614,19.683885683406455,7.93945927114481
113.60470059936203,-1.3063048932703918,1277.1397000483068,145.21092892553798,12.729643864235676,0.47335291916400846,18.484834104169376,7.297309252566339
112.99724592255356,-0.9202921081621314,1277.1397000483068,145.21092892553798,11.904702854464858,0.4708218580106398,17.286929600793457,6.794418328846163
118.27659022929441,-0.3620614961381028,1277.1397000483068,145.21092892553798,11.072896553803057,0.4928191259553934,16.079055944741302,6.560343672677238
113.09059040411668,-1.519258234567298,1277.1397000483068,145.21092892553798,10.247834158310496,0.47121079335048616,14.88097517603126,5.852757428095921
117.09891745887384,-0.32022850002292524,1277.1397000483068,145.21092892553798,9.417559310358268,0.487912156078641,13.675325356684729,5.534241678461347
120.0,-0.637835606596417,1277.1397000483068,145.21092892553798,8.583511877329867,0.5,12.464197331504586,5.1456976770274325
120.0,-1.3894564448069657,1277.1397000483068,145.21092892553798,7.749464444301466,0.5,11.25306930632444,4.645697677027432
115.0032166020874,-2.2673022402788874,1277.1397000483068,145.21092892553798,6.92191485826935,0.4791800691753642,10.051376865127759,4.008030088583433
115.97950304468698,-1.257273775897812,1277.1397000483068,145.21092892553798,6.09309570351204,0.4832479293528624,8.847840871391876,3.5526156281139496
120.0,-1.9843491488985725,1277.1397000483068,145.21092892553798,5.259048270483639,0.5,7.636712846211732,3.1527273283416246
116.97080210209356,-1.586708869855493,1277.1397000483068,145.21092892553798,4.428940024507109,0.4873783420920565,6.431304951141723,2.600346950933021
120.0,-1.1635750716155384,1277.1397000483068,145.21092892553798,3.5948925914787084,0.5,5.220176925961578,2.1550888169667783
120.0,-2.043351659918189,1277.1397000483068,145.21092892553798,2.7608451584503078,0.5,4.0090489007814325,1.6550888169667781
120.0,-1.7184768994337876,1277.1397000483068,145.21092892553798,1.926797725421907,0.5,2.7979208756012883,1.1550888169667783
110.9976094551027,-1.5969013441097257,1277.1397000483068,145.21092892553798,1.1044570548651342,0.46249003939626127,1.6037923489533004,0.6211542309712261
106.92783260682634,-0.7688039309276145,1277.1397000483068,145.21092892553798,0.2874087464468049,0.44553263586177644,0.41734891052864953,0.15672265036819866
52.94792911708158,-0.458532535156535,1646.459764425341,104.14443561266017,57.191698020034224,0.8824654852846929,59.56197112026158,7.776210212893365
63.82795124769352,0.768993069587727,1646.459764425341,104.14443561266017,50.606438936184496,1.0637991874615587,52.70379021375485,8.175090445972883
66.35395570284084,0.08706875674824732,1646.459764425341,104.14443561266017,43.99912619780484,1.105899261714014,45.822641653205956,7.364355692681637
72.81220583174375,-0.6792122499877096,1646.459764425341,104.14443561266017,37.33542875395863,1.213536763862396,38.88277155937706,6.799215566027081
68.92259689600876,-0.9159104078481106,1646.459764425341,104.14443561266017,30.70569011471802,1.1487099482668126,31.97826767094547,5.320259760227089
71.20820581063035,-0.23685122434896444,1646.459764425341,104.14443561266017,24.05599662967701,1.1868034301771724,25.05298192097768,4.293391775223323
75.81244919061011,-0.24870252901399836,1646.459764425341,104.14443561266017,17.366105118592596,1.2635408198435019,18.08583216365955,3.2799908134052913
68.1535732904877,0.7091303378824809,1646.459764425341,104.14443561266017,10.743080553385768,1.135892888174795,11.188320609737058,1.8425099707143773
72.58854353953295,-5.401313719977076,1646.459764425341,104.14443561266017,4.0813358261762005,1.209809058992216,4.250484161628505,0.7411927741887064
77.62580079553608,-0.6553763254051008,2216.269616459857,96.85435331512751,78.41629567495099,0.323440836648067,75.94959606965209,17.67057440067019
70.14915808455154,-0.2714299974103349,2216.269616459857,96.85435331512751,76.99933496609863,0.2922881586856314,74.57720793836369,15.883287162907664
62.52379273826177,-0.6032870635013339,2216.269616459857,96.85435331512751,75.60110471441354,0.2605158030760907,73.2229610702376,14.08586495992273
68.33484678244193,0.6258096615055981,2216.269616459857,96.85435331512751,74.18860056319338,0.2847285282601747,71.85488930902399,14.954724935705698
60.205614916987955,-0.8037622521989751,2216.269616459857,96.85435331512751,72.79606453446227,0.25085672882078314,70.50615754371633,13.113759531795996
59.907136991271514,-0.6535632376261988,2216.269616459857,96.85435331512751,71.4042616677174,0.24961307079696463,69.15813587770917,12.80600683382274
55.72660519249209,0.770238641815292,2216.269616459857,96.85435331512751,70.02272759049768,0.23219418830205035,67.82005998138989,11.768707456200715
47.053984263853174,-0.765056119454282,2216.269616459857,96.85435331512751,68.66249638172488,0.1960582677660549,66.50261684054246,9.896736682904947
41.55797525197379,0.10331049758091293,2216.269616459857,96.85435331512751,67.31576521612547,0.17315823021655743,65.19824907920787,8.655238007586728
41.560836871769716,0.11391225972147079,2216.269616459857,96.85435331512751,65.96902702142718,0.1731701536323738,63.89387450988502,8.482618662818917
44.846970637770355,-0.23577027098096281,2216.269616459857,96.85435331512751,64.61421697902655,0.18686237765737648,62.58168200466949,8.911925537381096
46.41292245926077,-4.5122503243629835,2216.269616459857,96.85435331512751,63.25556043325377,0.19338717691358653,61.2657639934876,9.003610437335269
36.541971554442696,-3.7837681442358395,2216.269616459857,96.85435331512751,61.921150256635315,0.1522582148101779,59.97332964635255,7.065296684831729
35.18896922890787,-3.601754071294348,2216.269616459857,96.85435331512751,60.59006350793864,0.14662070512044947,58.684114183839036,6.674063762955538
28.114274010522493,-3.3697258516623574,2216.269616459857,96.85435331512751,59.27635458571212,0.11714280837717705,57.41172990277341,5.285644733814462
22.130915366803023,-3.3842848049768017,2216.269616459857,96.85435331512751,57.97734280096073,0.09221214736167926,56.15358043916515,4.115601829604622
20.0,6.9697318148087675,2216.269616459857,96.85435331512751,56.68356525971013,0.08333333333333333,54.90050056825053,3.65103759162737
26.723016121891867,7.111910810885111,2216.269616459857,96.85435331512751,55.37327373391095,0.11134590050788278,53.631426184394805,4.705507825223306
20.0,7.397676119070017,2216.269616459857,96.85435331512751,54.07949619266035,0.08333333333333333,52.378346313480186,3.4833072448957996
24.585595472710523,8.193462669737993,2216.269616459857,96.85435331512751,52.77445488951934,0.10243998113629384,51.114356998827645,4.14256173375412
20.0,8.249749124020326,2216.269616459857,96.85435331512751,51.48067734826874,0.08333333333333333,49.86127712791303,3.315915069558382
29.001507004683003,8.120116840629914,2216.269616459857,96.85435331512751,50.164789083959604,0.12083961251951252,48.58678205916675,4.606693318456901
29.976395847712876,8.571828500896643,2216.269616459857,96.85435331512751,48.84650616537648,0.12490164936547031,47.309967663509276,4.627996843312993
20.55922905345876,8.368051220874907,2216.269616459857,96.85435331512751,47.55135496983434,0.0856634543894115,46.055557348613796,3.1451257132245587
20.0,8.013409447927518,2216.269616459857,96.85435331512751,46.257577428583744,0.08333333333333333,44.80247747769918,2.979490674511546
20.0,8.091909445815592,2216.269616459857,96.85435331512751,44.963799887333145,0.08333333333333333,43.54939760678455,2.896157341178213
21.676831833813786,8.318254561635117,2216.269616459857,96.85435331512751,43.6659034841771,0.09032013264089077,42.29232843880746,3.038694139982934
20.0,7.142686169866274,2216.269616459857,96.85435331512751,42.3721259429265,0.08333333333333333,41.03924856789284,2.729225375044539
20.0,7.8451255757012035,2216.269616459857,96.85435331512751,41.0783484016759,0.08333333333333333,39.786168696978216,2.6458920417112055
22.80359911617694,7.432458658977566,2216.269616459857,96.85435331512751,39.77768427981245,0.09501499631740391,38.526418872945484,2.9058051666300972
26.65842374992627,8.019835995079898,2216.269616459857,96.85435331512751,38.467551414562834,0.11107676562469279,37.25749815873902,3.2613876851468184
26.531475006334254,8.037131746313731,2216.269616459857,96.85435331512751,37.15773037804487,0.11054781252639273,35.98887946423404,3.136081722017755
20.0,5.293967032067025,2216.269616459857,96.85435331512751,35.86395283679427,0.08333333333333333,34.73579959331941,2.31002830170525
20.0,5.671650188060242,2216.269616459857,96.85435331512751,34.57017529554367,0.08333333333333333,33.482719722404795,2.2266949683719175
20.0,6.854008468432796,2216.269616459857,96.85435331512751,33.27639775429307,0.08333333333333333,32.22963985149017,2.143361635038584
24.094613716393056,5.0927911150285485,2216.269616459857,96.85435331512751,31.972562467170835,0.1003942238183044,30.96681861585349,2.4618605003846143
28.32777002452174,6.222910402385968,2216.269616459857,96.85435331512751,30.658329127062157,0.11803237510217392,29.693926413239428,2.753449705690819
22.43229920483386,6.5959732749119535,2216.269616459857,96.85435331512751,29.358577042428365,0.09346791335347442,28.43505993696748,2.1112371871718505
26.379459199650636,6.078169165824321,2216.269616459857,96.85435331512751,28.04912940776415,0.10991441333187765,27.166802898413223,2.354430617696973
25.030787923204954,5.039271994305313,2216.269616459857,96.85435331512751,26.74299456251119,0.10429494968002063,25.90175444061993,2.135429800626746
28.59482938058668,6.463804224508767,2216.269616459857,96.85435331512751,25.42810523497073,0.11914512241911117,24.628226885620983,2.3040986398251904
24.05977814657526,6.237857586759621,2216.269616459857,96.85435331512751,24.124355515702455,0.10024907561073024,23.36548852617591,1.854991264359496
32.395736263590955,5.95822493991282,2216.269616459857,96.85435331512751,22.800129884872153,0.134982234431629,22.08291835500205,2.324084661661252
24.81171042644732,6.308017604848485,2216.269616459857,96.85435331512751,21.494533167496744,0.10338212677686383,20.818391097484565,1.7020191023448306
34.829970005436934,6.416311318307767,2216.269616459857,96.85435331512751,20.164328241410914,0.1451248750226539,19.530029718558165,2.199920898324585
32.57737244472182,6.536328076773819,2216.269616459857,96.85435331512751,18.839656451143497,0.13573905185300758,18.247027422546736,1.9304986508381563
27.149142822706075,6.4500377059678975,2216.269616459857,96.85435331512751,17.528318215114062,0.11312142842794198,16.976939254266426,1.5120648052152958
29.114311038425345,-0.9437595055977592,2216.269616459857,96.85435331512751,16.212152866229125,0.12130962932677226,15.702175817046129,1.4942577362771434
37.16374153675068,-0.5051201947888262,2216.269616459857,96.85435331512751,14.876215413802548,0.15484892306979448,14.408262236803779,1.724306727083245
28.957196565392394,-1.6303383645635459,2216.269616459857,96.85435331512751,13.560435990807566,0.12065498568913498,13.13387258560847,1.243471498197731
37.24553151741586,-0.5431046775729738,2216.269616459857,96.85435331512751,12.224297634731132,0.15518971465589942,11.839764421435266,1.4198269611640324
35.726703805990596,-0.4388431342395811,2216.269616459857,96.85435331512751,10.891890029392709,0.14886126585829415,10.54926965176316,1.216880278128488
40.59715342690772,-0.8489653463337248,2216.269616459857,96.85435331512751,9.547518964748793,0.16915480594544882,9.2471877509466,1.2013117213069016
46.99079228858203,-1.921619709341642,2216.269616459857,96.85435331512751,8.187442976681142,0.19579496786909178,7.929894948109346,1.1786548315045815
48.62212791725841,-1.264144540958928,2216.269616459857,96.85435331512751,6.823359880661187,0.20259219965524336,6.608721086778249,1.0133982975786877
48.925220951686,-0.8649070686581337,2216.269616459857,96.85435331512751,5.458532286398691,0.20385508729869167,5.286826146488897,0.815304131045081
39.4830925937785,-0.26760814745265105,2216.269616459857,96.85435331512751,4.116897729157243,0.16451288580741041,3.987394672220417,0.5048190823216439
49.12735911072191,-1.0532442162255924,2216.269616459857,96.85435331512751,2.751573615717272,0.20469732962800796,2.6650188314926355,0.4125319152190979
57.33943084670955,-0.5365371797414973,2216.269616459857,96.85435331512751,1.3660778972564103,0.23891429519462312,1.323105913168588,0.2355658943259215
77.48994000368498,-0.8004739919237329,1476.4121741725594,99.960146588175,82.07045402887826,1.2914990000614164,82.03774615284748,27.850696370841927
83.20448226180889,-0.9212196742206267,1476.4121741725594,99.960146588175,78.24688129197587,1.3867413710301482,78.21569724013435,28.378742842897744
79.91574309415586,-0.7614996646370669,1476.4121741725594,99.960146588175,74.43354242624223,1.3319290515692643,74.40387812004316,25.99826583983691
88.6699405856366,7.294382553202032,1476.4121741725594,99.960146588175,70.59296232161837,1.4778323430939433,70.56482861762487,27.163751327071243
84.41611510906014,7.361726246796147,1476.4121741725594,99.960146588175,66.76561923570668,1.406935251817669,66.73901085851516,24.543110247399138
86.78611277585588,6.658436750357619,1476.4121741725594,99.960146588175,62.93090121078164,1.4464352129309315,62.905821099556924,23.73720072795489
86.33944021024546,6.307953258330095,1476.4121741725594,99.960146588175,59.09757313782848,1.4389906701707575,59.07402073862728,22.18460167161077
84.72093697707288,7.410330538210358,1476.4121741725594,99.960146588175,55.26928150976503,1.412015616284548,55.247254815392225,20.38535623057855
90.16547711734303,6.0428881505966245,1476.4121741725594,99.960146588175,51.4240476070096,1.5027579519557173,51.40355336953969,20.097060001423323
79.86610539945568,6.700782706002201,1476.4121741725594,99.960146588175,47.61086320344117,1.3311017566575947,47.59188865005526,16.61994200615579
90.61103761890854,6.3929442564815,1476.4121741725594,99.960146588175,43.7642428092255,1.5101839603151423,43.746801265306644,17.18185075533192
97.45884668225817,7.078458787751814,1476.4121741725594,99.960146588175,39.89631345976284,1.6243141113709694,39.880413417656726,16.7542214682321
88.5897620087595,7.768554866278232,1476.4121741725594,99.960146588175,36.055982854167155,1.476496033479325,36.04161331483273,13.86248246174595
91.18853227141159,7.131441878593845,1476.4121741725594,99.960146588175,32.20756541689848,1.5198088711901931,32.19472960321408,12.719343584198475
99.21774329462306,6.890340954272007,1476.4121741725594,99.960146588175,28.334162747597283,1.6536290549103843,28.32287061703031,12.096391407309907
107.57073419370192,7.319435368524082,1476.4121741725594,99.960146588175,24.434767310740742,1.792845569895032,24.425029222295912,11.234501612843012
108.94297304993806,6.582546778665798,1476.4121741725594,99.960146588175,20.531101752432917,1.8157162174989676,20.52291940789931,9.549653744203844
104.9915985032074,6.31119408753975,1476.4121741725594,99.960146588175,16.63973204855115,1.7498599750534567,16.63310054761126,7.482507015030865
103.75693465341998,5.896717199577319,1476.4121741725594,99.960146588175,12.752204361360675,1.7292822442236662,12.747122172839775,5.672541098414599
113.31877236446336,7.81880674617031,1476.4121741725594,99.960146588175,8.834922227166981,1.8886462060743892,8.831401209227367,4.259596774929704
105.18512803974374,6.282055582913138,1476.4121741725594,99.960146588175,4.942950299684222,1.7530854673290623,4.940980365344983,2.226484285489397
111.70596353947359,6.105321815409282,1476.4121741725594,99.960146588175,1.0306868905682465,1.8617660589912264,1.030276126677122,0.4904827895371096
41.17991978409711,-0.8423019388587492,1375.9921748144316,64.90818008671607,22.537489090739683,0.34316599820080923,14.628674006041301,1.4905840195868216
36.9599432991208,0.12559107041650241,1375.9921748144316,64.90818008671607,17.369599942387246,0.30799952749267334,11.274291210946844,1.0352057525648752
32.95578532215238,-6.0143965416468115,1375.9921748144316,64.90818008671607,12.221397903749695,0.27463154435126985,7.932686960479995,0.6519521485847518
40.25271929452204,-4.932908677025685,1375.9921748144316,64.90818008671607,7.037319273698265,0.3354393274543503,4.56779586744925,0.4553545215473446
40.92410433286263,-5.816646807094793,1375.9921748144316,64.90818008671607,1.8499396672650894,0.34103420277385527,1.2007621707240204,0.1216206924249526
76.71880975269286,0.04591655513645443,2231.122065992254,136.07290996402324,34.973334414709285,1.2786468292115476,47.589233849544115,21.460080903420785
70.5956037858038,0.9423488102799165,2231.122065992254,136.07290996402324,32.912879670826214,1.1765933964300634,44.78551312105066,18.794432148124393
76.84191814638712,0.9135936490172614,2231.122065992254,136.07290996402324,30.828609046357183,1.2806986357731185,41.94938543081033,18.942913211431257
69.34632548356055,0.07521141345282611,2231.122065992254,136.07290996402324,28.772917537423126,1.155772091392676,39.15214617472042,16.177006585458088
69.87695376787353,0.34080578203272816,2231.122065992254,136.07290996402324,26.715202854642026,1.1646158961312254,36.35215392710322,15.120147692602247
62.426290246734006,-0.3218463032262273,2231.122065992254,136.07290996402324,24.685895982045018,1.0404381707789,33.590817013460544,12.656611381169668
64.48561717075606,-0.7654564608921788,2231.122065992254,136.07290996402324,22.648737329777834,1.0747602861792676,30.818795954736714,11.948977752449746
67.42800609831292,0.8632161909318479,2231.122065992254,136.07290996402324,20.600359968478273,1.1238001016385486,28.031509272172126,11.30196372199651
76.57220912018816,-0.7205951434161957,2231.122065992254,136.07290996402324,18.517117687699635,1.2762034853364694,25.196780879115746,11.343668640689861
82.68928876960369,0.45982262758472725,2231.122065992254,136.07290996402324,16.410552271059537,1.3781548128267282,22.330316016397813,10.736092700874917
82.60842522034696,-0.14898853432062276,2231.122065992254,136.07290996402324,14.304295170095159,1.3768070870057827,19.464270687791714,9.35035659027207
73.7817654252257,-0.6574188906646536,2231.122065992254,136.07290996402324,12.231692263191206,1.2296960904204284,16.644019600368566,7.257185689149023
83.96853045080411,0.10711758767452095,2231.122065992254,136.07290996402324,10.120249367551283,1.3994755075134018,13.770917810042688,6.707754753425885
91.18280944239463,-0.3945412456205857,2231.122065992254,136.07290996402324,7.981299946133259,1.519713490706577,10.860387089660545,5.670676024435038
86.29017035503243,0.7332164578583178,2231.122065992254,136.07290996402324,5.8610051266978225,1.438169505917207,7.975240229038315,3.975446607696574
92.59256793593126,-0.8562277542955927,2231.122065992254,136.07290996402324,3.716680593173852,1.5432094655988542,5.05739543719978,2.674789465085107
87.36963063374549,3.2989344807397476,2231.122065992254,136.07290996402324,1.5922700191332129,1.4561605105624247,2.1666481495192724,1.0914089547220955
83.74079123929295,0.0978773570373499,2300.6372836324817,106.3572218192224,65.04191071483783,0.34891996349705395,69.17676925444064,14.854324321451552
72.90442346477339,-5.414363679470148,2300.6372836324817,106.3572218192224,63.528422055103256,0.30376843110322244,67.56706476339797,12.750626821033794
68.99257766694899,-5.066249556080682,2300.6372836324817,106.3572218192224,62.02009930085801,0.28746907361228746,65.96285458591555,11.820321904698126
67.89381387792683,-6.974320190609441,2300.6372836324817,106.3572218192224,60.51322755214379,0.28289089115802846,64.36018765760437,11.360383445825079
68.79943499465064,-7.053329206418782,2300.6372836324817,106.3572218192224,59.0051598582569,0.286664312477711,62.756248755233074,11.216123554645506
75.2783534890353,-7.039970158651529,2300.6372836324817,106.3572218192224,57.48853623391038,0.3136598062043137,61.14321000292411,11.88946475884386
83.6944391513314,-7.470207467750669,2300.6372836324817,106.3572218192224,55.960798494803605,0.34872682979721414,59.518350586926346,12.773810158950116
85.68163145995595,-7.201164718965307,2300.6372836324817,106.3572218192224,54.43043650919377,0.3570067977498165,57.89070009525423,12.69767285190928
95.01876360709532,-6.466932490375193,2300.6372836324817,106.3572218192224,52.887744093217734,0.39591151502956384,56.249935300406285,13.572936946859883
92.20280543488366,-7.163769018300371,2300.6372836324817,106.3572218192224,51.34877037540398,0.3841783559786819,54.61312560961158,12.818338582398685
83.23351547859583,-7.773063697396294,2300.6372836324817,106.3572218192224,49.82164132290046,0.3468063144941493,52.98891357577462,11.314341627460289
74.79860393084185,-7.770749814793976,2300.6372836324817,106.3572218192224,48.305651246245816,0.31166084971184105,51.37654864718964,9.93079080472005
81.66461236770003,-7.933556381007939,2300.6372836324817,106.3572218192224,46.780594055878915,0.3402692181987501,49.75454018836111,10.437638841883318
90.55022674169558,-7.1194566658691665,2300.6372836324817,106.3572218192224,45.24380270050578,0.3772926114237316,48.12005159762827,11.107657790975342
91.80198544977617,-6.4928176017130586,2300.6372836324817,106.3572218192224,43.705358297564935,0.3825082727074007,46.48380487142706,10.866600754959109
95.0708438914846,-6.597448319706939,2300.6372836324817,106.3572218192224,42.162597105404735,0.39612851621451917,44.842966928140356,10.825918564705656
88.34321973107015,-6.421108344867974,2300.6372836324817,106.3572218192224,40.628720279443144,0.368096748879459,43.211578149918736,9.75000051690619
91.48904653044647,-7.0150876376651015,2300.6372836324817,106.3572218192224,39.09068913739363,0.38120436054352697,41.57577095652042,9.688712242828085
98.02566854144345,-7.7763656336900135,2300.6372836324817,106.3572218192224,37.54402586277208,0.4084402855893477,39.93078286673473,9.914564402724718
90.74014843950205,-6.918484235107056,2300.6372836324817,106.3572218192224,36.00698370059522,0.37808395183125854,38.296027524853315,8.857052217594463
85.94465134063293,-1.5753194756771378,2300.6372836324817,106.3572218192224,34.47627437618023,0.35810271391930387,36.66800761327774,8.065572753112416
90.38961804638544,-3.1278859519190343,2300.6372836324817,106.3572218192224,32.93969511744475,0.376623408526606,35.03374460263628,8.073687172615228
87.12147660026869,-3.300426503986812,2300.6372836324817,106.3572218192224,31.407431701078558,0.36300615250111956,33.404071802036896,7.440685994310463
95.54414470421027,-3.184809267421134,2300.6372836324817,106.3572218192224,29.86404547731105,0.39810060293420946,31.762569092497166,7.703123383821957
85.82111113663076,-2.5897197850898843,2300.6372836324817,106.3572218192224,28.333499297623884,0.35758796306929486,30.134722697121653,6.619675012049296
80.80849096039128,-3.1112966752293993,2300.6372836324817,106.3572218192224,26.809572684101294,0.336702045668297,28.51391668841527,5.923407259988766
86.8840598348886,-2.2431351150907513,2300.6372836324817,106.3572218192224,25.27762279557718,0.3620169159787025,26.88457734731835,5.973385367418145
84.07989583960779,-1.5739730635426747,2300.6372836324817,106.3572218192224,23.749376030060684,0.3503328993316991,25.259176544972878,5.444269832377476
77.77824637795763,-2.461776090611975,2300.6372836324817,106.3572218192224,22.229451097057066,0.32407602657482343,23.64262661249255,4.739728935321342
70.2559791383517,-2.3494556170572944,2300.6372836324817,106.3572218192224,20.71945992004322,0.29273324640979875,22.03664194690525,4.016761725884139
71.51494942253387,-2.428146534458301,2300.6372836324817,106.3572218192224,19.207806171998183,0.29797895592722445,20.428889016958397,3.786265231827411
80.64682136543618,-2.2033754298247077,2300.6372836324817,106.3572218192224,17.684093056116144,0.33602842235598407,18.808310078411154,3.8999191045246344
70.59715334003954,0.039129948233259215,2300.6372836324817,106.3572218192224,16.173651331260587,0.2941548055834981,17.20184622265644,3.1497787598374294
61.95729572026458,0.9589499295765092,2300.6372836324817,106.3572218192224,14.674619229946364,0.2581553988344358,15.607517325520321,2.527185493045146
66.97942123378951,1.1657704619937093,2300.6372836324817,106.3572218192224,13.168955009908853,0.2790809218074563,14.00613469116236,2.440918801480667
60.22226594673622,0.653170947368958,2300.6372836324817,106.3572218192224,11.672214154286419,0.2509261081114009,12.41424269928908,1.9568272355069112
63.9333034712101,1.7048855180424842,2300.6372836324817,106.3572218192224,10.170572576572788,0.26638876446337545,10.817138435550524,1.804242971670697
53.71133960926494,-0.037766822073106665,2300.6372836324817,106.3572218192224,8.682429920328763,0.22379724837193724,9.234391249662597,1.3057242309390042
63.76370781678963,0.5933212483999022,2300.6372836324817,106.3572218192224,7.1810123072516285,0.26568211590329016,7.637525188489276,1.2707101125635751
54.6903787479845,1.2827327180359995,2300.6372836324817,106.3572218192224,5.6915767514603415,0.22787657811660206,6.053402910561968,0.8707842572764073
64.39374705259888,1.2609516186309824,2300.6372836324817,106.3572218192224,4.189327121142506,0.26830727938582866,4.455651938966379,0.7482291489019688
68.74447747304536,-0.08028915058220987,2300.6372836324817,106.3572218192224,2.681332003061827,0.2864353228043557,2.8517902262062664,0.509304167257638
58.25799286223443,0.31218004397579247,2300.6372836324817,106.3572218192224,1.187185127272491,0.2427416369259768,1.262657119218021,0.19287211036469062
74.69532966253341,-0.3944892587640936,1516.3806274282888,60.66942684939992,15.048365351193048,1.2449221610422234,9.12975700877251,1.6137446313358554
74.10007912661719,-0.2502954544063909,1516.3806274282888,60.66942684939992,3.4479913589028666,1.235001318776953,2.091876595263205,0.367080740518082
48.79373994750164,-0.4911590176089313,2463.663654208429,97.8365334550841,20.47238695534284,0.20330724978125683,20.02947371261827,5.362202929189973
40.202160481692225,0.5159506971245995,2463.663654208429,97.8365334550841,19.718836310970413,0.16750900200705093,19.29222588433584,4.383358458862347
51.014340067441054,0.852124129035285,2463.663654208429,97.8365334550841,18.936772265642794,0.21255975028100438,18.5270815329887,5.146887403866084
55.98274378973677,-0.742908084790979,2463.663654208429,97.8365334550841,18.14160576615063,0.23326143245723654,17.749118194689427,5.32182498984725
57.832602087366446,6.128428451167472,2463.663654208429,97.8365334550841,17.34156090231645,0.24096917536402684,16.966382033828616,5.223184122612337
61.537432131970704,0.15050156247193103,2463.663654208429,97.8365334550841,16.53174582483618,0.2564059672165446,16.174087034625316,5.234328670669221
56.841851782764024,-0.45074631151372424,2463.663654208429,97.8365334550841,15.734313723808754,0.2368410490948501,15.39390711032204,4.673164479249124
56.605132885693,1.2742365984433341,2463.663654208429,97.8365334550841,14.93750588736853,0.23585472035705418,14.614337944850467,4.421494258435872
55.64232327990231,1.5374688694901326,2463.663654208429,97.8365334550841,14.143237129762108,0.23184301366625962,13.83725292609158,4.128339038592031
57.16953855618726,0.5398464358619648,2463.663654208429,97.8365334550841,13.344940867694419,0.23820641065078027,13.05622753658304,3.982043528810684
63.21073785715837,0.3262956921370972,2463.663654208429,97.8365334550841,12.530713022493774,0.2633780744048265,12.259615238412701,4.053306560610952
67.70984244889007,5.703111923228079,2463.663654208429,97.8365334550841,11.704620338002771,0.28212434353704197,11.451394792780658,3.997321839551172
68.82395524032812,5.374810375170829,2463.663654208429,97.8365334550841,10.875589564620473,0.2867664801680338,10.640299822827544,3.7619285548043617
76.46765345572985,5.831255253104388,2463.663654208429,97.8365334550841,10.026401168968977,0.31861522273220766,9.809483334019276,3.76190260961192
84.42577233974201,5.929895913671064,2463.663654208429,97.8365334550841,9.156225974791862,0.3517740514155917,8.95813408905034,3.701464634228158
79.78180610422869,5.941833076470257,2463.663654208429,97.8365334550841,8.298297642613793,0.33242419210095286,8.118766749318299,3.2153675152047274
74.42850692874619,7.1058527285951865,2463.663654208429,97.8365334550841,7.454486793836095,0.3101187788697758,7.293211465956277,2.739685493442095
67.04576405976138,7.0318425521897865,2463.663654208429,97.8365334550841,6.630145387450004,0.27935735024900576,6.486704410113238,2.246860139324616
65.82009684737505,6.329144079041588,2463.663654208429,97.8365334550841,5.809036256331564,0.2742504035307294,5.683359700343795,1.9402177823227358
64.35558230403146,6.749309710723722,2463.663654208429,97.8365334550841,4.9917892780795174,0.26814825960013106,4.883793587055568,1.6378642476849876
67.14803245084588,6.923127360665617,2463.663654208429,97.8365334550841,4.1671781740236,0.27978346854519115,4.077022668361561,1.4138877803603733
61.88954356745125,6.078083391949883,2463.663654208429,97.8365334550841,3.3564345238664575,0.25787309819771354,3.283819185840599,1.0675805717373779
60.881882721131184,6.6378202543959315,2463.663654208429,97.8365334550841,2.548348232247444,0.2536745113380466,2.4932155707948143,0.7999776747101729
54.00801647303284,7.376671472578196,2463.663654208429,97.8365334550841,1.758389396141908,0.22503340197097016,1.720347229827029,0.5009075533027265
55.70093056701978,7.682944903373602,2463.663654208429,97.8365334550841,0.9639660819945746,0.23208721069591576,0.9431109983062854,0.28161837044739535
68.95471414123173,0.022649087322252903,1522.9155913541194,161.42950499632855,46.24951296886484,1.1492452356871956,74.66035984885129,31.183429575652763
71.60696114811911,-0.42208436171856567,1522.9155913541194,161.42950499632855,44.53805317854139,1.1934493524686518,71.89755878112094,31.05764507391603
64.14913216540806,0.2787817718060033,1522.9155913541194,161.42950499632855,42.84617467508494,1.069152202756801,69.16636768785189,27.075869774326733
72.32511115396828,-0.6609596793410752,1522.9155913541194,161.42950499632855,41.132829309038215,1.2054185192328046,66.40052274456514,28.93886730610535
76.71141454831111,0.7611648862419331,1522.9155913541194,161.42950499632855,39.407967258276756,1.2785235758051852,63.616086474151395,29.210460739177986
78.33483812999806,-0.9691700831031846,1522.9155913541194,161.42950499632855,37.67884274414514,1.3055806354999677,60.82476933021856,28.44952289598969
70.26589130756108,2.540838515162886,1522.9155913541194,161.42950499632855,35.97090406878927,1.1710981884593512,58.06765238095072,24.664504176900067
70.97870715334817,3.02308199519221,1522.9155913541194,161.42950499632855,34.261093823088714,1.1829784525558027,55.3075141649398,23.704464197487848
78.39408180725756,3.1066005168742077,1522.9155913541194,161.42950499632855,32.53181375866999,1.3065680301209595,52.515945916948475,24.57960899075938
83.13670146783195,3.40000185666504,1522.9155913541194,161.42950499632855,30.79008146501806,1.3856116911305325,49.70427609694496,24.49463502760106
91.23371524454944,2.405974637609269,1522.9155913541194,161.42950499632855,29.0270896399535,1.5205619207424907,46.8582871206175,25.03555975075257
92.09646239333216,-4.685635185736848,1522.9155913541194,161.42950499632855,27.261832584692165,1.5349410398888694,44.00864139439636,23.704936078348513
88.22747991376555,-4.179746263883278,1522.9155913541194,161.42950499632855,25.506733935582464,1.470457998562759,41.17539433294132,21.370069968326366
89.83506739348614,-3.9562468946343916,1522.9155913541194,161.42950499632855,23.74741440239548,1.497251123224769,38.335333519213854,20.209997227315373
99.10271222421446,-3.61943100418552,1522.9155913541194,161.42950499632855,21.9637617271597,1.6517118704035743,35.455991834726966,20.339052814006948
96.56482151213028,0.455979964077992,1522.9155913541194,161.42950499632855,20.186772541551477,1.609413691868838,32.58740698856132,18.283098392573873
88.69975554660516,-5.0130954509291215,1522.9155913541194,161.42950499632855,18.430433884837907,1.478329259110086,29.75215818896944,15.513095703896036
93.98215729213655,-5.605442865522469,1522.9155913541194,161.42950499632855,16.66022574624619,1.5663692882022757,26.89451995343611,14.741806556260409
101.30068281789951,-4.918011171104123,1522.9155913541194,161.42950499632855,14.870802076151186,1.6883447136316585,24.005862180514605,14.030796894175175
106.78927721550735,-5.6258664250758414,1522.9155913541194,161.42950499632855,13.066967544444132,1.7798212869251226,21.09394102502707,12.89301572974783
113.45630766451906,-6.494283587191047,1522.9155913541194,161.42950499632855,11.245628047676096,1.8909384610753177,18.153761691091805,11.675357961562028
103.7580496246728,-5.987574446019344,1522.9155913541194,161.42950499632855,9.449752311639054,1.7293008270778798,15.254688380058038,9.09944054606987
112.12232867112867,-6.303695558489022,1522.9155913541194,161.42950499632855,7.631915312099728,1.8687054778521446,12.320163110061594,7.845478969697846
102.98445379601652,-6.042109283973004,1522.9155913541194,161.42950499632855,5.838070730420765,1.716407563266942,9.424368681453783,5.586051801211669
103.5939344742144,-4.569098520737134,1522.9155913541194,161.42950499632855,4.042625895366811,1.72656557457024,6.525990971744037,3.887537264043416
102.44703263213616,-5.498264270941222,1522.9155913541194,161.42950499632855,2.2501923674948925,1.707450543868936,3.6324744003121707,2.143506089316706
59.23903000848084,-0.7015777040736628,1901.264662134317,122.83850513671396,43.29984410013115,0.987317166808014,53.188881219128746,22.430868673077175
65.46727625210485,-0.06771770408437172,1901.264662134317,122.83850513671396,41.36991045433305,1.0911212708684142,50.81817957849987,23.38919235328289
58.97015091519764,0.7645391290391526,1901.264662134317,122.83850513671396,39.465062574699985,0.9828358485866273,48.47829291803022,20.36261198589851
54.43997097798856,-0.5967483062268126,1901.264662134317,122.83850513671396,37.57770597447088,0.9073328496331426,46.15989228370968,18.065206670723576
48.458979189703754,-1.0987112906692584,1901.264662134317,122.83850513671396,35.71344231976087,0.8076496531617292,43.869858678456836,15.472033276995365
56.919224994653185,-0.8819894917442166,1901.264662134317,122.83850513671396,33.81651318040088,0.9486537499108864,41.53969928016429,16.911629101929375
65.2438466171507,-1.371560415330409,1901.264662134317,122.83850513671396,31.887442208983547,1.0873974436191782,39.17005733584895,17.974622839369644
70.3251758239879,-0.2858105390678818,1901.264662134317,122.83850513671396,29.93875193984908,1.1720862637331317,36.77631533949956,18.007376779069546
61.63669785133672,-0.1468955308887483,1901.264662134317,122.83850513671396,28.023608372594275,1.0272782975222787,34.42378161026183,15.031794582739792
63.26187228226214,-1.4989644954892032,1901.264662134317,122.83850513671396,26.10218991550165,1.0543645380377022,32.06353990014833,14.32338869778203
56.50573508493944,-1.2322954651677942,1901.264662134317,122.83850513671396,24.206857283927615,0.9417622514156573,29.735341628154444,12.028022963165387
56.27383873061511,-1.2850326366625804,1901.264662134317,122.83850513671396,22.3124200172138,0.9378973121769185,27.40824320897037,11.04642477742632
62.78927703809451,-1.4415487858250529,1901.264662134317,122.83850513671396,20.392826276926094,1.0464879506349085,25.050242953703012,11.117376833597898
62.27151201546533,-1.3406447592862503,1901.264662134317,122.83850513671396,18.475231656497183,1.0378585335910888,22.694698387386094,9.99933804073721
57.20506945882548,-0.9260586050844279,1901.264662134317,122.83850513671396,16.577198855592133,0.953417824313758,20.363183267749832,8.327040954497088
48.26426359634554,-1.6852434005100412,1901.264662134317,122.83850513671396,14.713687008734114,0.8044043932724257,18.07407317202387,6.351316999146992
53.965580596794965,-2.1157802605827687,1901.264662134317,122.83850513671396,12.828162056434895,0.8994263432799161,15.757922506639769,6.119243808124588
63.04943330645762,-1.163126570778379,1901.264662134317,122.83850513671396,10.90756383817022,1.0508238884409604,13.398688365641078,5.967895073963085
52.898418551515775,-2.077566065729377,1901.264662134317,122.83850513671396,9.026159258518886,0.8816403091919296,11.087599104423704,4.229725985343862
47.46995276478492,-4.3312621040110315,1901.264662134317,122.83850513671396,7.165714290434115,0.791165879413082,8.802256316737157,3.047264899240963
52.019654935754474,-5.312661056749683,1901.264662134317,122.83850513671396,5.287702666503385,0.8669942489292413,6.495334911606922,2.4410966063729447
50.187887883292895,-4.536132593595773,1901.264662134317,122.83850513671396,3.416763598135935,0.8364647980548816,4.1971013280055836,1.527576456891186
49.01143252127361,-3.6128721139586375,1901.264662134317,122.83850513671396,1.5503668900562841,0.8168572086878935,1.904447511879701,0.678541900964101
47.129463794177205,-0.010176790446678963,2096.4061387548772,185.0693021837268,26.317282512736938,0.39274553161814335,48.70521110004221,5.280118713851814
46.76848599904,-0.1325442342080445,2096.4061387548772,185.0693021837268,24.361206227757815,0.38973738332533336,45.08511436924998,4.853835631444448
52.53828577339698,0.753977661947971,2096.4061387548772,185.0693021837268,22.381880947618857,0.43781904811164146,41.421990885350716,4.95078495170163
46.14038465505282,-0.30452043540814855,2096.4061387548772,185.0693021837268,20.428335552042718,0.3845032054587735,37.80657805391563,4.020771935853233
44.720223308773946,0.6527184203500083,2096.4061387548772,185.0693021837268,18.480512594949204,0.3726685275731162,34.20175569944823,3.5357964092552274
43.963287020948464,0.9648947140941493,2096.4061387548772,185.0693021837268,16.53573965844222,0.3663607251745705,30.60257799679679,3.1150400434128254
35.2585943545339,0.5481234138922322,2096.4061387548772,185.0693021837268,14.626041657909408,0.2938216196211158,27.068313233394125,2.250328191878426
29.161874973915396,-0.5210704409310665,2096.4061387548772,185.0693021837268,12.740909951687332,0.24301562478262828,23.579513139444746,1.6424529819264282
37.2076333220303,-0.3418743661981809,2096.4061387548772,185.0693021837268,10.823358438156884,0.31006361101691915,20.030713934340454,1.7501118363629704
38.43670266593904,-0.4302227221938779,2096.4061387548772,185.0693021837268,8.900854477688046,0.320305855549492,16.472749270246265,1.482959654294875
36.57295191129148,0.049754436011164804,2096.4061387548772,185.0693021837268,6.985860367468522,0.30477459926076234,12.928683033603525,1.1118116670044438
38.73249109243199,0.3083366239838645,2096.4061387548772,185.0693021837268,5.062164548709136,0.3227707591035999,9.368512605688,0.8493643735982715
34.688201136450466,0.5216150828621542,2096.4061387548772,185.0693021837268,3.154764906817009,0.2890683428037539,5.838501398583338,0.4781078089353059
42.08830975584847,-0.18581608768396052,2096.4061387548772,185.0693021837268,1.2175470569795594,0.3507359146320706,2.2533058421105734,0.22043854317837508
58.20627087482473,-0.13778702530892528,2123.1844473312867,161.8690169568509,77.42289237532638,0.48505225729020607,125.32367478750149,18.708286958440638
67.70356686670894,-0.3695803056778,2123.1844473312867,161.8690169568509,75.3727042880939,0.5641963905559079,122.0050554849318,20.742003121861952
71.44498897095141,-0.7485701844306476,2123.1844473312867,161.8690169568509,73.30564175679167,0.5953749080912618,118.6591216856295,21.114184531236848
70.48447637965327,-0.2446801782253576,2123.1844473312867,161.8690169568509,71.24291129910974,0.5873706364971106,115.32020017131019,20.28670008717039
77.91723850568883,-0.3003219489865365,2123.1844473312867,161.8690169568509,69.14665783191832,0.6493103208807403,111.92701529104355,21.418039033623085
87.14376849885947,0.6104424194270122,2123.1844473312867,161.8690169568509,67.00879115991073,0.7261980708238289,108.46647152521672,22.761781876167078
92.24704179233139,-0.8302098910993927,2123.1844473312867,161.8690169568509,64.84790786551625,0.7687253482694282,104.96867097899556,23.069376623799442
87.06147120874839,0.12520298479712988,2123.1844473312867,161.8690169568509,62.71041236815305,0.7255122600729033,101.50872802991678,21.28527197528487
88.7113295029854,-0.4376939717721404,2123.1844473312867,161.8690169568509,60.565475731903774,0.7392610791915449,98.03674018247274,20.874135950985327
89.01878133261103,-0.5794344146025698,2123.1844473312867,161.8690169568509,58.41915243610136,0.7418231777717585,94.56250776284149,20.19112469572294
80.73123427657748,0.537735524983946,2123.1844473312867,161.8690169568509,56.31020737386256,0.6727602856381457,91.14877912243551,17.96313800463208
85.9313057767318,-4.626543941028791,2123.1844473312867,161.8690169568509,54.17780911301553,0.7160942148060984,87.69708701999743,18.19379446562143
81.94630430029784,-4.17747601916993,2123.1844473312867,161.8690169568509,52.06338388024669,0.6828858691691486,84.2744876814269,16.81466367405776
90.13265977098649,-5.043301674876027,2123.1844473312867,161.8690169568509,49.91203680501358,0.7511054980915541,80.7921233194171,17.425921506008773
91.47079257876864,-8.812436675895807,2123.1844473312867,161.8690169568509,47.75465452535988,0.762256604823072,77.29998983134035,16.872902482930705
89.40952194508311,-8.531948304536423,2123.1844473312867,161.8690169568509,45.60656892356065,0.7450793495423593,73.8229047843163,15.818975128348425
91.90095638157808,-8.491117308905446,2123.1844473312867,161.8690169568509,43.44724653267943,0.7658413031798174,70.32763085726768,15.409322871228612
92.59873283462053,-6.97815083399224,2123.1844473312867,161.8690169568509,41.284777052428986,0.7716561069551711,66.82726276759436,14.732069343748591
88.34099335760436,-8.280470837635765,2123.1844473312867,161.8690169568509,39.14151069459207,0.736174944646703,63.35797858339685,13.444432309412578
94.87853262419759,-8.26104485582963,2123.1844473312867,161.8690169568509,36.96875893317485,0.7906544385349799,59.84096666627813,13.452762463107504
88.11593497189682,-7.176892205469888,2123.1844473312867,161.8690169568509,34.8265076265768,0.7342994580991402,56.37332553554257,11.937481657225215
91.51163419202351,-6.903581661972206,2123.1844473312867,161.8690169568509,32.66894114436606,0.7625969516001959,52.88089388059754,11.546914143369765
90.5307997395216,-8.453449870314797,2123.1844473312867,161.8690169568509,30.51579839079359,0.75442333116268,49.39562287171211,10.692198757780337
98.69384522756144,0.5709560264361491,2123.1844473312867,161.8690169568509,28.32583892670602,0.8224487102296787,45.850757015440045,10.637890825595406
98.38632528277114,0.5029139459875414,2123.1844473312867,161.8690169568509,26.137266429382453,0.8198860440230928,42.30813622863439,9.791578757647043
108.30010652954908,1.6483419912613098,2123.1844473312867,161.8690169568509,23.9039811082963,0.9025008877462424,38.693139233550575,9.659922969634115
116.88541178330864,1.7020321959047833,2123.1844473312867,161.8690169568509,21.63197461400652,0.9740450981942387,35.0154646560479,9.273969458270333
120.0,1.294405454618935,2123.1844473312867,161.8690169568509,19.345920802092984,1.0,31.31505182359884,8.46258329584093
120.0,0.5704159189833273,2123.1844473312867,161.8690169568509,17.059866990179447,1.0,27.614638991149782,7.462583295840932
111.27507725721406,1.6303369841050601,2123.1844473312867,161.8690169568509,14.813164049868726,0.9272923104767838,23.977923027728153,6.113907126224122
109.39276197777976,0.3778589167932309,2123.1844473312867,161.8690169568509,12.574950668613218,0.9116063498148312,20.354949030093163,5.121676500605028
111.32028262088484,0.9460886982448273,2123.1844473312867,161.8690169568509,10.328043844495841,0.927669021840707,16.71790304195797,4.2640870675689815
120.0,0.4501699704233628,2123.1844473312867,161.8690169568509,8.041990032582305,1.0,13.017490209508912,3.5178480885586736
120.0,-0.01840396508274722,2123.1844473312867,161.8690169568509,5.755936220668768,1.0,9.317077377059851,2.517848088558673
119.89117048292051,1.4013599694855965,2123.1844473312867,161.8690169568509,3.470373248213578,0.999093087357671,5.617459061616855,1.5170117667406124
120.0,0.03587596601019305,2123.1844473312867,161.8690169568509,1.1843194363000409,1.0,1.9170462291677943,0.5180627989280394
71.81292757421764,-0.9298247775674,1624.446031771318,189.83302245681682,92.47990655324881,0.5984410631184803,175.55740177527204,35.79022330937999
75.15741954363887,-0.0813072573453173,1624.446031771318,189.83302245681682,90.92791702613552,0.6263118295303238,172.6112131477396,36.69433915185369
83.00723789293117,-0.9806674666196353,1624.446031771318,189.83302245681682,89.36266229225683,0.6917269824410931,169.63984277726928,39.49169639445806
73.65830502867706,-0.9334289014730861,1624.446031771318,189.83302245681682,87.81320608032627,0.6138192085723089,166.6984632185166,34.787322315655324
74.56854633729824,-0.6390339838637347,1624.446031771318,189.83302245681682,86.26221167494613,0.6214045528108187,163.75416366064735,34.56087970685104
79.56454041498522,0.3752102019875865,1624.446031771318,189.83302245681682,84.7027746672674,0.6630378367915435,160.7938372556607,36.013730730441246
76.04967038204067,0.8677340797026396,1624.446031771318,189.83302245681682,83.1492773483389,0.6337472531836723,157.84478634135309,33.92064182000817
67.09817326666165,0.7088459206552364,1624.446031771318,189.83302245681682,81.61090693487641,0.5591514438888471,154.92445128889582,29.66311367559809
69.782954964437,-0.20463772970993133,1624.446031771318,189.83302245681682,80.06799957765853,0.5815246247036416,151.9955036189805,30.17777651221202
73.21231904226778,-0.9178672525067768,1624.446031771318,189.83302245681682,78.51929702601167,0.6101026586855648,149.05555475632343,30.93223538809973
64.28256422261815,-0.534440631125042,1624.446031771318,189.83302245681682,76.98568463808274,0.5356880351884845,146.1442520075458,26.890960496940195
60.43810430328553,-0.6083499022896846,1624.446031771318,189.83302245681682,75.45856890440261,0.503650869194046,143.2452820538872,24.886636276908163
53.52072186822656,-0.7116210721876939,1624.446031771318,189.83302245681682,73.94314267794331,0.4460060155685546,140.36850264509624,21.762251351199296
48.347549429798704,0.8660297462608411,1624.446031771318,189.83302245681682,72.4364584629517,0.4028962452483225,137.5083184608979,19.36993621053619
54.05302455228932,-0.7904834809230039,1624.446031771318,189.83302245681682,70.92013271183443,0.4504418712690777,134.62983145726093,21.067634883752156
60.267793785400585,-0.47435394757522253,1624.446031771318,189.83302245681682,69.39330478153184,0.5022316148783382,131.73140784945267,22.82608984973614
61.11017570577546,0.5573043021498187,1624.446031771318,189.83302245681682,67.86505333162002,0.5092514642147955,128.83028193134493,22.61432683746952
68.75862519035748,-0.5237558571445009,1624.446031771318,189.83302245681682,66.32387696302435,0.572988543252979,125.90462024944955,24.65832101913259
66.45578810858065,5.378290851190496,1624.446031771318,189.83302245681682,64.78659209977026,0.5537982342381721,122.98634592976319,23.339005778808207
73.837568567096,5.805413728203236,1624.446031771318,189.83302245681682,63.2368329549823,0.6153130713924666,120.04439130441129,25.107417524538075
63.897264032087804,6.845873913843488,1624.446031771318,189.83302245681682,61.70387167596656,0.5324772002673983,117.13432457536304,21.432964606107443
55.329947545552166,5.131945807866442,1624.446031771318,189.83302245681682,60.185388085422254,0.4610828962129347,114.25174127992199,18.275108944824836
53.69732124549026,5.573583334777704,1624.446031771318,189.83302245681682,58.66966342820319,0.44747767704575214,111.3743953509998,17.32066875000643
61.50744185850051,5.6167425310447845,1624.446031771318,189.83302245681682,57.14074064840546,0.5125620154875042,108.471995027079,19.15608399599503
62.53901267118863,5.587929763082672,1624.446031771318,189.83302245681682,55.610074643540024,0.5211584389265719,105.56628548632392,18.93401930773611
63.285295267345305,6.427402023042706,1624.446031771318,189.83302245681682,54.078147514849434,0.5273774605612108,102.65818191609465,18.61680988221214
63.02262537732998,6.965635619685897,1624.446031771318,189.83302245681682,52.54666426527133,0.5251885448110831,99.75092097500068,18.01972443887775
55.35574055975909,5.708244673997774,1624.446031771318,189.83302245681682,51.02813708777363,0.4612978379979924,96.86825493712858,15.501315791031208
49.147789167809364,6.58890395631854,1624.446031771318,189.83302245681682,49.520100568166264,0.4095649097317447,94.00550363220533,13.449074512060543
49.53393274582284,5.188234824245953,1624.446031771318,189.83302245681682,48.011411514426825,0.412782772881857,91.14151360201662,13.136095556453727
50.67522885069495,6.216801695408675,1624.446031771318,189.83302245681682,46.50079381366169,0.42229357375579124,88.27386236288648,12.999309085353683
45.87034154844924,5.792123408171456,1624.446031771318,189.83302245681682,44.998295768755135,0.382252846237077,85.42162491188579,11.448085867222703
47.23719449392311,5.8314965501713205,1624.446031771318,189.83302245681682,43.493487914101046,0.3936432874493593,82.56500267922836,11.377478866948953
51.525007533234344,5.07957158519481,1624.446031771318,189.83302245681682,41.98143419412793,0.42937506277695286,79.69462540143265,11.921389236680488
59.75958195705343,6.4706103089674905,1624.446031771318,189.83302245681682,40.45546507796392,0.49799651630877856,76.79783210646093,13.202548112587218
66.00484024211023,6.73909469497074,1624.446031771318,189.83302245681682,38.91894225994744,0.5500403353509186,73.8810044002816,13.932099023299317
58.84598749886253,6.384089285953268,1624.446031771318,189.83302245681682,37.3945170036345,0.49038322915718774,70.98714186112765,12.029218175883592
66.89360797098686,6.356627464995453,1624.446031771318,189.83302245681682,35.85649227982029,0.5574467330915572,68.06746304177803,12.995944845372286
66.66310656406974,7.029147379439623,1624.446031771318,189.83302245681682,34.318857074423754,0.5555258880339145,65.14852365701371,12.398918472773664
63.00604183697611,6.133110148050962,1624.446031771318,189.83302245681682,32.78740184894531,0.5250503486414676,62.24131591491512,11.240966425550218
65.53689731415054,6.9987927991854555,1624.446031771318,189.83302245681682,31.251669795685103,0.5461408109512544,59.325989341373145,11.11379569734384
66.75351915108527,5.084329380588788,1624.446031771318,189.83302245681682,29.713881804375877,0.556279326259044,56.40675991849286,10.748697638486945
68.06356616270915,6.559306890565396,1624.446031771318,189.83302245681682,28.173879998210268,0.5671963846892429,53.48332794395912,10.376690997162997
76.01776263196054,-8.050190530257947,1624.446031771318,189.83302245681682,26.620436599370525,0.6334813552663378,50.53437938778573,10.855593623395702
65.79368296850458,-8.550587102765594,1624.446031771318,189.83302245681682,25.084270610616805,0.5482806914042049,47.6182290613809,8.952952567916867
66.18839014579073,0.11268690903495338,1624.446031771318,189.83302245681682,23.547437616324167,0.5515699178815895,44.70081253820159,8.451183883084074
57.13626126460552,0.1356466991858476,1624.446031771318,189.83302245681682,22.025901582538477,0.4761355105383793,41.812434697496634,6.892583325139451
67.84537103234987,0.4423338894803357,1624.446031771318,189.83302245681682,20.486268498729313,0.565378091936249,38.8897026797566,7.522888093603018
76.61183903377257,1.3395096605043142,1624.446031771318,189.83302245681682,18.93182118540979,0.6384319919481047,35.938848362383375,7.775548393978962
85.0031742285787,0.7455263584812679,1624.446031771318,189.83302245681682,17.363193569891713,0.7083597852381558,32.96107514875311,7.84085907103888
76.2754401380814,0.9708117432735313,1624.446031771318,189.83302245681682,15.809314728441022,0.635628667817345,30.01129997871029,6.466947996127262
77.16126030374197,0.8442773187086903,1624.446031771318,189.83302245681682,14.253938962204105,0.6430105025311831,27.05868315110188,5.892744797812142
72.21997248664556,0.2724195205584943,1624.446031771318,189.83302245681682,12.706913351558619,0.6018331040553797,24.121917676232528,4.943319006942897
66.91673627659065,0.18841227095264368,1624.446031771318,189.83302245681682,11.168849543813756,0.5576394689715888,21.20216466267605,4.049371227171495
72.50261483694197,0.11651816320913722,1624.446031771318,189.83302245681682,9.621346303107229,0.6041884569745164,18.264492488225663,3.7564421346463845
78.19951826095392,0.13389886359419978,1624.446031771318,189.83302245681682,8.064216011368526,0.651662652174616,15.308544991827432,3.374893174680634
69.77172283757933,-0.5762861705765305,1624.446031771318,189.83302245681682,6.521327635033828,0.5814310236464945,12.379633353896367,2.457535010652877
77.8162740642702,0.631452185742948,1624.446031771318,189.83302245681682,4.964844977837023,0.6484689505355851,9.424915281723498,2.0684765085325076
85.53389384424779,0.4866756100177567,1624.446031771318,189.83302245681682,3.3953205128476522,0.7127824487020649,6.445439551634991,1.5419478467908367
89.97815164398025,0.4040384879391443,1624.446031771318,189.83302245681682,1.8182858105497397,0.7498179303665021,3.4517069110700014,0.8645233369275799
82.90992923444811,0.11869838369655872,2012.1612978783955,161.20431906125512,49.31030506877719,0.3454580384768671,79.49034151314983,21.93399471748115
84.55183991346594,-0.4865118251308842,2012.1612978783955,161.20431906125512,48.530873479071325,0.35229933297277477,78.23386412641618,21.935721596445664
86.51954839021334,-0.5661336396351611,2012.1612978783955,161.20431906125512,47.74808673797376,0.3604981182925556,76.97197809072806,21.98950814748634
77.99545642501018,0.7641709577431368,2012.1612978783955,161.20431906125512,46.97983447663171,0.3249810684375424,75.73352226415892,19.87310362948229
75.853473523854,0.2842675905882315,2012.1612978783955,161.20431906125512,46.215234523035825,0.316056139682725,74.500954115422,19.10359600362013
74.44369130206906,-0.27448967759764686,2012.1612978783955,161.20431906125512,45.453038397465946,0.3101820470919544,73.2722610412858,18.497491687108585
67.11460734827553,0.7817152290154255,2012.1612978783955,161.20431906125512,44.70333913640525,0.27964419728448137,72.06371345248564,16.674725503996218
77.62474656505502,-0.7127945486905771,2012.1612978783955,161.20431906125512,43.93571897464362,0.3234364440210626,70.82627659774091,18.512297381631686
76.2929761144833,0.2248058162059441,2012.1612978783955,161.20431906125512,43.17036962257431,0.31788740047701375,69.59250038629786,17.930787476134576
85.35071519262314,0.7379443301280042,2012.1612978783955,161.20431906125512,42.38957586589283,0.3556279799692631,68.33382712756668,19.307171846522596
85.28184200543932,0.4034720209211582,2012.1612978783955,161.20431906125512,41.608899545291216,0.35534100835599713,67.07534318086839,18.939153053359078
83.97956848676907,-0.695458628655405,2012.1612978783955,161.20431906125512,40.83044373898843,0.3499148686948711,65.82043879912517,18.353231158410008
84.65894656465754,0.1375713653083499,2012.1612978783955,161.20431906125512,40.0508295210965,0.3527456106860731,64.56366700786776,18.1214682770978
76.9341654175495,-0.663171786389718,2012.1612978783955,161.20431906125512,39.28438687334445,0.3205590225731229,63.328128356564015,16.430407017979068
80.97535199971178,0.6975771754783109,2012.1612978783955,161.20431906125512,38.51105357438797,0.3373972999987991,62.08148167790728,16.80197337117229
86.21323856468442,0.40147419866860456,2012.1612978783955,161.20431906125512,37.72878912399025,0.35922182735285174,60.820437597385364,17.3253489482227
86.8664678646589,2.421678331655446,2012.1612978783955,161.20431906125512,36.945410848439664,0.3619436161027454,59.55759798261024,17.06985758762251
86.13658606557335,3.3459758062114373,2012.1612978783955,161.20431906125512,36.16327709867271,0.35890244193988896,58.29676459715016,16.594461577869136
81.18650197663494,3.4139155419992613,2012.1612978783955,161.20431906125512,35.38958376663851,0.33827709156931224,57.04953752962209,15.473166140583848
87.89067414826404,5.951016195456122,2012.1612978783955,161.20431906125512,34.60445911088047,0.3662111422844335,55.78388267452532,16.140798032759694
91.38901746103191,6.571345364995549,2012.1612978783955,161.20431906125512,33.81336940919556,0.38078757275429964,54.50861190776045,16.275917682342012
95.33557885055417,5.815771859322835,2012.1612978783955,161.20431906125512,33.015550402283296,0.3972315785439757,53.22249321032626,16.438338882843112
97.93798833842777,7.445622013105503,2012.1612978783955,161.20431906125512,32.21329401152165,0.4080749514101157,51.92922125847355,16.385582639025603
96.66439990645534,6.869351930134071,2012.1612978783955,161.20431906125512,31.4132092239474,0.4027683329435639,50.639450024751795,15.813631390113843
92.88456207762863,6.343368323569823,2012.1612978783955,161.20431906125512,30.619569460268544,0.38701900865678596,49.36006844791393,14.931655343325144
102.55668905444192,6.192389129252108,2012.1612978783955,161.20431906125512,29.80943769552832,0.42731953772684134,48.05410105306552,15.723559660735996
100.51842373965344,-5.171026146152959,2012.1612978783955,161.20431906125512,29.002781389062726,0.41882676558188936,46.753736247062996,15.058632808913483
110.19009405740512,-5.799339745648358,2012.1612978783955,161.20431906125512,28.17963386018784,0.45912539190585466,45.42678687827069,15.717699423220598
118.56069390932898,-6.497756147417275,2012.1612978783955,161.20431906125512,27.34221357186996,0.4940028912888707,44.076829204807055,16.129454644421376
120.0,-6.566442008737853,2012.1612978783955,161.20431906125512,26.50233911420216,0.5,42.72291530435427,15.777559891388469
117.63265612654396,-0.5214524683428188,2012.1612978783955,161.20431906125512,25.666501228610727,0.49013606719393316,41.3755085324306,15.050858770200323
118.92511187602929,-1.4236151929164744,2012.1612978783955,161.20431906125512,24.82845956905692,0.49552129948345536,40.024549181697246,14.680690881622677
112.0450861217529,5.4143066279611025,2012.1612978783955,161.20431906125512,24.002149082213496,0.4668545255073038,38.69250098804956,13.560897627886021
107.30871911201709,5.743884046725755,2012.1612978783955,161.20431906125512,23.183914602843796,0.44711966296673783,37.373471667257235,12.668720696612864
108.62408035126943,4.675366543610897,2012.1612978783955,161.20431906125512,22.3634372932253,0.45260033479695594,36.05082680723463,12.336354811360769
102.89896046806317,5.3047182106388515,2012.1612978783955,161.20431906125512,21.55272191946813,0.42874566861692986,34.74391860944447,11.398126233936372
107.64687573319479,6.1147209143299595,2012.1612978783955,161.20431906125512,20.73391084723848,0.4485286488883116,33.423959796058504,11.357629780407157
102.2182331324075,5.064994194857423,2012.1612978783955,161.20431906125512,19.924356185697874,0.4259093047183646,32.11892271649332,10.482267712303178
93.4206915489166,5.908517506938291,2012.1612978783955,161.20431906125512,19.129802264478414,0.38925288145381914,30.83806747821699,9.37171216984442
98.07134296492009,4.387308457247108,2012.1612978783955,161.20431906125512,18.327318489952372,0.40863059568716703,29.544428973915224,9.332404354618674
95.34214732582181,4.836653116841756,2012.1612978783955,161.20431906125512,17.529488283093976,0.3972589471909242,28.258292221684144,8.728355983861032
86.26295042251483,6.120888729420973,2012.1612978783955,161.20431906125512,16.747139068712688,0.3594289600938118,26.99711149795971,7.694015241996809
90.72781638857921,5.690728044271742,2012.1612978783955,161.20431906125512,15.95717678489717,0.3780325682857467,25.723658177494165,7.6362285215038375
91.16858918378007,4.838286465980962,2012.1612978783955,161.20431906125512,15.166462936774886,0.37986912159908365,24.44899330290559,7.28616422646332
92.76398265861127,4.6783476009993255,2012.1612978783955,161.20431906125512,14.3730287737784,0.38651659441088027,23.169943163247734,7.001732962984367
85.02103959486742,4.493999954305638,2012.1612978783955,161.20431906125512,13.592797148913542,0.3542543316452809,21.91217608528377,6.171638159389274
87.98582124262508,4.602923517870776,2012.1612978783955,161.20431906125512,12.80751025728071,0.36660758851093783,20.646259698949773,5.979127501399985
85.7487130037591,5.231632855168153,2012.1612978783955,161.20431906125512,12.026037872171438,0.35728630418232954,19.38649246188262,5.4982603444190215
80.84504101848093,4.360761448739929,2012.1612978783955,161.20431906125512,11.252926767241764,0.33685433757700384,18.140203969593795,4.903043259644519
72.14492332549766,4.3878118454004795,2012.1612978783955,161.20431906125512,10.494650284579834,0.30060384718957356,16.917829529116993,4.160398380520999
73.16380448492822,5.538158052175107,2012.1612978783955,161.20431906125512,9.73463650161126,0.30484918535386757,15.692654485510817,3.904660775546645
75.50315446432552,4.500076013668712,2012.1612978783955,161.20431906125512,8.970633879121076,0.3145964769346897,14.461049260315386,3.6938745119015897
73.92119779609209,6.047146153713652,2012.1612978783955,161.20431906125512,8.20932866032649,0.30800499081705035,13.233792366379776,3.3212884086641834
68.90230677425039,6.017156235822027,2012.1612978783955,161.20431906125512,7.456581182373966,0.28709294489271,12.020330920295637,2.843891096522975
75.20127936029525,5.357658019563509,2012.1612978783955,161.20431906125512,6.693093288913706,0.31333866400123017,10.789555460527904,2.7468738236030465
71.2986551503353,4.723910052016268,2012.1612978783955,161.20431906125512,5.936259783135396,0.2970777297930638,9.569507161110556,2.330143375486734
64.92653747908116,5.418908836338245,2012.1612978783955,161.20431906125512,5.190291412983345,0.2705272394961715,8.366973929594597,1.8822717749398212
73.1759699271653,5.855392683718635,2012.1612978783955,161.20431906125512,4.430256886647073,0.3048998746965221,7.141765446783775,1.7772676408840569
63.61850807373992,5.710462334997618,2012.1612978783955,161.20431906125512,3.6865188451903435,0.26507711697391634,5.9428276014539385,1.31391932734682
74.13703896556692,4.480760683811822,2012.1612978783955,161.20431906125512,2.924845594337804,0.3089043290231955,4.714977423945377,1.1862008608075512
80.231842752811,5.337401300857245,2012.1612978783955,161.20431906125512,2.152780057407031,0.3342993448033792,3.4703744324295016,0.9321397320205485
77.32387191347657,5.60592646762443,2012.1612978783955,161.20431906125512,1.3856729187979189,0.3221827996394857,2.2337645931644037,0.5819786544711321
74.77358489184934,4.169654420174131,2012.1612978783955,161.20431906125512,0.6229142897119229,0.3115566037160389,1.0041647390653592,0.2544357456059077
42.91127796780854,0.17688765528104633,2461.7049330024875,196.599666338478,52.45776966228365,0.7151879661301422,103.13180012465699,15.803084053674166
40.17079489636517,0.756432620548406,2461.7049330024875,196.599666338478,50.09409141610954,0.6695132482727528,98.48481657936351,14.189180747234932
49.5545746453258,-0.9148180920593738,2461.7049330024875,196.599666338478,47.694930558076095,0.8259095774220967,93.76807433754638,16.41894907150393
58.028352609677654,-0.32807270289269574,2461.7049330024875,196.599666338478,45.263728051311006,0.9671392101612942,88.9883383212335,18.006038606281468
50.03303463441791,-0.6645111877207945,2461.7049330024875,196.599666338478,42.86275800651728,0.8338839105736318,84.26803922428223,14.886718117100296
41.65016966476688,0.08153646565467265,2461.7049330024875,196.599666338478,40.49348584380783,0.6941694944127813,79.61005805774501,11.864125632178085
46.55821287581598,0.5830820126664005,2461.7049330024875,196.599666338478,38.105655040880315,0.775970214596933,74.91559066646212,12.383144267666188
53.810406524965146,-0.12185877051612093,2461.7049330024875,196.599666338478,35.69040173025701,0.8968401087494191,70.16721071654766,13.252681873278805
62.05190461087527,-0.8586636193838431,2461.7049330024875,196.599666338478,33.243985084011484,1.0341984101812545,65.35756375277997,14.053565476975374
64.7868961017854,0.8117211275850542,2461.7049330024875,196.599666338478,30.78722669444858,1.0797816016964235,60.52758495615674,13.531440899174912
61.881972508762544,-0.975624897976515,2461.7049330024875,196.599666338478,28.341452607489718,1.0313662084793758,55.71920126180266,11.951396768182473
58.77761308744908,0.984862865252258,2461.7049330024875,196.599666338478,25.907416943998278,0.979626884790818,50.93389526881893,10.426963965441981
53.24231644566779,-0.24201516274011436,2461.7049330024875,196.599666338478,23.494311735773373,0.8873719407611298,46.18973848105233,8.639570678792023
46.24320041833446,-0.4917351938621932,2461.7049330024875,196.599666338478,21.107672080236217,0.770720006972241,41.49761288156448,6.816322327966182
48.74891610540177,-6.192565479131276,2461.7049330024875,196.599666338478,18.711557635271706,0.8124819350900294,36.78685987767618,6.344773133855613
50.40235510110407,1.8510336586722091,2461.7049330024875,196.599666338478,16.309191089801097,0.8400392516850679,32.06381526505374,5.702860250237741
54.665863821185326,1.358977903152165,2461.7049330024875,196.599666338478,13.890703063528436,0.9110977303530887,27.309075874965647,5.232933922643553
57.66628146808169,6.498097493517623,2461.7049330024875,196.599666338478,11.460869645779326,0.9611046911346949,22.53203148309006,4.533271910979658
64.33082193517843,6.175493095859749,2461.7049330024875,196.599666338478,9.005835796120992,1.0721803655863071,17.705443126165083,3.9330945753106668
66.29855801409312,6.298353285607929,2461.7049330024875,196.599666338478,6.543361403589998,1.104975966901552,12.864226686778686,2.936175545885255
69.28166311875529,5.43748490326067,2461.7049330024875,196.599666338478,4.069607082992057,1.1546943853125882,8.00083394644945,1.8996035337993542
76.89781556947852,4.090684404758943,2461.7049330024875,196.599666338478,1.5670540279288825,1.2816302594913087,3.0808229902518627,0.8025339788053742
62.50878830328002,0.17947522511240632,1462.7096094706706,182.33622321990313,41.26846124321713,1.0418131383880003,75.2473536118516,12.265942025118852
72.4687564933385,-6.257871351971502,1462.7096094706706,182.33622321990313,37.715455254622285,1.2078126082223084,68.76893668147076,12.821031691925915
72.07011804163747,5.203133729957025,1462.7096094706706,182.33622321990313,34.164364466731115,1.2011686340272911,62.29401185572012,11.556213414437668
68.94877332374078,5.936501096859596,1462.7096094706706,182.33622321990313,30.628269727451503,1.1491462220623463,55.846430258639984,9.953455164715905
63.19014315902332,4.640043792197799,1462.7096094706706,182.33622321990313,27.119841492736708,1.0531690526503887,49.449294721080314,8.140904092130032
66.29712837920624,4.875644121327593,1462.7096094706706,182.33622321990313,23.59648619753734,1.1049521396534374,43.02494174519532,7.4000450501817365
59.51632324619857,5.452054290786935,1462.7096094706706,182.33622321990313,20.105708298489393,0.9919387207699761,36.65998916307621,5.713233882687626
55.090103774253535,4.421469442579861,1462.7096094706706,182.33622321990313,16.636195529814938,0.9181683962375589,30.33381061654291,4.402586180693162
46.245404001935476,5.832748965512448,1462.7096094706706,182.33622321990313,13.209175840158572,0.7707567333655913,24.08511234542105,2.9708207547629195
56.33555959626945,4.955646182200525,1462.7096094706706,182.33622321990313,9.733679459375079,0.9389259932711574,17.748023506556006,2.6296113283583757
56.65957511630993,5.71233790257177,1462.7096094706706,182.33622321990313,6.256626392954922,0.9443262519384988,11.40809626589366,1.6992253033174354
53.48630189088941,-7.111840630105105,1462.7096094706706,182.33622321990313,2.7948188581395574,0.8914383648481568,5.095967151769291,0.7196843637003636
61.69202968586715,-0.842106070326756,2374.098264562981,103.66044471607923,35.88520351987111,0.25705012369111313,37.19876155596851,6.685767589845484
61.85050329658225,-0.5492122113663405,2374.098264562981,103.66044471607923,34.505039453089594,0.257710430402426,35.768077346531264,6.442935867215311
61.895643611382155,-0.9804555371610375,2374.098264562981,103.66044471607923,33.1247407480226,0.25789851504742567,34.33725357044854,6.189110675019696
67.48815368836654,0.931021649135866,2374.098264562981,103.66044471607923,31.727761477665346,0.2812006403681939,32.88913864620476,6.386542044168753
60.540615208458064,-0.14674925304721098,2374.098264562981,103.66044471607923,30.351504363839855,0.25225256336857527,31.462504401576584,5.5630918822933735
57.875884773115686,0.5647661864471005,2374.098264562981,103.66044471607923,28.983195239270675,0.24114951988798203,30.044109077957486,5.1079712115275
48.66728473890919,0.6197631714114216,2374.098264562981,103.66044471607923,27.642352252801928,0.20278035307878828,28.654185275239623,4.18044916990142
54.64425324493034,-0.22187858076269484,2374.098264562981,103.66044471607923,26.283681991633607,0.22768438852054307,27.245781640287426,4.4045889818678505
59.17435685453546,0.7974136591495862,2374.098264562981,103.66044471607923,24.911499964193702,0.24655982022723108,25.823371648329108,4.4762100289433135
52.21556341897523,0.10267508539815218,2374.098264562981,103.66044471607923,23.56007366301007,0.21756484757906344,24.422477134512096,3.792914072306329
49.245339370107736,-0.015154621202810636,2374.098264562981,103.66044471607923,22.217506535165747,0.20518891404211556,23.03076607917678,3.395574004552034
56.733984274603365,-0.275080302770879,2374.098264562981,103.66044471607923,20.852603313412693,0.23639160114418067,21.61590132956347,3.611523664623548
50.97600085767867,0.0314722088287398,2374.098264562981,103.66044471607923,19.504874207933753,0.21240000357366112,20.218839345255965,3.0739377332039637
56.40282567367317,-0.5567816235216982,2374.098264562981,103.66044471607923,18.14095872023718,0.23501177364030487,18.804998485158215,3.125808690374627
53.503676276640164,-0.21650382478957653,2374.098264562981,103.66044471607923,16.785690414242158,0.22293198448600068,17.4001213320677,2.761126530046952
59.61479353770932,0.003796360805329302,2374.098264562981,103.66044471607923,15.41219471320153,0.24839497307378883,15.976349580212757,2.7872760634730547
61.505891665586596,0.4373907742950778,2374.098264562981,103.66044471607923,14.033058506313237,0.2562745486066108,14.546730854911885,2.6076581242035934
62.20030399463642,0.6195680534766277,2374.098264562981,103.66044471607923,12.651851102407214,0.2591679333109851,13.11496511757149,2.37397663341246
56.97598653886351,0.12209747073340749,2374.098264562981,103.66044471607923,11.286226069783226,0.23739994391193128,11.699352135599362,1.9619949634312588
59.67249360808631,0.6351653756986719,2374.098264562981,103.66044471607923,9.912558268955932,0.24863539003369298,10.275401984340203,1.7941840013642667
61.485385225765,-0.13336101953420632,2374.098264562981,103.66044471607923,8.533483225839113,0.25618910510735415,8.845846661676848,1.5852548720883153
62.22981615811613,-5.903422503626587,2374.098264562981,103.66044471607923,7.1521877971351,0.2592909006588172,7.413989677439394,1.342578261726476
53.32849376476657,-5.970607994098367,2374.098264562981,103.66044471607923,5.797442001298629,0.22220205735319404,6.009654160702922,0.9508821094211177
44.2320694659667,-6.394195996346007,2374.098264562981,103.66044471607923,4.469827761299409,0.18430028944152793,4.633443335405735,0.6205044547893231
47.138776194096124,-6.55042080301491,2374.098264562981,103.66044471607923,3.1335437986370582,0.1964115674754005,3.2482454370402967,0.4605789386388376
47.135913721776944,-6.565024385466684,2374.098264562981,103.66044471607923,1.797268373761096,0.19639964050740394,1.863056388982197,0.2641542723385569
49.286931713987336,-6.759371296774507,2374.098264562981,103.66044471607923,0.4545771900280755,0.20536221547494724,0.4712167367609596,0.06952676831391476
77.45236146523084,0.5673471860392076,2181.6531260970423,75.35970520378163,36.646014488976135,0.32271817277179515,27.61632848782752,5.458901864636765
74.88189618101056,-0.24081271235512025,2181.6531260970423,75.35970520378163,34.48800671918321,0.31200790075421064,25.990060194236868,4.986326151495745
77.83837582906253,0.9608977972727855,2181.6531260970423,75.35970520378163,32.32031064935311,0.3243265659544272,24.356490826298945,4.835703450025905
81.64084346815095,-0.8684465931777108,2181.6531260970423,75.35970520378163,30.14015400080961,0.34017018111729563,22.71353120297592,4.702772918729561
86.50122790883506,0.3435454527244597,2181.6531260970423,75.35970520378163,27.9440700101691,0.36042178295347943,21.05856878160178,4.586186857591228
81.8125845562006,-0.779131257382567,2181.6531260970423,75.35970520378163,25.763350570946205,0.34088576898416917,19.41518504088185,4.027276234174968
81.66050665780298,-0.3018060270118359,2181.6531260970423,75.35970520378163,23.583129486687355,0.3402521110741791,17.77217685899369,3.6804568360134247
74.96934069295865,-0.8468627163597675,2181.6531260970423,75.35970520378163,21.424835163706447,0.31237225288732773,16.145692619765324,3.1008393788402815
84.04216720488968,-0.20651605747452062,2181.6531260970423,75.35970520378163,19.236809445317245,0.35017569668704035,14.496802888604297,3.0786946848636476
83.90294872739152,0.8437575867386982,2181.6531260970423,75.35970520378163,17.049239941934157,0.34959561969746467,12.848256959726971,2.7246401056759773
77.40674934758022,0.9515786726882294,2181.6531260970423,75.35970520378163,14.882958299854085,0.32252812228158423,11.21575350037179,2.2158580404337047
75.47322317597808,-6.585026714308355,2181.6531260970423,75.35970520378163,12.723012768253431,0.314471763233242,9.588024915195282,1.8523746086813113
85.5293000510956,-4.790618603933007,2181.6531260970423,75.35970520378163,10.530113757663933,0.3563720835462317,7.9354626853983925,1.71126830815102
94.46717928144847,-6.571311487674335,2181.6531260970423,75.35970520378163,8.307925570084247,0.3936132470060353,6.260828218165083,1.4715718397760875
85.10723933766758,-5.825360091982487,2181.6531260970423,75.35970520378163,6.1164096404939,0.35461349724028157,4.609308274131883,0.9897082580527498
88.06760219252908,-4.76955041926249,2181.6531260970423,75.35970520378163,3.9151926857076913,0.36694834246887115,2.950477666109337,0.6526723607788224
88.55004188923576,-4.844733572520466,2181.6531260970423,75.35970520378163,1.7123947897049185,0.36895850787181567,1.2904556654465429,0.2868182449436128
87.88361765984742,0.17968382377643666,1217.0587632301235,90.52566135038063,67.78219682168375,0.7323634804987285,61.360281950645906,14.233656349579938
79.77751993729545,-0.6957580221875397,1217.0587632301235,90.52566135038063,64.32371103653225,0.6648126661441287,58.2294648209286,12.364722739089725
81.85002763347323,-0.43929695030837856,1217.0587632301235,90.52566135038063,60.857783236113264,0.682083563612277,55.09191075767261,11.976618110225376
87.60305483255271,-1.9214575475500384,1217.0587632301235,90.52566135038063,57.371197313976,0.7300254569379393,51.93565579310858,12.01244870183442
92.94359244609811,-1.9566378672757276,1217.0587632301235,90.52566135038063,53.865434448597554,0.7745299370508175,48.76204077384868,11.900517278194028
90.38408096647753,-0.8770443269209933,1217.0587632301235,90.52566135038063,50.36886234450976,0.753200674720646,45.596745752030294,10.850015378903077
90.8522862314097,-0.9445494771892207,1217.0587632301235,90.52566135038063,46.870608996614585,0.7571023852617476,42.42992877313636,10.143876483776895
89.60599663654385,-1.146856738621492,1217.0587632301235,90.52566135038063,43.37683085824929,0.7467166386378654,39.26716300726616,9.270823747380314
83.01589621911016,-0.1282253115703147,1217.0587632301235,90.52566135038063,39.90671662618029,0.6917991351592513,36.12581914907201,7.955770387586453
83.07863857727357,-1.213570994323876,1217.0587632301235,90.52566135038063,36.43637709719769,0.6923219881439464,32.98427133935683,7.268944384842331
75.90856155356228,-1.8163647156894012,1217.0587632301235,90.52566135038063,32.991784069797596,0.6325713462796857,29.8660307204738,6.058671401582822
68.86419001651909,-0.7577475123236963,1217.0587632301235,90.52566135038063,29.572486157404835,0.5738682501376591,26.770688671740494,4.963215057062483
66.73940181894983,-0.437595307802608,1217.0587632301235,90.52566135038063,26.160817990482077,0.5561616818245819,23.682253500553255,4.264671656099751
64.29162168919507,-1.3453522888438203,1217.0587632301235,90.52566135038063,22.75793937697359,0.5357635140766256,20.601775130724032,3.583105646304232
58.85649920083179,-0.7389432715821622,1217.0587632301235,90.52566135038063,19.374577344568063,0.49047082667359826,17.538964275011253,2.8086456239758655
65.41853832952994,-1.7416140324486695,1217.0587632301235,90.52566135038063,15.96765216908154,0.5451544860794162,14.45482272818946,2.555042087441041
55.21149199303597,-2.027711338861968,1217.0587632301235,90.52566135038063,12.597378724641445,0.4600957666086331,11.403860403293812,1.7197419488720695
53.08176922502672,-0.9157308474019921,1217.0587632301235,90.52566135038063,9.234752744856962,0.44234807687522265,8.359820996354193,1.2148169738959418
51.065356007474065,-2.183440359478791,1217.0587632301235,90.52566135038063,5.879367354807433,0.4255446333956172,5.322336181157809,0.7456470523532791
54.90144951529363,-2.308076572984202,1217.0587632301235,90.52566135038063,2.5102072190692457,0.4575120792941136,2.272381686327433,0.34087133825232624
61.796456941493894,0.6872760256915889,1364.7830543130397,185.10566909273376,82.39232019265651,0.5149704745124492,152.51285557364443,67.9549781011609
64.01697965667955,0.4982099227994956,1364.7830543130397,185.10566909273376,81.76428155184065,0.5334748304723296,151.35032044540134,69.4530294870014
65.26206512516802,0.4915643160025436,1364.7830543130397,185.10566909273376,81.1341904824681,0.5438505427097335,150.1839861555457,70.02935872451663
59.254517829999514,0.6090933842850661,1364.7830543130397,185.10566909273376,80.51400239721703,0.4937876485833293,149.03598285070828,64.10445615971422
66.28382268869177,-0.6150384644591567,1364.7830543130397,185.10566909273376,79.88222703832822,0.5523651890724314,147.86653084547413,69.8415359522107
57.6340049308724,0.7725227690596264,1364.7830543130397,185.10566909273376,79.26471024515698,0.48028337442393665,146.7234722537145,61.64937201751864
61.4513249074784,0.8697928970351481,1364.7830543130397,185.10566909273376,78.64090089076937,0.5120943742289866,145.56876577441227,64.55748482642937
70.93168848059098,0.18965057854754241,1364.7830543130397,185.10566909273376,78.00146387915035,0.5910974040049248,144.3851316156283,72.10477649832956
75.49805485154549,0.9355743838668984,1364.7830543130397,185.10566909273376,77.35449956038872,0.6291504570962124,143.1875639845933,75.22457938642277
67.24125963311795,0.38386283934618426,1364.7830543130397,185.10566909273376,76.72114593962496,0.5603438302759829,142.0151905271555,67.87712167356086
75.81346193471377,0.9559995871225799,1364.7830543130397,185.10566909273376,76.07366169631126,0.6317788494559481,140.8166604862997,74.22841707224634
75.27483416509202,-0.14543658374534463,1364.7830543130397,185.10566909273376,75.42706533984854,0.6272902847091001,139.61977397434012,73.1749642862908
73.69695481433732,0.6364745740384596,1364.7830543130397,185.10566909273376,74.78306999730854,0.6141412901194776,138.42770208660542,71.31630937903812
83.56862917489558,-0.8877368239578554,1364.7830543130397,185.10566909273376,74.12280195151014,0.6964052431241298,137.20550850262478,78.17962453667455
88.9078477116487,0.9193976011020089,1364.7830543130397,185.10566909273376,73.45373261064192,0.7408987309304058,135.9670232225163,81.33951737006169
83.32154721834972,-0.9499917802056801,1364.7830543130397,185.10566909273376,72.79387186062866,0.694346226819581,134.7455835661239,76.59820691107915
79.05286880224998,-0.6726594668158177,1364.7830543130397,185.10566909273376,72.1410477018393,0.6587739066854165,133.53716903899786,72.79853110070681
71.65218185647241,-0.5637983992365041,1364.7830543130397,185.10566909273376,71.50042301177008,0.5971015154706034,132.351336420072,66.64278102129357
71.31784427068094,0.23371934978697362,1364.7830543130397,185.10566909273376,70.86034945174455,0.5943153689223412,131.16652397410107,65.79461698855425
73.7907987099313,0.5367206880747886,1364.7830543130397,185.10566909273376,70.21619941469075,0.6149233225827608,129.9741657380515,67.03031306293163
81.10810910584297,0.6590907232521404,1364.7830543130397,185.10566909273376,69.55998734880848,0.6759009092153581,128.75948000283287,71.647049998778
81.060721118649,0.6392295916317137,1364.7830543130397,185.10566909273376,68.90385339841356,0.6755060093220749,127.54493886380979,70.93820858996942
81.81938261205978,-1.0405881982348126,1364.7830543130397,185.10566909273376,68.24646885233396,0.6818281884338315,126.32808280127692,70.78408901166718
79.68675198805833,-0.6216236406193696,1364.7830543130397,185.10566909273376,67.59259978539565,0.6640562665671528,125.11773408993034,68.64568417531893
88.72244540574572,0.6433608023157469,1364.7830543130397,185.10566909273376,66.92383606610663,0.7393537117145477,123.87981453269096,73.98784528899945
89.11273381553471,0.6183101707637633,1364.7830543130397,185.10566909273376,66.25442898610233,0.742606115129456,122.64070407829485,73.49928853332909
94.5033393731318,0.8435949896054302,1364.7830543130397,185.10566909273376,65.5761359034385,0.7875278281094316,121.38514512922023,76.1367515072221
97.66507793502731,-1.0061468769217936,1364.7830543130397,185.10566909273376,64.89263093558486,0.813875649458561,120.1199386851927,77.27015110603152
90.07293207720419,-0.3511649043673448,1364.7830543130397,185.10566909273376,64.22164104188445,0.7506077673100349,118.87789835291395,71.84200991402471
96.4497081628603,0.8312665320870021,1364.7830543130397,185.10566909273376,63.54013951852557,0.8037475680238358,117.6164003982233,74.93781137597914
92.18555598536453,-0.5714337612559293,1364.7830543130397,185.10566909273376,62.86566712523102,0.7682129665447044,116.36791376176964,71.60296124232168
94.14269658137366,-5.113564504035371,1364.7830543130397,185.10566909273376,62.187968534739255,0.7845224715114472,115.11345525140784,71.99049763073502
87.71398101481665,-5.019195439423144,1364.7830543130397,185.10566909273376,61.520867192184,0.7309498417901388,113.87861284774434,67.40905057793988
80.20700341515212,-6.559033136878366,1364.7830543130397,185.10566909273376,60.866140530395654,0.6683916951262676,112.66667667971248,62.136499426773405
77.9565490447957,-6.424953351438363,1364.7830543130397,185.10566909273376,60.215123571219834,0.6496379087066307,111.46160738152291,60.08756975984427
86.02962678173509,-6.395179160622549,1364.7830543130397,185.10566909273376,59.550798758320624,0.7169135565144591,110.23190449165678,64.2649109323302
95.0676062556931,-6.436956568609608,1364.7830543130397,185.10566909273376,58.87157552468107,0.7922300521307758,108.97462378039499,68.66642517074092
84.18748367288678,-5.3455399394605845,1364.7830543130397,185.10566909273376,58.210287344380845,0.7015623639407232,107.75054186961908,61.75544643252513
81.82093444195853,-5.1719473597427195,1364.7830543130397,185.10566909273376,57.55290024022786,0.6818411203496544,106.53368107194737,59.6937994847502
79.15980658151256,-4.72418443693432,1364.7830543130397,185.10566909273376,56.899899802654836,0.659665054845938,105.32494024279934,57.48062844115506
71.32140348843683,-5.678508032639433,1364.7830543130397,185.10566909273376,56.25982037552995,0.594345029070307,104.14011693649486,52.23999266275513
72.09501404644617,-6.0039060977955225,1364.7830543130397,185.10566909273376,55.61846571032606,0.6007917837203847,102.95293309221175,52.100840665554784
75.4442267105836,-5.449516898329591,1364.7830543130397,185.10566909273376,54.97159012315472,0.6287018892548634,101.75552970838069,53.42718638818714
67.38494185283645,-5.892706135894068,1364.7830543130397,185.10566909273376,54.33799965319602,0.5615411821069703,100.58271782965585,48.15890706274807
67.97818780617716,-5.644097224556003,1364.7830543130397,185.10566909273376,53.70343126247076,0.5664848983848096,99.40809576415286,47.94153513834194
58.27572670329115,-4.963863550774056,1364.7830543130397,185.10566909273376,53.08485663983759,0.48563105586075955,98.26307907008987,41.675901398091334
64.8489835839755,-6.105621885154189,1364.7830543130397,185.10566909273376,52.45544650392129,0.5404081965331291,97.09800522666453,45.037967496750994
63.59063499583005,-4.605417034324551,1364.7830543130397,185.10566909273376,51.82811065980419,0.5299219582985838,95.93677101495302,43.78014448451076
66.54401947338852,-5.622251623736716,1364.7830543130397,185.10566909273376,51.19590638633499,0.554533495611571,94.766525064515,44.90612626458358
63.34545430870036,-5.615295262194347,1364.7830543130397,185.10566909273376,50.56897470390522,0.5278787859058364,93.60603897899904,42.57926297127416
73.5302778064258,-6.469159343577664,1364.7830543130397,185.10566909273376,49.92525411571698,0.6127523150535483,92.41447567714552,47.52343734281272
76.1924602882984,-4.28449794428494,1364.7830543130397,185.10566909273376,49.27714512248569,0.6349371690691534,91.21478918877456,48.275662505296005
80.6169757265448,-4.934682587224234,1364.7830543130397,185.10566909273376,48.62174265256959,0.67180813105454,90.00160206158606,49.83881440699918
82.47500558082058,-3.1483054299105326,1364.7830543130397,185.10566909273376,47.96327736196476,0.6872917131735048,88.78274547966856,50.06302312038512
82.23255210107345,-4.554237465185653,1364.7830543130397,185.10566909273376,47.30521173745362,0.6852712675089454,87.56462870234795,49.2608961776201
87.45289876942606,-3.1838110327621307,1364.7830543130397,185.10566909273376,46.63854076909326,0.7287741564118838,86.3305829457175,50.983115837294385
77.60738447474674,-3.6336636443654866,1364.7830543130397,185.10566909273376,45.98809938111532,0.6467282039562228,85.12657906244488,45.7255664627505
70.44301919291266,-3.1076812437123564,1364.7830543130397,185.10566909273376,45.34946790359511,0.5870251599409388,83.94443599294428,41.684883358262134
69.97138121057479,-4.878296327685108,1364.7830543130397,185.10566909273376,44.711613885364144,0.5830948434214566,82.76373204466296,40.87316337665016
74.45610775161036,-3.9908950955804965,1364.7830543130397,185.10566909273376,44.06636713703169,0.620467564596753,81.56934373386306,42.37410195216224
83.43739622902876,-3.1999765464829206,1364.7830543130397,185.10566909273376,43.40631541874854,0.6953116352419063,80.34755058437695,45.72507777441906
86.32050964879095,-3.1886361585801604,1364.7830543130397,185.10566909273376,42.74151110759953,0.7193375804065912,79.11696011606723,46.247556863647574
84.52392718373798,-4.214301415749947,1364.7830543130397,185.10566909273376,42.07966832579855,0.7043660598644832,77.89185160647257,44.783279343764036
91.68395389668078,-4.709881182677293,1364.7830543130397,185.10566909273376,41.40602278534019,0.7640329491390064,76.64489552149375,46.96173848234021
93.97535551120485,-4.168129194056422,1364.7830543130397,185.10566909273376,40.72860004385624,0.7831279625933738,75.39094762328355,47.083901408085744
87.08194086930648,-4.537071321352428,1364.7830543130397,185.10566909273376,40.06254057133839,0.725682840577554,74.15803378012384,43.6488023098914
87.37256905634933,-5.114441611907477,1364.7830543130397,185.10566909273376,39.39600202039133,0.7281047421362444,72.92423313563228,43.03489400800514
91.11267113307836,-4.893879717681349,1364.7830543130397,185.10566909273376,38.72329819605418,0.7592722594423197,71.6790202205806,43.70649467222489
98.36575050133348,-4.183736818283417,1364.7830543130397,185.10566909273376,38.03863822284519,0.8197145875111124,70.41167579616196,45.54206154944276
93.15020868316392,6.49085856279337,1364.7830543130397,185.10566909273376,37.362575673055865,0.776251739026366,69.16024568988904,42.899528083239964
86.05936660814265,6.168688410410918,1364.7830543130397,185.10566909273376,36.698201836318106,0.7171613884011888,67.93045205411853,39.6140424643925
89.85519997643155,5.12654611690461,1364.7830543130397,185.10566909273376,36.02757085740117,0.7487933331369295,66.6890760934512,40.22660108948211
88.14977321769646,-2.736261133806541,1364.7830543130397,185.10566909273376,35.35975114459374,0.7345814434808039,65.45290394572582,38.89465455837398
96.25535502432876,-1.0668715033772425,1364.7830543130397,185.10566909273376,34.67856999757986,0.802127958536073,64.19199902581222,40.83590786246796
86.65690291417579,-2.2477160345395886,1364.7830543130397,185.10566909273376,34.01321116775591,0.7221408576181315,62.960382111999024,36.91591421358188
85.27092340494482,-1.9933602775189645,1364.7830543130397,185.10566909273376,33.350137019582945,0.7105910283745402,61.73299427344251,35.74005746789474
79.5906110085938,-6.208037614435046,1364.7830543130397,185.10566909273376,32.69642643372623,0.6632550917382817,60.522938919562414,33.17381083158471
79.07736377003381,-6.363557782829606,1364.7830543130397,185.10566909273376,32.04356189684827,0.6589780314169484,59.31444965030527,32.34362129600432
63.90575898880451,-0.6728965773541071,1375.9712002883352,62.86206947076275,22.079878405000915,0.5325479915733708,13.879868502011618,3.8509600974398603
68.68835829706987,-0.7849074760905552,1375.9712002883352,62.86206947076275,18.99939552898056,0.5724029858089156,11.943413216452752,3.5303915545223683
62.093793822872,-0.9699546515242508,1375.9712002883352,62.86206947076275,15.956230055992746,0.5174482818572667,10.030416422712886,2.7131366666323187
62.87087279171846,-0.4736769497084523,1375.9712002883352,62.86206947076275,12.908667238922238,0.5239239399309872,8.11465536748089,2.2192027548017315
66.11494646128584,-0.09957213808684573,1375.9712002883352,62.86206947076275,9.842746817635687,0.550957887177382,6.187354342333435,1.7687800873810138
70.77727880842232,-0.054116272916570285,1375.9712002883352,62.86206947076275,6.750443132382202,0.5898106567368527,4.243468251462432,1.2875460182523275
61.27468579368403,-0.2734971057570741,1375.9712002883352,62.86206947076275,3.711912838043711,0.5106223816140336,2.333385226945199,0.6237837342734887
56.66495496212604,0.547005539094324,1375.9712002883352,62.86206947076275,0.6994681455650298,0.472207958017717,0.43970015159094494,0.1096433157894531
50.43814374526069,0.3226964126238394,2395.4975405791993,124.67813385233761,30.361790710836736,0.21015893227191954,37.85451406242363,9.46299117492043
52.44528302950381,0.31202915918301266,2395.4975405791993,124.67813385233761,29.682873541200543,0.21852201262293255,37.008052804918115,9.553980303857868
60.708240330604255,0.1941240418857748,2395.4975405791993,124.67813385233761,28.98490783862216,0.25295100137751775,36.137842192014034,10.504472405348825
56.69763794968828,-0.4259996418420602,2395.4975405791993,124.67813385233761,28.296187747365128,0.23624015812370117,35.279158834768644,9.705969017884692
54.09651993276879,7.954427650821026,2395.4975405791993,124.67813385233761,27.613463993790393,0.22540216638653662,34.42795159944504,9.11662231326724
54.40237046995111,7.783576924323585,2395.4975405791993,124.67813385233761,26.9300351652866,0.22667654362479628,33.57586528985762,8.932030719754014
52.003079263279425,7.632720890119556,2395.4975405791993,124.67813385233761,26.25213740464662,0.21667949693033092,32.7306750124649,8.391088238460371
47.76252793927163,7.818039603036117,2395.4975405791993,124.67813385233761,25.584015354886528,0.19901053308029845,31.897672908968033,7.620596470268788
55.06587059493526,6.770296487883967,2395.4975405791993,124.67813385233761,24.899056964565172,0.22944112747889692,31.043679570250355,8.340459484598558
49.31657462571538,8.362343954162208,2395.4975405791993,124.67813385233761,24.227352382737962,0.20548572760714742,30.20621083262754,7.41155452419156
51.740272205979245,7.595386040350019,2395.4975405791993,124.67813385233761,23.55006046921857,0.21558446752491353,29.361775914118777,7.496069486573976
61.214152150425534,7.185439305707408,2395.4975405791993,124.67813385233761,22.850928491950082,0.25505896729343974,28.490111211695474,8.33652931399924
63.00855496821541,7.957558890628046,2395.4975405791993,124.67813385233761,22.147659891443602,0.26253564570089755,27.613289044614547,8.267893925843568
58.8323689319751,7.256320327845603,2395.4975405791993,124.67813385233761,21.45401862100616,0.24513487054989624,26.748470053003494,7.581913449467549
50.24181927174753,8.471238210422454,2395.4975405791993,124.67813385233761,20.78018107969758,0.20934091363228138,25.908341981303483,6.455772832454902
60.55583811956319,8.070270162146135,2395.4975405791993,124.67813385233761,20.082566708783116,0.2523159921648466,25.038569402161603,7.263544094857256
60.794303222514465,7.08329842857407,2395.4975405791993,124.67813385233761,19.38440260607123,0.25330959676047693,24.16811142767351,7.0330960708430785
56.46569085581553,7.05076685588168,2395.4975405791993,124.67813385233761,18.69621722069461,0.23527371189923138,23.310094731741422,6.391778316506781
65.34421496822827,8.135967077621673,2395.4975405791993,124.67813385233761,17.987564240863545,0.2722675623676178,22.426559420999066,6.91090055101205
56.70335835286382,8.621865023038382,2395.4975405791993,124.67813385233761,17.298830962404356,0.23626399313693258,21.567859622196124,5.934214314316233
52.805868318097325,7.100022576357689,2395.4975405791993,124.67813385233761,16.61908253823084,0.22002445132540552,20.72036197204591,5.379349752008337
45.85504173037445,7.989481590577126,2395.4975405791993,124.67813385233761,15.955357801994575,0.19106267387656023,19.892842356990187,4.592978320490329
45.70424906983207,6.949557464207579,2395.4975405791993,124.67813385233761,15.291980686937643,0.1904343711243003,19.06575614953373,4.389838990921471
51.835842546082944,6.748007628960881,2395.4975405791993,124.67813385233761,14.614468455836372,0.2159826772753456,18.22104654317533,4.658915188758878
48.901911541963244,5.148231836890738,2395.4975405791993,124.67813385233761,13.943719793678467,0.20375796475818017,17.384769628357333,4.235780295376017
57.17464323880576,4.586284236894927,2395.4975405791993,124.67813385233761,13.25390006573783,0.23822768016169066,16.524715264615672,4.577204359147173
50.0604245935074,4.718178973773098,2395.4975405791993,124.67813385233761,12.580480692208422,0.20858510247294748,15.685108556699104,3.8966815590562125
41.75806463595038,4.76027919138148,2395.4975405791993,124.67813385233761,11.92620068626698,0.1739919359831266,14.869364455122351,3.1715209504852377
49.23058340048668,5.480334681177839,2395.4975405791993,124.67813385233761,11.254694339360611,0.20512743083536117,14.032142873099488,3.4380114876147703
58.546550426674195,5.229477422305638,2395.4975405791993,124.67813385233761,10.561711964160711,0.24394396011114247,13.168145379774646,3.7179384848674935
63.79653797808892,4.05400019646455,2395.4975405791993,124.67813385233761,9.856626832384071,0.2658189082420372,12.289058395405238,3.7159736682172775
66.7126140752957,5.644462751175141,2395.4975405791993,124.67813385233761,9.144819292445867,0.2779692253137321,11.40159003799005,3.5711596066767313
67.1845590301267,5.041037514118343,2395.4975405791993,124.67813385233761,8.431923781374397,0.27993566262552794,10.51276521846906,3.310998784940245
76.68947279094316,4.325688307710535,2395.4975405791993,124.67813385233761,7.697116664531776,0.3195394699622631,9.596621417775511,3.3471812164673946
76.56834022706387,3.7181337496792057,2395.4975405791993,124.67813385233761,6.96258879367208,0.31903475094609945,8.680825775762335,3.0241300158283235
73.22424076834352,3.760629269286759,2395.4975405791993,124.67813385233761,6.235770049990485,0.30510100320143135,7.774641729651116,2.617626078750386
72.12885570379936,5.5800576644610995,2395.4975405791993,124.67813385233761,5.511476489209638,0.3005368987658307,6.87160603445691,2.2869208583079454
81.98050556585417,5.5744610593975645,2395.4975405791993,124.67813385233761,4.764471994547132,0.3415854398577257,5.940254770718613,2.1786672952784363
71.71793423346259,4.9591845399065555,2395.4975405791993,124.67813385233761,4.0411257279224975,0.2988247259727608,5.038400144200464,1.6694470462990112
67.6375334386239,3.9327999461603205,2395.4975405791993,124.67813385233761,3.3271859783746804,0.28182305599426627,4.148273387634193,1.3133849472321937
75.57043274248282,4.925781411570762,2395.4975405791993,124.67813385233761,2.5949585760882363,0.31487680309367844,3.2353459269080056,1.1158995935521479
68.00276416632494,5.657605212245633,2395.4975405791993,124.67813385233761,1.8801768629074733,0.28334485069302057,2.3441694257964616,0.7453162590384628
73.74693948257699,4.265394801063417,2395.4975405791993,124.67813385233761,1.1521531458351053,0.30727891451073747,1.436483041348211,0.4862923551804433
66.53202422609073,4.6630290350940165,2395.4975405791993,124.67813385233761,0.4407619183097885,0.27721676760871133,0.549533734480409,0.1717572406731795
89.03587362317688,-0.04682364216073065,2364.6489881878115,135.27287723325526,19.69993579136374,0.370982806763237,26.648669958081584,9.735020244977918
97.35112974537722,-0.9474111186632266,2364.6489881878115,135.27287723325526,18.92845535639476,0.4056297072724051,25.605066176407412,9.952221025076204
90.91045553357051,-0.9724706133292,2364.6489881878115,135.27287723325526,18.173050128983085,0.37879356472321046,24.583207790517225,9.11277045809956
92.38164386928649,-4.241469043734971,2364.6489881878115,135.27287723325526,17.41397297886972,0.384923516122027,23.55638228913868,8.8305223094641
99.48022802070167,-2.6134418137221185,2364.6489881878115,135.27287723325526,16.63717855105462,0.414500950086257,22.505590116445592,8.87767222476567
102.52823476928013,-3.397899435637931,2364.6489881878115,135.27287723325526,15.85277663689444,0.42720097820533387,21.444507078088385,8.633739367914135
104.92574000545716,-3.4491338862655185,2364.6489881878115,135.27287723325526,15.062390815922047,0.43719058335607147,20.375329436815345,8.33154549691764
111.56750615039167,-2.8150302154477984,2364.6489881878115,135.27287723325526,14.255427884259726,0.4648646089599653,19.283727460949894,8.21207969902939
116.60286615159391,-3.1173276801234566,2364.6489881878115,135.27287723325526,13.43589725324123,0.4858452756316413,18.175124796563324,7.965251031858105
110.02309866201577,-3.0627853762661434,2364.6489881878115,135.27287723325526,12.632788991154213,0.45842957775839904,17.08873714314022,7.211037909230591
120.0,-7.386068301438002,2364.6489881878115,135.27287723325526,11.804779491322114,0.5,15.968664868952658,7.128408245144445
117.02960598770011,-5.852009028606194,2364.6489881878115,135.27287723325526,10.984183765064707,0.48762335828208375,14.858621419591135,6.527141690021744
120.0,-6.89440180584156,2364.6489881878115,135.27287723325526,10.156174265232607,0.5,13.738549145403569,6.132885110190191
111.48638122656264,6.094996102617563,2364.6489881878115,135.27287723325526,9.349413812370756,0.464526588444011,12.647221068437304,5.383322009408912
116.28237805828046,5.3939338911466335,2364.6489881878115,135.27287723325526,8.530683084041051,0.48450990857616855,11.539700455432925,5.048302620292704
120.0,3.9989744384214685,2364.6489881878115,135.27287723325526,7.702673584208953,0.5,10.41962818124536,4.651319571678152
110.36960711287695,4.041531562361431,2364.6489881878115,135.27287723325526,6.898700475510421,0.4598733629703206,9.332070624927209,3.946063062897219
115.73444825090776,4.449281541870912,2364.6489881878115,135.27287723325526,6.081337319129039,0.48222686771211565,8.22639996584556,3.5878595995046862
120.0,3.952981496701203,2364.6489881878115,135.27287723325526,5.253327819296941,0.5,7.106327691657996,3.1722630116938255
120.0,3.4051623543845233,2364.6489881878115,135.27287723325526,4.425318319464843,0.5,5.986255417470432,2.672263011693826
120.0,5.1169623219637455,2364.6489881878115,135.27287723325526,3.5973088196327447,0.5,4.866183143282867,2.172263011693826
120.0,4.395027783907144,2364.6489881878115,135.27287723325526,2.7692993198006466,0.5,3.7461108690953013,1.672263011693826
118.31461676883337,5.170002108948138,2364.6489881878115,135.27287723325526,1.9454963493416584,0.4929775698701391,2.6317288882224044,1.164217776436659
120.0,4.600323354084874,2364.6489881878115,135.27287723325526,1.11748684950956,0.5,1.511656614034839,0.6748031572923748
120.0,4.951451042190893,2364.6489881878115,135.27287723325526,0.28947734967746164,0.5,0.39158433984727375,0.17480315729237475
50.628608682597594,0.20880566342174123,1452.3229010764867,150.31826501231313,93.10470180792836,0.21095253617748996,139.95337240256566,38.513356265689026
44.38793637465614,0.8564621362114158,1452.3229010764867,150.31826501231313,92.60472719693648,0.18494973489440059,139.2018192418206,34.25617895089379
53.074735642659974,-4.393110119899746,1452.3229010764867,150.31826501231313,92.09083874842489,0.22114473184441655,138.42935104191926,39.63000900162942
52.94856277869816,-4.11110249364611,1452.3229010764867,150.31826501231313,91.57715239376563,0.220619011577909,137.65718662599048,39.330732967656616
58.04086089788791,-3.2457444971430114,1452.3229010764867,150.31826501231313,91.05530959316509,0.24183692040786628,136.87276158203608,42.1976419593302
66.48974300917033,-4.017052866735087,1452.3229010764867,150.31826501231313,90.51993403218955,0.277040595871543,136.06799432747772,46.84131718085036
69.27019974519878,-4.319298332539502,1452.3229010764867,150.31826501231313,89.98010495248266,0.2886258322716616,135.2565326208304,48.10889901281838
75.83849734523064,-8.580845667971328,1452.3229010764867,150.31826501231313,89.4297552859902,0.315993738938461,134.42925655065787,51.34779662042044
84.71824188306577,-8.804565143755468,1452.3229010764867,150.31826501231313,88.86518273729403,0.35299267451277405,133.580600890722,55.561962050665905
93.70442119011358,-7.2216898148812545,1452.3229010764867,150.31826501231313,88.28621682748249,0.3904350882921399,132.71030938008053,59.53724783767935
86.96888035161582,-7.867530081348418,1452.3229010764867,150.31826501231313,87.71803938163136,0.36237033479839925,131.85623490128583,55.94452143549092
92.9865129843005,-7.635581303747345,1452.3229010764867,150.31826501231313,87.14022336118892,0.3874438041012521,130.98767188439356,58.43025882778349
97.58408328950242,-7.574661403161708,1452.3229010764867,150.31826501231313,86.55504331123015,0.4066003470395934,130.10803938609735,60.140995324178824
94.91210450483293,-4.17771082169605,1452.3229010764867,150.31826501231313,85.97414302848125,0.3954671021034705,129.2348401596176,58.52974462055807
103.04649712817135,-5.384996424094471,1452.3229010764867,150.31826501231313,85.38021371008979,0.42936040470071396,128.34205591281207,61.72263597170302
92.78912581691394,-4.3980084500354195,1452.3229010764867,150.31826501231313,84.80271384901638,0.3866213575704747,127.47396814119803,56.773243707844735
102.8762789092868,-5.08478511472502,1452.3229010764867,150.31826501231313,84.20905717289136,0.4286511621220283,126.58159372551712,60.803342521087345
94.21587961431061,-5.7120907044704925,1452.3229010764867,150.31826501231313,83.62927204886837,0.39256616505962755,125.71007078628628,56.62446526249749
87.9888460856686,-4.434425107816884,1452.3229010764867,150.31826501231313,83.05946090145912,0.3666201920236192,124.85354055565392,53.44099644860091
88.88656230846364,-4.636181501723155,1452.3229010764867,150.31826501231313,82.48821186222372,0.37036067628526514,123.99484891097578,53.47998479217839
81.37086033832279,-4.341648022599267,1452.3229010764867,150.31826501231313,81.92900088819886,0.3390452514096783,123.15425267706314,49.6729141489421
76.45050855415664,-4.7591130915113595,1452.3229010764867,150.31826501231313,81.37767094988722,0.31854378564231933,122.32550307929962,47.017855497771336
68.23382943979158,-3.76675289205813,1452.3229010764867,150.31826501231313,80.83950184730134,0.28430762266579823,121.51653662146019,42.7064401825738
61.1029100383083,-4.067050790876681,1452.3229010764867,150.31826501231313,80.31275449521955,0.25459545849295123,120.72473914081256,38.81796932197472
57.916876176189945,-3.9841321967251875,1452.3229010764867,150.31826501231313,79.79111028367574,0.24132031740079143,119.94061261248274,36.912546201619044
54.412171369811084,-4.28509233144387,1452.3229010764867,150.31826501231313,79.27507963493291,0.22671738070754618,119.16492429436073,34.82940103267236
60.57486646199004,-4.159334160686035,1452.3229010764867,150.31826501231313,78.74917806186563,0.2523952769249585,118.37439817405354,37.79399344370298
63.13787410112652,-3.95422902882794,1452.3229010764867,150.31826501231313,78.21917126306994,0.2630744754213605,117.57770114965655,38.82491223637625
72.28717894054375,-5.375863638909573,1452.3229010764867,150.31826501231313,77.67450982140448,0.3011965789189323,116.75897552035399,42.953833037775276
75.53696780330432,-3.6809781327225375,1452.3229010764867,150.31826501231313,77.12464312141375,0.3147373658471013,115.93242543704746,44.14525742028118
84.11620776324715,-2.4861618604672047,1452.3229010764867,150.31826501231313,76.56103486401362,0.3504841990135298,115.08521928305746,47.61007779364446
84.64269126519461,-2.7899042575919495,1452.3229010764867,150.31826501231313,75.99658332640442,0.3526778802716442,114.23674552488798,47.483817705533546
87.72052526211982,-3.772421868515418,1452.3229010764867,150.31826501231313,75.42720195436199,0.36550218859216593,113.38086132513048,48.418878360580706
83.31115787720688,-3.84392988161008,1452.3229010764867,150.31826501231313,74.86488316307752,0.347129824488362,112.53559347423347,46.215481601420805
77.79095903056262,-2.5739403278065565,1452.3229010764867,150.31826501231313,74.31140619574442,0.32412899596067757,111.70361649969558,43.518489296334025
74.10306570771664,-1.9818962600010896,1452.3229010764867,150.31826501231313,73.76383620828976,0.30876277378215267,110.88051879482559,41.59381849679934
80.39600398879041,-2.9677932156749756,1452.3229010764867,150.31826501231313,73.20618668312932,0.3349833499532934,110.04226970375501,43.97538695180511
73.82299606680799,-3.6257364075923917,1452.3229010764867,150.31826501231313,72.65906528938076,0.3075958169450333,109.219846317161,40.84948020954337
75.70899172097549,-2.468849483858601,1452.3229010764867,150.31826501231313,72.10892305489612,0.3154541321707312,108.39288205518372,41.34759398241275
66.98222335232433,-4.279848328226556,1452.3229010764867,150.31826501231313,71.57275867731911,0.27909259730135133,107.58692906519589,37.256162383534736
70.80364825091982,-2.4717479799580673,1452.3229010764867,150.31826501231313,71.03047343940075,0.2950152010454993,106.77177530413911,38.64215349567856
77.7942597520678,4.785901825666922,1452.3229010764867,150.31826501231313,70.4769911852294,0.32414274896694917,105.9397903825177,41.274323593087004
76.97296619967744,4.870607712251975,1452.3229010764867,150.31826501231313,69.9248244150115,0.32072069249865603,105.10978287355162,40.6151534623849
84.67137732961895,4.664863229985682,1452.3229010764867,150.31826501231313,69.36032693030174,0.35279740554007893,104.26124004849777,43.34854282123766
90.3947755933981,4.11447163311229,1452.3229010764867,150.31826501231313,68.78666215266325,0.37664489830582537,103.39891710776486,45.16251717237911
82.11395815227345,5.471300259151667,1452.3229010764867,150.31826501231313,68.2262609425197,0.3421414923011394,102.55653173156905,41.65414761867011
75.21123518828627,3.638642875697145,1452.3229010764867,150.31826501231313,67.6769159756254,0.31338014661785946,101.73076590840108,38.607074114081975
81.50846220129714,4.5120959002297,1452.3229010764867,150.31826501231313,67.11748460166902,0.3396185925054047,100.88983837313529,40.74556185813627
79.14582126095934,3.7808843699599337,1452.3229010764867,150.31826501231313,66.561837521691,0.32977425525399723,100.05459932292077,39.504176640183125
87.15846519593946,4.632920416041495,1452.3229010764867,150.31826501231313,65.99335641362336,0.36316027164974773,99.20006838435071,42.15824396296119
86.94113867555559,5.3983542188407085,1452.3229010764867,150.31826501231313,65.42522340222517,0.36225474448148165,98.34606069865475,41.716635208168945
95.90709511064654,3.8971957454012993,1452.3229010764867,150.31826501231313,64.84272942113057,0.3996128962943606,97.47046585247219,44.48456421629727
91.67516753388098,5.325029470062735,1452.3229010764867,150.31826501231313,64.26701381154906,0.38197986472450407,96.60506013674421,42.64033288906002
92.42543136202829,5.481789934664132,1452.3229010764867,150.31826501231313,63.690096487886265,0.3851059640084512,95.73784802525881,42.514646379547344
94.35538690359553,5.5125530153734985,1452.3229010764867,150.31826501231313,63.110087911968506,0.39314744543164803,94.86598919701662,42.77793617843889
101.15254874509397,5.20437464236669,1452.3229010764867,150.31826501231313,62.519192172374005,0.4214689531045582,93.97776497322648,44.593143440018224
92.10621694484796,3.947151655795711,1452.3229010764867,150.31826501231313,61.942786141466755,0.3837759039368665,93.11132142814037,41.242019460470296
85.2621798342818,4.793397478841808,1452.3229010764867,150.31826501231313,61.377342355386084,0.3552590826428408,92.26135613928398,38.56238034088002
80.90098345141892,5.460660682032485,1452.3229010764867,150.31826501231313,60.81888399350949,0.3370874310475788,91.42189121889488,36.71049224809194
88.65753141716765,7.4138748688104235,1452.3229010764867,150.31826501231313,60.248001798091956,0.3694063809048652,90.56375100747904,38.985269604888266
91.84153063112687,8.500184793531563,1452.3229010764867,150.31826501231313,59.67201972107718,0.38267304429636195,89.69794474252855,39.645111119301674
99.15191182322731,7.963886878688971,1452.3229010764867,150.31826501231313,59.08432844565964,0.4131329659301138,88.81453741369216,41.53487531936215
96.25589852940016,7.786172972987387,1452.3229010764867,150.31826501231313,58.501275778454634,0.4010662438725006,87.93810276024159,40.24145374497451
94.39535660016288,7.093500457959531,1452.3229010764867,150.31826501231313,57.921203182194446,0.393313985834012,87.0661476977314,39.27304864040181
96.75559737373025,7.536298330364058,1452.3229010764867,150.31826501231313,57.33735013635581,0.4031483223905427,86.18850992900522,39.59122365215772
106.0939063712887,1.5937724548429557,1452.3229010764867,150.31826501231313,56.73853971552873,0.4420579432137029,85.28838849370503,41.88591463213489
95.86447176309555,2.2376560752545624,1452.3229010764867,150.31826501231313,56.156114005187725,0.39943529901289815,84.41289627093478,38.512609918836695
97.68216009845834,1.2575637990291093,1452.3229010764867,150.31826501231313,55.570776863446106,0.40700900041024307,83.5330276349961,38.64064780839723
105.35634864964211,2.144904632607947,1452.3229010764867,150.31826501231313,54.973147805049976,0.4389847860401755,82.63468200320561,40.38019100329467
100.7638789717909,0.7142104470272492,1452.3229010764867,150.31826501231313,54.38287460638312,0.41984949571579544,81.74739357213691,38.6814487437906
107.6461000180409,1.4867570349049646,1452.3229010764867,150.31826501231313,53.78157800283975,0.44852541674183705,80.84353495011256,40.117314058664014
97.51406554313347,0.8769639644059253,1452.3229010764867,150.31826501231313,53.19651010184591,0.4063086064297228,79.96407103219465,36.94306224916831
96.72974884567591,1.9657775186568975,1452.3229010764867,150.31826501231313,52.61269845816339,0.4030406201903163,79.08649549847124,36.32173980414094
91.74205844407781,2.2329919205363673,1452.3229010764867,150.31826501231313,52.03687570793925,0.3822585768503242,78.22092873078813,34.544557407833096
92.83162148773795,2.2291028379620363,1452.3229010764867,150.31826501231313,51.45930778061487,0.38679842286557475,77.35273864316653,34.46240372713245
95.49717077025505,1.9248679553172903,1452.3229010764867,150.31826501231313,50.877470384355675,0.3979048782093961,76.4781307639169,34.79390253539269
89.92682345879163,1.4894013887715403,1452.3229010764867,150.31826501231313,50.30455513594735,0.3746950977449651,75.61693450251852,32.899927617648316
92.52661512768415,-3.194385986460105,1452.3229010764867,150.31826501231313,49.7274757440208,0.3855275630320173,74.74947877283091,33.22127389668776
90.59780700646115,-3.4832118648242782,1452.3229010764867,150.31826501231313,49.15348576650079,0.3774908625269215,73.88666699727828,32.32633402131919
84.41217320645043,-2.8178269430701293,1452.3229010764867,150.31826501231313,48.589403454738274,0.35171738836021016,73.0387482529955,30.296532489527742
77.47962082348913,5.8416592745764095,1452.3229010764867,150.31826501231313,48.0364251646617,0.3228317534312047,72.20752088145765,28.043928021707835
86.19379284815665,6.988497096339875,1452.3229010764867,150.31826501231313,47.469489193518804,0.35914080353398603,71.35531256590494,30.070821680163053
79.11035279840058,6.0427720541494905,1452.3229010764867,150.31826501231313,46.91389892415767,0.3296264699933358,70.52015891242405,27.83357403609008
77.46930638328593,7.357397195723616,1452.3229010764867,150.31826501231313,46.36093715494691,0.3227887765970247,69.68895637476504,27.062974367099713
84.8630043596337,6.297142222358289,1452.3229010764867,150.31826501231313,45.79613273700688,0.3535958514984738,68.83995217300469,28.670672601216186
89.61764023623925,6.930425268577869,1452.3229010764867,150.31826501231313,45.223712714168954,0.3734068343176635,67.97950032609164,29.500790899955348
97.61858300043099,5.986158084384466,1452.3229010764867,150.31826501231313,44.638477405264105,0.4067440958351291,67.09978476350642,31.02416558843166
90.35663529531361,6.4974381265069745,1452.3229010764867,150.31826501231313,44.06487371778025,0.37648598039714004,66.23755365243403,28.92207205899737
84.12364129751587,6.743595424415239,1452.3229010764867,150.31826501231313,43.50125355392472,0.35051517207298283,65.39032960086685,27.053413544574358
77.23991744007498,6.286491141485973,1452.3229010764867,150.31826501231313,42.94865920203146,0.32183298933364574,64.55967935854486,25.013457577886328
72.42698981301044,7.383574204291558,1452.3229010764867,150.31826501231313,42.40377382221537,0.3017791242208768,63.740617109299556,23.484890954584632
75.62956886919494,7.400042006638419,1452.3229010764867,150.31826501231313,41.85375880105993,0.3151232036216456,62.9138440721916,23.979509740099203
75.57355525705228,6.88622099919575,1452.3229010764867,150.31826501231313,41.30383349813951,0.31488981357105117,62.08720589797791,23.65076922434493
79.56494533756417,7.517259651375413,1452.3229010764867,150.31826501231313,40.74751509790619,0.331520605573184,61.25095773080293,24.282211185527345
81.72407701026862,6.850685630237549,1452.3229010764867,150.31826501231313,40.18773836896619,0.3405169875427859,60.40951106391764,24.446546092531136
78.06163287287302,5.849442139233007,1452.3229010764867,150.31826501231313,39.63382785738433,0.3252568036369709,59.57688239318697,23.273023160322975
73.00576640332865,6.999719981298654,1452.3229010764867,150.31826501231313,39.08801543836894,0.3041906933472027,58.75642663470129,21.784426487057164
66.8757913462143,5.9607531717903015,1452.3229010764867,150.31826501231313,38.5520215352779,0.27864913060922625,57.95072989900307,20.042181864536442
74.65911105262605,6.985238753450471,1452.3229010764867,150.31826501231313,38.003560917759856,0.31107962938594186,57.12629341447412,21.555118577413307
76.08747535944148,6.233238005258086,1452.3229010764867,150.31826501231313,37.45281245770386,0.3170311473310062,56.298417884735905,21.559221614585404
73.95260535734573,7.1998703910220065,1452.3229010764867,150.31826501231313,36.905483465902904,0.3081358556556072,55.475682440351335,20.77708818005648
78.92087466058241,5.96454150864048,1452.3229010764867,150.31826501231313,36.350196687844125,0.3288369777524267,54.640984989730605,21.526334304815208
70.42518543750877,7.351117900618689,1452.3229010764867,150.31826501231313,35.80851764214117,0.2934382726562865,53.826742446294666,19.398183567643887
74.85335861771118,6.410512172894578,1452.3229010764867,150.31826501231313,35.25974589402418,0.31188899424046324,53.001838275647465,20.039527766864943
68.97237384117852,7.502838036094755,1452.3229010764867,150.31826501231313,34.720393848620695,0.2873848910049105,52.19109363868852,18.50019238245196
68.26414017278552,6.218252386908784,1452.3229010764867,150.31826501231313,34.18217619666686,0.28443391738660634,51.38205420228151,18.06438388841812
58.86425187930419,7.653240819639465,1452.3229010764867,150.31826501231313,33.65901455261464,0.24526771616376747,50.59564669573232,15.779959638667258
66.12159571629114,6.919096952480814,1452.3229010764867,150.31826501231313,33.124228661258314,0.27550664881787973,49.79176582231486,17.064670890989866
65.12004849366751,6.571092981207496,1452.3229010764867,150.31826501231313,32.5910469701251,0.27133353539028127,48.9902963548401,16.58542321226357
73.49376718697096,6.338725610405907,1452.3229010764867,150.31826501231313,32.04445290951726,0.3062240299457123,48.16866564627404,17.952594465526705
72.72134970060378,5.949215308261731,1452.3229010764867,150.31826501231313,31.49909604699253,0.3030056237525158,47.348894672401286,17.501206826615434
69.85055696534167,7.182040130627938,1452.3229010764867,150.31826501231313,30.958337396356765,0.2910439873555903,46.536035650861606,16.66221695601558
65.68864528825053,6.909636605942845,1452.3229010764867,150.31826501231313,30.42424497122706,0.27370268870104386,45.733197183844446,15.591304535543271
64.45627943981694,7.073105582121767,1452.3229010764867,150.31826501231313,29.89212645359204,0.26856783099923726,44.93332586032625,15.086984007390999
63.969016772680384,6.71791663455946,1452.3229010764867,150.31826501231313,29.36078839529202,0.2665375698861683,44.13462770973954,14.728388201404346
61.156879680734185,6.3329858821428395,1452.3229010764867,150.31826501231313,28.833954598846486,0.2548203320030591,43.34270028742411,13.946481667295254
60.224687570100116,7.144882968590203,1452.3229010764867,150.31826501231313,28.3086139150152,0.25093619820875046,42.5530172860851,13.521998525959635
63.70432190514734,5.680428654229169,1452.3229010764867,150.31826501231313,27.77769982430848,0.2654346746047806,41.754956436228866,13.887679463017998
60.17957225692645,6.453110578965282,1452.3229010764867,150.31826501231313,27.25243140266696,0.2507482177371935,40.96538205815977,13.009536308823701
61.77485333540108,7.508484243621384,1452.3229010764867,150.31826501231313,26.72460778422172,0.25739522223083783,40.17196675258767,13.032358006096686
70.11062380000713,7.125086658342466,1452.3229010764867,150.31826501231313,26.183432578814728,0.2921275991666964,39.35848157314305,14.133876091828325
60.769053083571265,6.0340760615817945,1452.3229010764867,150.31826501231313,25.657219972763063,0.2532043878482136,38.567487913450115,12.345809663960384
54.53268111785152,7.71221917291937,1452.3229010764867,150.31826501231313,25.140996300905268,0.22721950465771465,37.79150944633062,11.065987550580164
46.79078175803229,6.51951065947692,1452.3229010764867,150.31826501231313,24.637172999593986,0.19496159065846785,37.03417100107175,9.53370442539543
42.916148286308506,6.282365681080858,1452.3229010764867,150.31826501231313,24.13955578396636,0.17881728452628542,36.28616143613772,8.674478453313448
45.417919235290164,6.435315389139033,1452.3229010764867,150.31826501231313,23.637931426764297,0.18924133014704234,35.53212840551241,8.917576510989717
44.25330046921732,7.616934288339558,1452.3229010764867,150.31826501231313,23.13817246506449,0.18438875195507218,34.7808994050417,8.536952951965619
36.99169234596534,7.92859524785334,1452.3229010764867,150.31826501231313,22.650044580869928,0.15413205144152226,34.04715403847913,7.152014768121536
33.266755160082155,6.306334043122564,1452.3229010764867,150.31826501231313,22.16788301052429,0.13861147983367564,33.32237713137944,6.37280790890462
30.61162868683258,6.5980242200709895,1452.3229010764867,150.31826501231313,21.689974214670528,0.1275484528618024,32.60399292111082,5.7888088223012595
21.0582486933275,6.960062247815919,1452.3229010764867,150.31826501231313,21.227367277751533,0.08774270288886458,31.90861019970759,4.026196823958792
23.371719420207842,6.177282878335994,1452.3229010764867,150.31826501231313,20.76105480386693,0.09738216425086602,31.20765737942826,4.335625920724831
22.634046251355247,7.949653320967449,1452.3229010764867,150.31826501231313,20.295923877327606,0.09430852604731353,30.50848064061865,4.115139536905022
20.0,6.136697171421596,1452.3229010764867,150.31826501231313,19.835011960624936,0.08333333333333333,29.815645844196197,3.5861899063279927
20.0,7.353313443635939,1452.3229010764867,150.31826501231313,19.374100043922265,0.08333333333333333,29.122811047773745,3.5028565729946597
26.966276257760228,7.209297099799435,1452.3229010764867,150.31826501231313,18.90203008926137,0.11235948440733429,28.413203682283076,4.498956847628543
30.87844871396603,6.186365412554589,1452.3229010764867,150.31826501231313,18.423693921899417,0.12866020297485845,27.694177054578194,4.955502764114821
25.001536378559628,7.7026747223882435,1452.3229010764867,150.31826501231313,17.95477093433242,0.10417306824399845,26.989300155423578,3.988722300760163
20.0,7.5920447541250935,1452.3229010764867,150.31826501231313,17.49385901762975,0.08333333333333333,26.296465359001125,3.162907123841842
20.272281295446806,6.475899133202747,1452.3229010764867,150.31826501231313,17.032510981985265,0.08446783873102835,25.60297499615195,3.1184686606522454
29.354447614874662,6.44861883953047,1452.3229010764867,150.31826501231313,16.556615840715708,0.12231019839531108,24.887617676517653,4.255229340712822
29.61803535013389,6.776583820131458,1452.3229010764867,150.31826501231313,16.080298505170973,0.12340848062555787,24.171625721773932,4.166225032013771
32.69356431828433,7.367230981394389,1452.3229010764867,150.31826501231313,15.599055027208326,0.13622318465951805,23.448228875215566,4.415546497339383
27.26991087454853,6.772893337718312,1452.3229010764867,150.31826501231313,15.126498734300972,0.1136246286439522,22.737890454510726,3.6371175818943637
33.58997736345575,6.777670088583024,1452.3229010764867,150.31826501231313,14.64381945184046,0.13995823901439897,22.012335331542207,4.24613870410331
32.287663897126556,6.919903198919133,1452.3229010764867,150.31826501231313,14.163226113513247,0.13453193290469398,21.28991576360398,3.964695373950167
31.255865656478644,6.440028396417763,1452.3229010764867,150.31826501231313,13.68428542913032,0.130232773568661,20.569980436401465,3.7210086840648913
36.73953559996058,6.880971026098162,1452.3229010764867,150.31826501231313,13.196561429943939,0.15308139833316908,19.836842182775833,4.141990306516358
38.87278228244866,6.986990917784626,1452.3229010764867,150.31826501231313,12.70542056260925,0.16196992617686942,19.098567752231897,4.1900321627471895
45.901752227319484,2.1157076745313086,1452.3229010764867,150.31826501231313,12.20302123945827,0.1912573009471645,18.343369806237742,4.645541500776115
42.90645603484063,2.409181148484727,1452.3229010764867,150.31826501231313,11.705419548123077,0.17877690014516928,17.595383577150752,4.205489366599564
40.76861415049339,2.685978156352647,1452.3229010764867,150.31826501231313,11.211242085172115,0.1698692256270558,16.852544588761003,3.853767429929583
41.11664831006619,1.8592695896447,1452.3229010764867,150.31826501231313,10.71650716825011,0.1713193679586091,16.108867645233737,3.710967574738523
46.59485292568198,1.8769238058499877,1452.3229010764867,150.31826501231313,10.212997690460547,0.1941452205236749,15.352000934047904,3.937968948522831
41.27889679864648,3.218487043042665,1452.3229010764867,150.31826501231313,9.718002896564496,0.17199540332769367,14.607933347962085,3.3767058731638118
47.23820639339429,4.3963588386849555,1452.3229010764867,150.31826501231313,9.213462945370251,0.19682585997247623,13.849517647032926,3.5942600050890268
41.753941450930846,6.051317786765791,1452.3229010764867,150.31826501231313,8.71770726200242,0.1739747560455452,13.104306305094466,3.059291189321671
47.87623216345711,4.9654833992733876,1452.3229010764867,150.31826501231313,8.212145370894042,0.19948430068107129,12.344354441816911,3.2403432798555465
54.94427988481702,4.913672907328959,1452.3229010764867,150.31826501231313,7.695262432234958,0.22893449952007092,11.567384976279916,3.4083366306684537
53.44510576904507,6.129566069389815,1452.3229010764867,150.31826501231313,7.1807807537428285,0.22268794070435446,10.794025043364321,3.108124828443073
40.845743768975794,0.17193835739979102,2057.0927221632483,157.2089377147254,35.219312254952655,0.17019059903739914,55.367906666443176,7.51157880698495
43.09619488956983,-0.312212313495267,2057.0927221632483,157.2089377147254,34.419658992228584,0.17956747870654097,54.11078026671352,7.729164215648411
49.78834635541725,5.694270511226111,2057.0927221632483,157.2089377147254,33.6149928232635,0.20745144314757186,52.84577313033373,8.66630043804399
55.84081077423793,5.404576361862581,2057.0927221632483,157.2089377147254,32.80579291999586,0.23267004489265805,51.57363855841808,9.432681937568328
60.19861327805056,5.186179814676833,2057.0927221632483,157.2089377147254,31.99332870696477,0.25082755532521067,50.296372199799606,9.877122336681685
69.15283003784239,-6.7129441597937,2057.0927221632483,157.2089377147254,31.17415713691889,0.2881367918243433,49.00856127646944,10.965250691935838
72.661902743631,-7.0940610287681825,2057.0927221632483,157.2089377147254,30.352357017211993,0.3027579280984625,47.71661803813989,11.182058146588556
62.722249387880424,-7.324560549168362,2057.0927221632483,157.2089377147254,29.5380024179173,0.2613427057828351,46.4363798233577,9.47933674348285
62.33060899380921,-7.774927368889838,2057.0927221632483,157.2089377147254,28.723941185648997,0.25971087080753835,45.156602807761296,9.163831272941293
62.18435044270046,-6.47886405979272,2057.0927221632483,157.2089377147254,27.90998951163074,0.2591014601779186,43.876998027525964,8.884457476835061
65.12570509781915,-7.491674753945112,2057.0927221632483,157.2089377147254,27.093834549898073,0.27135710457424644,42.593929482080014,9.008221281490199
59.85449685088192,-6.5895261910289715,2057.0927221632483,157.2089377147254,26.28162810499943,0.24939373687867467,41.31706835800433,8.069959904318859
70.24108807733859,-6.690589497983323,2057.0927221632483,157.2089377147254,25.461641350846335,0.29267120032224414,40.027975892398786,9.08781647823471
67.45078638595949,-6.081805076552947,2057.0927221632483,157.2089377147254,24.643744734795224,0.2810449432748312,38.74216931070014,8.468062717399896
77.01096800210041,-7.323551599352791,2057.0927221632483,157.2089377147254,23.818686850154585,0.32087903334208506,37.445104574725015,9.263492118840094
81.47540840721146,-6.372776115078542,2057.0927221632483,157.2089377147254,22.990284776237356,0.3394808683633811,36.14278247431299,9.42146583826432
87.31413147809869,-5.950229652772778,2057.0927221632483,157.2089377147254,22.157509075771035,0.36380888115874455,34.833584642063514,9.67979562997227
96.38648053724559,-6.911882971553377,2057.0927221632483,157.2089377147254,21.31793752863996,0.4016103355718566,33.51370313146367,10.197468070270757
90.3369388020052,-7.064084913423034,2057.0927221632483,157.2089377147254,20.48289752650971,0.3764039116750217,32.20094561462168,9.232902294199672
84.9637634117955,-6.576172919010725,2057.0927221632483,157.2089377147254,19.651882421990504,0.35401568088248125,30.894515596558122,8.371778681770802
76.97013233808093,-7.868362810340256,2057.0927221632483,157.2089377147254,18.826855126220433,0.3207088847420039,29.597498949021467,7.3184726634937585
82.81821582574247,-7.778608320961974,2057.0927221632483,157.2089377147254,17.997447192271018,0.34507589927392696,28.293595546737944,7.487853709013009
91.61397600685848,1.992105267215529,2057.0927221632483,157.2089377147254,17.161450596763157,0.381724900028577,26.979334179608763,7.836100109253579
96.44242714854902,7.3395454661012725,2057.0927221632483,157.2089377147254,16.32183714156733,0.40184344645228753,25.659386785785504,7.811717700344151
97.09444198554704,5.592377048372228,2057.0927221632483,157.2089377147254,15.481735280025305,0.4045601749397793,24.338671573533652,7.455397755888778
98.21074408943566,7.048254937064341,2057.0927221632483,157.2089377147254,14.640797227340268,0.40921143370598195,23.016641794068608,7.124403045942798
96.16450714213768,5.70545841472209,2057.0927221632483,157.2089377147254,13.801391954362334,0.40068544642557363,21.697021681298605,6.588017819937324
89.01578542368485,5.593693121846515,2057.0927221632483,157.2089377147254,12.967341591819489,0.3708991059320202,20.385819966339184,5.766528759795227
90.576458067549,6.72346452963436,2057.0927221632483,157.2089377147254,12.132122172408083,0.3774019086147875,19.072780389495414,5.482015811654951
91.99289806006652,6.181932768391058,2057.0927221632483,157.2089377147254,11.295841736832482,0.38330374191694383,17.758072800410933,5.1773761786611425
89.0820697219254,6.926859987954179,2057.0927221632483,157.2089377147254,10.461741722548487,0.37117529050802245,16.44679302847669,4.655484901795833
82.59096829204442,2.423905877028289,2057.0927221632483,157.2089377147254,9.632504013464088,0.34412903455018506,15.143157234895183,3.9974355605634884
85.45584596062896,1.8847245664919385,2057.0927221632483,157.2089377147254,8.801120303468341,0.356066024835954,13.836147736077596,3.7693544904494365
85.18576319709668,2.187351395270322,2057.0927221632483,157.2089377147254,7.969938905027827,0.3549406799879028,12.529456289106864,3.4034153552042854
79.6855227734846,0.986594612566446,2057.0927221632483,157.2089377147254,7.142877585113223,0.33202301155618585,11.229241973819729,2.8675016832262723
79.27951859695003,1.229557349230543,2057.0927221632483,157.2089377147254,6.316120391738614,0.33033132748729177,9.929505772635428,2.5236096526192564
76.86451046838022,1.5698918090492286,2057.0927221632483,157.2089377147254,5.491172214400414,0.3202687936182509,8.632613506345054,2.1318322156072766
77.8245566830678,1.5201966216108247,2057.0927221632483,157.2089377147254,4.665504892899708,0.32426898617944916,7.334590681156169,1.832310062709143
81.38480937636083,-5.333140188537344,2057.0927221632483,157.2089377147254,3.8371706842197657,0.33910337240150346,6.0323752709627545,1.5708605365613637
80.91847566349955,-4.200589323874255,2057.0927221632483,157.2089377147254,3.0091857932729207,0.33716031526458146,4.730709019466792,1.225358145834489
87.95273927743503,-4.2138360083049555,2057.0927221632483,157.2089377147254,2.1759317293028464,0.3664697469893126,3.420759157034659,0.956986812046644
91.03716239600176,-4.738542756000302,2057.0927221632483,157.2089377147254,1.3403672089750693,0.3793215099833407,2.10717705070622,0.6084869585428677
80.98893526237987,-4.4825211668571,2057.0927221632483,157.2089377147254,0.5123295386844262,0.3374538969265828,0.8054278253645396,0.20879194937951806
68.90369588973714,-0.29785018867686675,1580.0941465298429,103.32333314672611,36.75365691017636,1.148394931495619,37.97510337290624,6.2199787544515175
70.46975983204439,-0.60149525345084,1580.0941465298429,103.32333314672611,29.956272831175795,1.1744959972007398,30.95181957569797,5.176038623440909
78.71327637304445,-0.37842124156851176,1580.0941465298429,103.32333314672611,23.098065546443472,1.3118879395507408,23.865691215000954,4.4183665438036375
78.7389717830115,0.5628977794380288,1580.0941465298429,103.32333314672611,16.23966867305696,1.3123161963835248,16.77936696498716,3.1073705148578914
69.52709571246947,0.008122965367985735,1580.0941465298429,103.32333314672611,9.449239860464324,1.158784928541158,9.763269580860792,1.6125103492979205
69.95058471117734,-0.6075359075619118,1580.0941465298429,103.32333314672611,2.6556864155178355,1.1658430785196223,2.7439437224378422,0.45574288203372504
48.189573719383205,4.642910157372266,1317.167102348628,68.72235236537585,76.88630560702289,0.80315956198972,52.838077859978,13.800464555720303
40.37405920305608,4.491138461214629,1317.167102348628,68.72235236537585,72.51492402263267,0.6729009867176012,49.833961604318205,11.162458134706194
38.0959522958247,2.9480943680341847,1317.167102348628,68.72235236537585,68.1736377996393,0.6349325382637451,46.85052758896318,9.97069961928292
47.03807874440288,4.18867584836956,1317.167102348628,68.72235236537585,63.71421992695381,0.7839679790733813,43.785910725051714,11.200992968234845
49.46767170625286,4.661525895324488,1317.167102348628,68.72235236537585,59.22270545774688,0.8244611951042143,40.69923632498149,10.870903979881934
51.33238952220554,4.1126613647135795,1317.167102348628,68.72235236537585,54.70655678177991,0.8555398253700923,37.595632718539214,10.363617629497474
44.53543429751378,4.311253116965115,1317.167102348628,68.72235236537585,50.280200566050844,0.7422572382918964,34.55373660301917,8.431504604238548
49.17796934226377,3.0983912286647195,1317.167102348628,68.72235236537585,45.79251326461822,0.8196328223710628,31.469692322672415,8.363561088260656
47.35134349529609,4.208851049672876,1317.167102348628,68.72235236537585,41.32895694879774,0.7891890582549349,28.402231423287272,7.307258675660941
53.630391956067186,3.8571903341550016,1317.167102348628,68.72235236537585,36.78245007782316,0.8938398659344531,25.277764951100096,7.231402300565444
58.741133201423125,4.314648985317331,1317.167102348628,68.72235236537585,32.16842679473617,0.9790188866903854,22.106899612276575,6.825604348943213
53.02334778913334,4.887902215879935,1317.167102348628,68.72235236537585,27.629939395336752,0.8837224631522224,18.98794430960312,5.380029941787382
63.28895926146511,4.7219736359895395,1317.167102348628,68.72235236537585,22.95583619746943,1.0548159876910852,15.775790640043441,5.180498163360369
56.320838880714035,4.853773346015281,1317.167102348628,68.72235236537585,18.37378666944954,0.9386806480119005,12.62689841784157,3.7640618836271225
49.62484766291299,3.7890953184856646,1317.167102348628,68.72235236537585,13.880195797592865,0.8270807943818832,9.538797065025861,2.55475936591126
52.14606266699039,3.5319501375766897,1317.167102348628,68.72235236537585,9.353297938927977,0.8691010444498398,6.427806367373521,1.7957023245429047
60.37917205049066,3.732134226350306,1317.167102348628,68.72235236537585,4.7176350343691995,1.0063195341748443,3.2420697716316216,1.0241142179524378
58.22377964319591,4.273989913043363,1317.167102348628,68.72235236537585,0.11044634813777421,0.9703963273865985,0.07590132854193092,0.023262934927422277
54.31951005147541,0.13546555996203846,2413.4348584172767,189.05338500964208,76.38856529209812,0.45266258376229507,144.41516844501209,17.333728614187613
60.96070905554176,0.5079149880242007,2413.4348584172767,189.05338500964208,74.37289476088185,0.5080059087961813,140.60447507510588,18.744070227591536
67.68902032673185,-0.9728608601919682,2413.4348584172767,189.05338500964208,72.33613391696478,0.564075169389432,136.7539097551297,20.033288205657332
62.05206952980665,0.3750845211045819,2413.4348584172767,189.05338500964208,70.3170424480505,0.5171005794150554,132.93674898670636,18.008586511532464
67.28659072650365,0.4025459693499902,2413.4348584172767,189.05338500964208,68.2815430448972,0.5607215893875304,129.088568463194,18.809602833906826
69.73779620181827,0.9373815548612892,2413.4348584172767,189.05338500964208,66.23836018479838,0.5811483016818189,125.22586210424036,18.84036484415417
66.52574377795422,-0.26167691153960404,2413.4348584172767,189.05338500964208,64.205245704015,0.5543811981496185,121.38219035719817,17.50721928219584
58.652084897674136,-0.5227515125072064,2413.4348584172767,189.05338500964208,62.196811699682755,0.48876737414728444,117.58517788632335,15.136057380632815
65.53490079471622,-0.08288303541869602,2413.4348584172767,189.05338500964208,60.166803078231915,0.5461241732893019,113.74737787148297,16.186406916378363
67.85671636425904,-0.5377693903037766,2413.4348584172767,189.05338500964208,58.129516580591705,0.5654726363688254,109.89581878534976,16.134525521936474
76.88975885039085,-0.9887227529992249,2413.4348584172767,189.05338500964208,56.06391544603987,0.6407479904199237,105.99072991968195,17.39098636045077
74.26961438942558,0.6183299519487939,2413.4348584172767,189.05338500964208,54.00652731825537,0.6189134532452132,102.10116802131886,16.24650491024149
70.54116545198856,-0.8590118142948642,2413.4348584172767,189.05338500964208,51.9608262469714,0.587843045433238,98.233700898878,14.931218824202752
66.60180639426386,0.2695138391196392,2413.4348584172767,189.05338500964208,49.92747334315761,0.5550150532855321,94.38957840502617,13.627983232025425
58.66259610537011,-0.24614807214978396,2413.4348584172767,189.05338500964208,47.919006390787104,0.48885496754475094,90.59250364476975,11.663345660876782
64.37496317217453,-0.9707519139799652,2413.4348584172767,189.05338500964208,45.892633666396726,0.5364580264347878,86.76157741639763,12.14952776862733
60.46765919404053,0.8222656215809132,2413.4348584172767,189.05338500964208,43.87850863082372,0.5038971599503377,82.9538058583202,10.97759845661131
60.837769193614584,-0.2199058696723104,2413.4348584172767,189.05338500964208,41.86322346229757,0.5069814099467882,79.14384102962424,10.53145052982991
59.563644908090644,-0.9178244340651496,2413.4348584172767,189.05338500964208,39.851932116072184,0.49636370756742204,75.34142665717916,9.835001187660936
57.47980928558816,-0.4333553692712051,2413.4348584172767,189.05338500964208,37.84717268300067,0.4789984107132347,71.55136108765736,9.042848366784575
59.535926092822535,0.517441735013551,2413.4348584172767,189.05338500964208,35.83596822313624,0.4961327174401878,67.74911097681874,8.84017346393675
50.5643780087441,-0.6567749041020488,2413.4348584172767,189.05338500964208,33.85288564213221,0.42136981673953416,64.00002622989405,7.1931367638293295
44.6141243508061,0.7385658460477773,2413.4348584172767,189.05338500964208,31.888454503553607,0.37178436959005084,60.28620266622776,6.035146115319194
37.156496446223414,-0.45340426654204746,2413.4348584172767,189.05338500964208,29.94739976629986,0.3096374703851951,56.616572980559525,4.777215670574394
40.342983527492926,-2.007973163739709,2413.4348584172767,189.05338500964208,27.99635678589678,0.3361915293957744,52.928060183114496,4.824157181517285
42.10227154380303,-1.9864364589655996,2413.4348584172767,189.05338500964208,26.039799207119867,0.35085226286502524,49.22912185077405,4.669488174265786
51.09542264040216,-2.5934339206554484,2413.4348584172767,189.05338500964208,24.055052033488007,0.42579518867001803,45.47689013513982,5.160619727863617
54.44452343488442,-0.3056304657871578,2413.4348584172767,189.05338500964208,22.059806893847266,0.45370436195737013,41.70481165940864,5.016241068743012
50.2181919322649,-0.7086498338995493,2413.4348584172767,189.05338500964208,20.077809454762406,0.41848493276887416,37.95777841001429,4.239289402766361
46.36698031511165,-0.982160633650446,2413.4348584172767,189.05338500964208,18.107883879479463,0.38639150262593036,34.23356742777123,3.55177502610117
44.07031751760421,0.21058902144993952,2413.4348584172767,189.05338500964208,16.14515733744802,0.3672526459800351,30.522966461578083,3.0209770056937315
50.610673735520926,-1.2024713276121126,2413.4348584172767,189.05338500964208,14.16192963959147,0.4217556144626744,26.77360736633148,3.0116931825722664
59.4775530724274,8.028490244752536,2413.4348584172767,189.05338500964208,12.150908153612134,0.4956462756035616,22.971703173816337,2.994772762761365
66.76967657595335,6.765265405031003,2413.4348584172767,189.05338500964208,10.117029050209428,0.5564139714662779,19.126585881829765,2.767743817146709
68.07480075741438,6.632583539978258,2413.4348584172767,189.05338500964208,8.079058953392334,0.5672900063117865,15.273734428312768,2.2488894276816103
73.81430368075394,7.354215993145856,2413.4348584172767,189.05338500964208,6.023098025515044,0.6151191973396162,11.386870699685108,1.8020397045083199
80.34870964894793,6.854630703294512,2413.4348584172767,189.05338500964208,3.9466545932427395,0.6695725804078995,7.461284103163921,1.272643241277417
70.89116787917546,6.663913046891674,2413.4348584172767,189.05338500964208,1.8998564174494943,0.5907597323264622,3.591742867511185,0.5483484800333085
57.35497439067313,-0.45333208052763774,1797.7043062357386,87.88044889742879,22.292795659767272,0.47795811992227605,19.59100889759,4.775814008513704
48.75338334371476,0.30099996902788084,1797.7043062357386,87.88044889742879,20.102996607226096,0.4062781945309563,17.66660366026517,3.7297528084907134
49.65114329548082,-0.8775157868970129,1797.7043062357386,87.88044889742879,17.908893385054846,0.4137595274623402,15.73841589934813,3.377222725665994
57.43167494809744,-0.968520055502434,1797.7043062357386,87.88044889742879,15.677487621175068,0.4785972912341453,13.77744649732748,3.3625453650371955
66.00667966639284,0.38508627641207394,1797.7043062357386,87.88044889742879,13.404970338772326,0.550055663886607,11.780348108280302,3.2446309280771115
60.9210683974115,0.020837019672331536,1797.7043062357386,87.88044889742879,11.156835223931456,0.5076755699784292,9.804676877537418,2.5194449586566483
58.558211100183094,0.19927296372662862,1797.7043062357386,87.88044889742879,8.92002845872226,0.4879850925015258,7.838961051303522,1.9460066824944224
59.00154022014846,0.8800186523746527,1797.7043062357386,87.88044889742879,6.6810962214082705,0.49167950183457054,5.871377350642741,1.467198518608031
68.09370312813535,-0.4896893224912404,1797.7043062357386,87.88044889742879,4.398573031542616,0.5674475260677946,3.8654857252008936,1.0935088835282705
64.18235205611165,0.9723537744456929,1797.7043062357386,87.88044889742879,2.134802202442926,0.5348529338009305,1.8760737585790401,0.5043819835399977
